mission_id,agence_id,client_id,candidat_id,type_contrat,statut_mission,date_debut,date_fin,heures_travaillees,taux_horaire_paye,taux_horaire_facture,coeff_facturation,chiffre_affaires,cout_salarial,marge_brute
MISS-10000,AG-11,CLI-104,CAND-1379,Intérim IA/Data,En cours,2024-03-24,2024-05-23,420,34.01,68.51,2.014,28773.81,14284.45,14489.36
MISS-10001,AG-11,CLI-122,CAND-1274,Intérim IA/Data,Terminée,2025-08-10,2025-08-15,35,53.06,107.84,2.032,3774.26,1857.19,1917.07
MISS-10002,AG-21,CLI-157,CAND-1053,Intérim IA/Data,En cours,2025-02-10,2025-03-02,140,53.01,101.9,1.922,14265.56,7421.04,6844.52
MISS-10003,AG-02,CLI-138,CAND-1179,Recrutement CDI,Terminée,2025-11-21,2025-11-26,35,38.6,71.74,1.859,2510.9,1351.01,1159.88
MISS-10004,AG-15,CLI-129,CAND-1437,Intérim IA/Data,Terminée,2026-01-03,2026-07-02,1260,52.82,95.9,1.816,120840.15,66550.28,54289.87
MISS-10005,AG-22,CLI-160,CAND-1121,Intérim IA/Data,En cours,2025-08-07,2025-11-05,630,65.26,130.18,1.995,82014.65,41112.23,40902.42
MISS-10006,AG-11,CLI-151,CAND-1474,Intérim IA/Data,Terminée,2025-09-01,2025-09-21,140,61.02,112.17,1.838,15704.04,8542.66,7161.39
MISS-10007,AG-02,CLI-159,CAND-1406,Intérim IA/Data,Terminée,2024-07-09,2024-07-14,35,59.11,116.37,1.969,4072.87,2068.77,2004.1
MISS-10008,AG-15,CLI-155,CAND-1038,Intérim IA/Data,Terminée,2026-02-12,2026-02-22,70,60.0,118.09,1.968,8266.49,4200.06,4066.43
MISS-10009,AG-09,CLI-174,CAND-1366,Intérim IA/Data,Terminée,2026-03-24,2026-06-22,630,46.19,91.93,1.991,57918.12,29096.8,28821.31
MISS-10010,AG-19,CLI-125,CAND-1191,Intérim IA/Data,En cours,2025-12-17,2026-06-15,1260,51.61,99.09,1.92,124854.6,65026.41,59828.19
MISS-10011,AG-13,CLI-162,CAND-1178,Intérim IA/Data,Terminée,2026-06-13,2026-07-03,140,53.59,106.37,1.985,14891.23,7502.8,7388.42
MISS-10012,AG-20,CLI-171,CAND-1452,Recrutement CDI,Terminée,2025-12-30,2026-02-28,420,30.78,59.78,1.942,25108.77,12926.74,12182.03
MISS-10013,AG-12,CLI-129,CAND-1406,Intérim IA/Data,Terminée,2026-02-15,2026-08-14,1260,63.13,127.59,2.021,160760.69,79545.6,81215.09
MISS-10014,AG-14,CLI-111,CAND-1479,Intérim IA/Data,Terminée,2024-06-21,2024-07-01,70,55.81,113.72,2.038,7960.51,3906.93,4053.58
MISS-10015,AG-10,CLI-122,CAND-1036,Intérim IA/Data,Terminée,2024-03-01,2024-04-30,420,67.74,134.07,1.979,56307.33,28449.95,27857.38
MISS-10016,AG-05,CLI-157,CAND-1303,Intérim IA/Data,Terminée,2025-01-09,2025-01-29,140,54.23,103.52,1.909,14493.31,7591.82,6901.49
MISS-10017,AG-05,CLI-177,CAND-1426,Intérim IA/Data,Terminée,2025-12-26,2026-01-15,140,73.56,146.83,1.996,20556.2,10298.53,10257.66
MISS-10018,AG-03,CLI-132,CAND-1455,Intérim IA/Data,Terminée,2024-05-13,2024-07-12,420,45.24,81.17,1.794,34091.74,19000.36,15091.38
MISS-10019,AG-10,CLI-123,CAND-1330,Intérim IA/Data,Terminée,2026-04-07,2026-04-27,140,56.0,108.09,1.93,15132.88,7839.74,7293.15
MISS-10020,AG-05,CLI-122,CAND-1267,Intérim IA/Data,Annulée,2025-04-09,2025-06-08,420,44.06,82.48,1.872,34639.78,18506.03,16133.75
MISS-10021,AG-22,CLI-128,CAND-1440,Intérim IA/Data,En cours,2025-12-10,2026-02-08,420,61.77,119.64,1.937,50249.18,25942.2,24306.97
MISS-10022,AG-01,CLI-177,CAND-1245,Recrutement CDI,Terminée,2024-04-09,2024-07-08,630,46.72,85.17,1.823,53658.86,29432.58,24226.28
MISS-10023,AG-17,CLI-175,CAND-1316,Recrutement CDI,Terminée,2025-04-19,2025-10-16,1260,63.8,124.82,1.956,157277.05,80390.11,76886.94
MISS-10024,AG-04,CLI-137,CAND-1285,Management Transition,Terminée,2025-08-14,2025-10-13,420,61.8,127.47,2.063,53536.48,25956.32,27580.16
MISS-10025,AG-17,CLI-133,CAND-1010,Recrutement CDI,Terminée,2025-03-12,2025-04-01,140,33.27,66.54,2.0,9315.53,4657.9,4657.63
MISS-10026,AG-16,CLI-133,CAND-1470,Intérim IA/Data,Terminée,2026-07-01,2026-09-29,630,68.98,142.21,2.062,89594.52,43457.72,46136.79
MISS-10027,AG-20,CLI-114,CAND-1093,Intérim IA/Data,Terminée,2024-01-31,2024-04-30,630,72.9,144.8,1.986,91225.9,45925.84,45300.06
MISS-10028,AG-11,CLI-132,CAND-1480,Intérim IA/Data,En cours,2024-11-20,2025-02-18,630,63.96,132.83,2.077,83681.77,40295.25,43386.52
MISS-10029,AG-03,CLI-168,CAND-1130,Intérim IA/Data,Terminée,2024-04-27,2024-07-26,630,30.33,61.75,2.036,38905.57,19109.89,19795.68
MISS-10030,AG-06,CLI-143,CAND-1224,Management Transition,Terminée,2025-12-16,2026-03-16,630,71.22,132.06,1.854,83197.07,44868.37,38328.7
MISS-10031,AG-05,CLI-152,CAND-1475,Recrutement CDI,En cours,2026-06-16,2026-12-13,1260,37.1,70.02,1.887,88223.81,46747.31,41476.5
MISS-10032,AG-19,CLI-149,CAND-1273,Intérim IA/Data,Terminée,2026-06-03,2026-06-23,140,37.93,71.81,1.893,10053.21,5310.88,4742.32
MISS-10033,AG-12,CLI-120,CAND-1125,Management Transition,Terminée,2024-02-15,2024-03-06,140,59.96,112.72,1.88,15781.17,8394.34,7386.83
MISS-10034,AG-19,CLI-128,CAND-1081,Intérim IA/Data,En cours,2026-05-20,2026-05-30,70,36.28,67.06,1.848,4693.95,2539.43,2154.52
MISS-10035,AG-09,CLI-128,CAND-1495,Intérim IA/Data,Terminée,2025-08-18,2025-10-17,420,48.6,92.2,1.897,38722.48,20411.61,18310.87
MISS-10036,AG-14,CLI-118,CAND-1301,Intérim IA/Data,Terminée,2025-10-18,2025-10-23,35,52.43,100.82,1.923,3528.81,1835.05,1693.77
MISS-10037,AG-05,CLI-106,CAND-1163,Intérim IA/Data,Terminée,2025-11-17,2025-11-27,70,30.75,61.9,2.013,4332.9,2152.41,2180.49
MISS-10038,AG-13,CLI-163,CAND-1209,Intérim IA/Data,Terminée,2025-03-12,2025-04-01,140,50.6,88.84,1.756,12437.45,7084.01,5353.44
MISS-10039,AG-08,CLI-174,CAND-1171,Intérim IA/Data,Terminée,2026-03-26,2026-04-15,140,64.52,135.01,2.092,18901.6,9033.26,9868.34
MISS-10040,AG-06,CLI-115,CAND-1417,Intérim IA/Data,En cours,2025-02-15,2025-03-07,140,50.79,92.17,1.815,12904.39,7110.98,5793.41
MISS-10041,AG-09,CLI-131,CAND-1107,Management Transition,Terminée,2024-03-19,2024-04-08,140,35.02,62.71,1.791,8779.02,4902.51,3876.51
MISS-10042,AG-17,CLI-154,CAND-1273,Intérim IA/Data,Terminée,2024-10-16,2024-12-15,420,42.71,87.69,2.053,36828.84,17937.88,18890.97
MISS-10043,AG-22,CLI-164,CAND-1143,Recrutement CDI,Terminée,2024-01-08,2024-01-18,70,35.07,62.36,1.778,4365.36,2455.1,1910.26
MISS-10044,AG-06,CLI-119,CAND-1048,Intérim IA/Data,Terminée,2025-07-28,2025-09-26,420,65.23,122.53,1.878,51461.86,27396.89,24064.98
MISS-10045,AG-04,CLI-129,CAND-1321,Intérim IA/Data,En cours,2025-06-20,2025-07-10,140,68.72,132.65,1.93,18570.87,9620.31,8950.56
MISS-10046,AG-11,CLI-160,CAND-1490,Recrutement CDI,Terminée,2024-04-01,2024-04-06,35,50.49,91.02,1.803,3185.79,1767.1,1418.69
MISS-10047,AG-01,CLI-123,CAND-1196,Intérim IA/Data,Terminée,2024-08-02,2024-08-12,70,49.1,87.17,1.775,6102.1,3437.34,2664.76
MISS-10048,AG-01,CLI-135,CAND-1178,Intérim IA/Data,Terminée,2025-04-15,2025-05-05,140,57.82,102.61,1.775,14365.32,8095.37,6269.94
MISS-10049,AG-14,CLI-127,CAND-1442,Management Transition,En cours,2025-04-10,2025-10-07,1260,54.54,107.18,1.965,135051.91,68716.36,66335.54
MISS-10050,AG-15,CLI-106,CAND-1263,Intérim IA/Data,Terminée,2026-06-13,2026-07-03,140,61.13,124.32,2.034,17405.38,8557.73,8847.65
MISS-10051,AG-13,CLI-118,CAND-1093,Intérim IA/Data,Terminée,2026-06-06,2026-06-16,70,41.26,72.27,1.752,5058.68,2887.92,2170.76
MISS-10052,AG-10,CLI-149,CAND-1216,Management Transition,Annulée,2025-10-10,2025-12-09,420,54.19,107.26,1.979,45048.31,22761.14,22287.17
MISS-10053,AG-08,CLI-117,CAND-1361,Intérim IA/Data,Terminée,2026-06-04,2026-08-03,420,51.25,92.48,1.805,38841.56,21523.49,17318.07
MISS-10054,AG-16,CLI-148,CAND-1189,Intérim IA/Data,Terminée,2024-02-17,2024-08-15,1260,69.2,131.42,1.899,165590.65,87190.31,78400.35
MISS-10055,AG-04,CLI-104,CAND-1487,Intérim IA/Data,Terminée,2024-11-17,2024-12-07,140,36.78,64.94,1.766,9092.01,5149.61,3942.4
MISS-10056,AG-08,CLI-130,CAND-1445,Management Transition,Terminée,2025-08-29,2025-09-18,140,72.73,134.64,1.851,18849.84,10182.71,8667.13
MISS-10057,AG-02,CLI-101,CAND-1279,Intérim IA/Data,Terminée,2025-04-13,2025-06-12,420,38.86,78.7,2.025,33053.96,16319.56,16734.39
MISS-10058,AG-13,CLI-161,CAND-1394,Intérim IA/Data,Terminée,2026-08-06,2026-08-16,70,41.55,75.9,1.827,5312.73,2908.16,2404.57
MISS-10059,AG-20,CLI-101,CAND-1452,Management Transition,Terminée,2025-05-09,2025-11-05,1260,52.34,105.04,2.007,132344.77,65949.33,66395.44
MISS-10060,AG-15,CLI-163,CAND-1274,Intérim IA/Data,Terminée,2024-04-14,2024-10-11,1260,49.2,96.94,1.97,122144.72,61988.38,60156.34
MISS-10061,AG-21,CLI-165,CAND-1206,Intérim IA/Data,Terminée,2024-11-17,2024-11-27,70,59.66,112.42,1.884,7869.09,4175.93,3693.17
MISS-10062,AG-08,CLI-179,CAND-1344,Intérim IA/Data,Terminée,2024-11-15,2024-11-25,70,66.42,117.82,1.774,8247.48,4649.35,3598.13
MISS-10063,AG-16,CLI-115,CAND-1433,Management Transition,Terminée,2026-06-01,2026-06-21,140,45.39,87.02,1.917,12183.34,6355.16,5828.18
MISS-10064,AG-06,CLI-137,CAND-1203,Intérim IA/Data,Terminée,2025-09-03,2025-11-02,420,32.83,64.29,1.958,27002.87,13790.09,13212.78
MISS-10065,AG-11,CLI-141,CAND-1340,Intérim IA/Data,En cours,2025-08-14,2025-08-19,35,33.14,64.87,1.958,2270.29,1159.77,1110.52
MISS-10066,AG-01,CLI-149,CAND-1022,Intérim IA/Data,En cours,2026-06-01,2026-11-28,1260,51.29,92.95,1.812,117120.14,64624.06,52496.08
MISS-10067,AG-10,CLI-160,CAND-1032,Intérim IA/Data,Terminée,2025-03-30,2025-06-28,630,60.55,111.89,1.848,70491.66,38145.28,32346.38
MISS-10068,AG-02,CLI-102,CAND-1075,Intérim IA/Data,Terminée,2024-05-31,2024-06-05,35,53.85,103.47,1.922,3621.45,1884.61,1736.84
MISS-10069,AG-20,CLI-112,CAND-1386,Intérim IA/Data,Terminée,2026-04-01,2026-04-06,35,47.7,85.05,1.783,2976.62,1669.47,1307.16
MISS-10070,AG-04,CLI-141,CAND-1333,Intérim IA/Data,Terminée,2025-02-01,2025-02-11,70,59.2,111.76,1.888,7823.33,4144.19,3679.15
MISS-10071,AG-13,CLI-149,CAND-1391,Intérim IA/Data,Terminée,2024-11-07,2025-05-06,1260,62.51,125.25,2.004,157811.03,78762.43,79048.6
MISS-10072,AG-17,CLI-153,CAND-1316,Intérim IA/Data,Terminée,2025-05-01,2025-10-28,1260,61.43,109.65,1.785,138156.86,77406.51,60750.34
MISS-10073,AG-15,CLI-167,CAND-1391,Management Transition,Terminée,2025-11-12,2026-05-11,1260,38.42,75.35,1.961,94941.92,48415.0,46526.91
MISS-10074,AG-10,CLI-102,CAND-1332,Intérim IA/Data,Annulée,2025-12-09,2025-12-14,35,61.31,116.06,1.893,4062.25,2145.76,1916.49
MISS-10075,AG-14,CLI-123,CAND-1165,Recrutement CDI,En cours,2024-07-15,2024-09-13,420,72.17,149.58,2.073,62824.62,30310.98,32513.64
MISS-10076,AG-07,CLI-119,CAND-1407,Intérim IA/Data,Annulée,2025-01-14,2025-03-15,420,50.05,95.55,1.909,40129.79,21021.72,19108.07
MISS-10077,AG-12,CLI-178,CAND-1412,Intérim IA/Data,Terminée,2025-03-16,2025-03-21,35,55.49,104.55,1.884,3659.35,1942.22,1717.14
MISS-10078,AG-10,CLI-154,CAND-1071,Intérim IA/Data,En cours,2025-01-13,2025-03-14,420,68.67,122.11,1.778,51285.14,28839.31,22445.83
MISS-10079,AG-12,CLI-116,CAND-1032,Management Transition,En cours,2025-12-04,2025-12-14,70,39.9,82.03,2.056,5741.92,2792.91,2949.01
MISS-10080,AG-10,CLI-178,CAND-1079,Intérim IA/Data,Terminée,2025-03-11,2025-03-31,140,72.82,133.08,1.827,18630.73,10194.88,8435.85
MISS-10081,AG-22,CLI-178,CAND-1308,Intérim IA/Data,Terminée,2025-12-20,2026-01-09,140,59.71,111.91,1.874,15666.72,8359.41,7307.3
MISS-10082,AG-11,CLI-138,CAND-1366,Management Transition,Terminée,2025-07-15,2025-07-25,70,46.83,93.33,1.993,6533.05,3278.4,3254.65
MISS-10083,AG-14,CLI-168,CAND-1201,Intérim IA/Data,Terminée,2024-04-30,2024-05-10,70,50.96,94.81,1.86,6636.47,3567.34,3069.13
MISS-10084,AG-19,CLI-109,CAND-1133,Intérim IA/Data,Terminée,2024-06-15,2024-09-13,630,38.96,75.42,1.936,47515.42,24542.53,22972.89
MISS-10085,AG-16,CLI-147,CAND-1136,Intérim IA/Data,Terminée,2025-05-06,2025-05-26,140,55.4,105.73,1.908,14802.1,7756.26,7045.84
MISS-10086,AG-20,CLI-157,CAND-1099,Intérim IA/Data,En cours,2026-06-23,2026-07-03,70,56.0,113.24,2.022,7927.09,3920.27,4006.82
MISS-10087,AG-07,CLI-119,CAND-1191,Recrutement CDI,Terminée,2024-05-16,2024-05-21,35,54.94,101.16,1.841,3540.62,1922.73,1617.89
MISS-10088,AG-04,CLI-142,CAND-1226,Intérim IA/Data,Terminée,2026-04-29,2026-05-19,140,66.12,127.58,1.93,17861.06,9256.64,8604.42
MISS-10089,AG-16,CLI-148,CAND-1282,Intérim IA/Data,Terminée,2026-06-17,2026-06-22,35,35.06,70.2,2.002,2457.07,1227.27,1229.8
MISS-10090,AG-03,CLI-165,CAND-1474,Intérim IA/Data,Terminée,2026-08-03,2026-08-23,140,69.51,125.49,1.805,17568.6,9731.21,7837.4
MISS-10091,AG-15,CLI-158,CAND-1116,Intérim IA/Data,Terminée,2026-06-10,2026-06-20,70,32.81,59.61,1.817,4172.53,2296.95,1875.58
MISS-10092,AG-22,CLI-166,CAND-1231,Management Transition,Terminée,2026-07-16,2026-07-21,35,36.85,75.54,2.05,2643.73,1289.83,1353.9
MISS-10093,AG-19,CLI-134,CAND-1287,Intérim IA/Data,Terminée,2024-12-13,2024-12-23,70,63.86,118.97,1.863,8327.82,4470.1,3857.72
MISS-10094,AG-01,CLI-164,CAND-1199,Intérim IA/Data,Terminée,2024-12-21,2024-12-26,35,71.49,134.51,1.882,4708.01,2502.09,2205.92
MISS-10095,AG-04,CLI-118,CAND-1118,Intérim IA/Data,En cours,2024-07-30,2024-08-09,70,73.71,130.06,1.765,9104.47,5159.46,3945.01
MISS-10096,AG-21,CLI-128,CAND-1070,Recrutement CDI,Annulée,2025-06-25,2025-06-30,35,38.94,78.86,2.025,2760.23,1362.79,1397.44
MISS-10097,AG-21,CLI-149,CAND-1003,Intérim IA/Data,Terminée,2024-12-30,2025-02-28,420,36.28,69.35,1.912,29126.4,15237.18,13889.23
MISS-10098,AG-07,CLI-116,CAND-1135,Intérim IA/Data,En cours,2024-05-19,2024-07-18,420,66.06,134.51,2.036,56493.24,27744.76,28748.48
MISS-10099,AG-08,CLI-121,CAND-1482,Intérim IA/Data,En cours,2024-04-06,2024-06-05,420,42.07,87.5,2.08,36748.96,17670.85,19078.11
MISS-10100,AG-04,CLI-119,CAND-1168,Intérim IA/Data,Terminée,2024-12-10,2024-12-20,70,54.65,104.18,1.906,7292.85,3825.77,3467.08
MISS-10101,AG-11,CLI-102,CAND-1336,Management Transition,Annulée,2024-12-02,2024-12-12,70,40.74,79.66,1.955,5576.36,2851.78,2724.58
MISS-10102,AG-21,CLI-155,CAND-1399,Recrutement CDI,En cours,2025-06-30,2025-07-20,140,48.37,101.54,2.099,14215.79,6771.85,7443.94
MISS-10103,AG-15,CLI-128,CAND-1080,Management Transition,Terminée,2024-07-11,2024-09-09,420,72.06,139.11,1.93,58425.38,30266.79,28158.59
MISS-10104,AG-08,CLI-168,CAND-1212,Intérim IA/Data,Terminée,2025-04-24,2025-05-14,140,35.94,64.6,1.798,9043.57,5031.06,4012.51
MISS-10105,AG-03,CLI-159,CAND-1332,Intérim IA/Data,Terminée,2025-12-29,2026-01-03,35,67.24,134.35,1.998,4702.15,2353.5,2348.66
MISS-10106,AG-20,CLI-101,CAND-1320,Intérim IA/Data,En cours,2025-05-17,2025-06-06,140,45.91,89.97,1.959,12595.24,6427.93,6167.31
MISS-10107,AG-22,CLI-165,CAND-1158,Recrutement CDI,En cours,2026-04-12,2026-04-22,70,72.32,146.49,2.026,10254.41,5062.56,5191.85
MISS-10108,AG-03,CLI-104,CAND-1356,Intérim IA/Data,Terminée,2025-10-25,2025-12-24,420,74.75,132.62,1.774,55699.69,31393.5,24306.18
MISS-10109,AG-21,CLI-136,CAND-1316,Intérim IA/Data,Terminée,2026-02-19,2026-02-24,35,55.22,108.4,1.963,3793.9,1932.75,1861.15
MISS-10110,AG-03,CLI-159,CAND-1415,Intérim IA/Data,Terminée,2025-05-23,2025-11-19,1260,69.62,127.06,1.825,160101.17,87725.27,72375.91
MISS-10111,AG-17,CLI-179,CAND-1280,Recrutement CDI,Terminée,2025-05-12,2025-05-22,70,59.59,122.57,2.057,8579.83,4171.42,4408.41
MISS-10112,AG-22,CLI-146,CAND-1108,Intérim IA/Data,En cours,2025-02-11,2025-05-12,630,32.04,62.39,1.947,39308.16,20187.77,19120.39
MISS-10113,AG-13,CLI-172,CAND-1111,Recrutement CDI,Terminée,2024-12-30,2025-01-09,70,63.26,120.03,1.897,8401.83,4428.3,3973.54
MISS-10114,AG-07,CLI-131,CAND-1193,Intérim IA/Data,Terminée,2024-08-16,2024-10-15,420,50.39,100.38,1.992,42161.13,21162.76,20998.37
MISS-10115,AG-21,CLI-104,CAND-1299,Intérim IA/Data,En cours,2025-06-18,2025-08-17,420,61.24,111.97,1.828,47025.57,25720.35,21305.22
MISS-10116,AG-12,CLI-154,CAND-1393,Intérim IA/Data,Terminée,2024-08-10,2024-10-09,420,43.24,78.23,1.809,32857.61,18159.43,14698.18
MISS-10117,AG-20,CLI-133,CAND-1012,Intérim IA/Data,Terminée,2025-01-21,2025-04-21,630,44.26,85.98,1.943,54165.72,27883.26,26282.45
MISS-10118,AG-18,CLI-138,CAND-1325,Intérim IA/Data,Annulée,2026-02-26,2026-03-08,70,59.74,123.28,2.063,8629.6,4182.04,4447.56
MISS-10119,AG-03,CLI-108,CAND-1252,Recrutement CDI,Terminée,2024-06-27,2024-07-17,140,50.48,93.39,1.85,13074.34,7066.93,6007.4
MISS-10120,AG-09,CLI-112,CAND-1492,Recrutement CDI,Terminée,2024-08-04,2024-08-24,140,36.5,70.73,1.938,9901.84,5110.25,4791.59
MISS-10121,AG-16,CLI-126,CAND-1411,Intérim IA/Data,Terminée,2026-01-31,2026-02-20,140,70.11,136.91,1.953,19167.2,9815.14,9352.06
MISS-10122,AG-06,CLI-124,CAND-1106,Intérim IA/Data,Terminée,2026-06-28,2026-12-25,1260,58.59,113.47,1.937,142976.54,73818.11,69158.43
MISS-10123,AG-06,CLI-169,CAND-1070,Intérim IA/Data,Terminée,2026-06-27,2026-07-17,140,71.98,150.8,2.095,21111.84,10076.73,11035.11
MISS-10124,AG-02,CLI-118,CAND-1219,Management Transition,En cours,2026-04-05,2026-04-25,140,73.29,133.44,1.821,18681.8,10260.49,8421.31
MISS-10125,AG-16,CLI-122,CAND-1182,Intérim IA/Data,Terminée,2024-06-15,2024-07-05,140,38.64,68.53,1.773,9593.81,5410.08,4183.73
MISS-10126,AG-22,CLI-168,CAND-1297,Intérim IA/Data,En cours,2025-07-14,2025-08-03,140,59.83,117.12,1.957,16396.74,8376.84,8019.89
MISS-10127,AG-09,CLI-140,CAND-1425,Intérim IA/Data,Terminée,2024-12-05,2025-03-05,630,74.67,149.79,2.006,94364.85,47040.85,47324.01
MISS-10128,AG-10,CLI-129,CAND-1392,Recrutement CDI,Terminée,2026-05-07,2026-05-27,140,43.96,90.21,2.052,12629.87,6153.94,6475.93
MISS-10129,AG-17,CLI-151,CAND-1092,Intérim IA/Data,Terminée,2026-04-19,2026-10-16,1260,66.23,125.74,1.898,158429.72,83452.15,74977.57
MISS-10130,AG-02,CLI-134,CAND-1230,Intérim IA/Data,Terminée,2025-06-08,2025-06-28,140,33.45,69.62,2.081,9747.01,4683.0,5064.01
MISS-10131,AG-05,CLI-113,CAND-1186,Management Transition,Terminée,2025-05-11,2025-05-21,70,39.17,81.48,2.08,5703.55,2741.58,2961.97
MISS-10132,AG-03,CLI-141,CAND-1410,Recrutement CDI,Terminée,2024-05-16,2024-06-05,140,53.06,109.06,2.055,15268.79,7429.01,7839.78
MISS-10133,AG-02,CLI-141,CAND-1403,Intérim IA/Data,En cours,2025-01-09,2025-01-14,35,39.47,81.3,2.06,2845.49,1381.42,1464.07
MISS-10134,AG-01,CLI-141,CAND-1492,Intérim IA/Data,Terminée,2024-04-28,2024-05-18,140,55.13,113.33,2.056,15866.69,7717.54,8149.15
MISS-10135,AG-19,CLI-166,CAND-1139,Intérim IA/Data,En cours,2024-04-01,2024-05-31,420,70.85,143.13,2.02,60113.11,29757.61,30355.51
MISS-10136,AG-01,CLI-118,CAND-1275,Intérim IA/Data,Terminée,2026-02-26,2026-08-25,1260,69.66,126.74,1.82,159696.4,87768.58,71927.82
MISS-10137,AG-11,CLI-157,CAND-1368,Intérim IA/Data,Terminée,2026-05-23,2026-06-12,140,62.41,125.22,2.006,17530.6,8737.71,8792.89
MISS-10138,AG-04,CLI-112,CAND-1272,Management Transition,En cours,2024-05-03,2024-05-08,35,61.17,126.47,2.068,4426.54,2140.87,2285.67
MISS-10139,AG-12,CLI-160,CAND-1434,Intérim IA/Data,Terminée,2024-12-02,2025-01-31,420,41.64,86.81,2.085,36461.4,17487.04,18974.36
MISS-10140,AG-19,CLI-170,CAND-1377,Management Transition,Terminée,2025-07-21,2025-07-31,70,35.59,62.86,1.766,4400.29,2491.12,1909.17
MISS-10141,AG-02,CLI-155,CAND-1243,Intérim IA/Data,Terminée,2025-09-28,2025-10-08,70,53.22,105.5,1.982,7384.92,3725.22,3659.7
MISS-10142,AG-18,CLI-141,CAND-1048,Intérim IA/Data,Terminée,2024-09-14,2024-10-04,140,37.78,69.11,1.829,9675.94,5289.88,4386.06
MISS-10143,AG-16,CLI-119,CAND-1100,Intérim IA/Data,Terminée,2024-04-03,2024-09-30,1260,43.79,91.72,2.095,115563.9,55171.62,60392.29
MISS-10144,AG-04,CLI-144,CAND-1013,Intérim IA/Data,En cours,2024-03-25,2024-06-23,630,48.18,89.43,1.856,56339.03,30354.32,25984.71
MISS-10145,AG-13,CLI-161,CAND-1000,Intérim IA/Data,Terminée,2024-11-27,2025-05-26,1260,66.81,134.62,2.015,169616.34,84184.82,85431.52
MISS-10146,AG-13,CLI-178,CAND-1049,Recrutement CDI,En cours,2026-06-06,2026-06-16,70,51.18,90.29,1.764,6320.41,3582.81,2737.6
MISS-10147,AG-11,CLI-157,CAND-1479,Intérim IA/Data,Annulée,2024-05-06,2024-08-04,630,41.48,82.25,1.983,51814.71,26132.64,25682.07
MISS-10148,AG-13,CLI-156,CAND-1228,Intérim IA/Data,Terminée,2026-07-16,2026-07-26,70,65.32,132.94,2.035,9306.04,4572.06,4733.98
MISS-10149,AG-17,CLI-164,CAND-1482,Recrutement CDI,En cours,2025-10-21,2025-11-10,140,71.01,131.28,1.849,18378.77,9941.77,8437.0
MISS-10150,AG-10,CLI-145,CAND-1240,Recrutement CDI,Terminée,2025-02-20,2025-03-02,70,56.38,118.03,2.094,8262.0,3946.26,4315.74
MISS-10151,AG-14,CLI-114,CAND-1203,Management Transition,Terminée,2024-08-08,2024-08-28,140,60.33,120.71,2.001,16899.52,8445.85,8453.67
MISS-10152,AG-05,CLI-170,CAND-1166,Intérim IA/Data,Terminée,2024-04-01,2024-04-11,70,30.08,54.93,1.826,3845.07,2105.75,1739.33
MISS-10153,AG-09,CLI-122,CAND-1013,Management Transition,En cours,2024-06-25,2024-07-05,70,73.95,129.83,1.756,9087.81,5176.38,3911.43
MISS-10154,AG-13,CLI-111,CAND-1306,Intérim IA/Data,Terminée,2026-06-25,2026-07-15,140,48.01,85.43,1.78,11960.75,6721.14,5239.6
MISS-10155,AG-17,CLI-151,CAND-1129,Intérim IA/Data,Terminée,2025-12-15,2026-02-13,420,42.94,85.33,1.987,35839.26,18035.06,17804.21
MISS-10156,AG-10,CLI-126,CAND-1188,Intérim IA/Data,Terminée,2024-06-08,2024-08-07,420,67.63,134.34,1.986,56423.59,28403.97,28019.62
MISS-10157,AG-19,CLI-136,CAND-1281,Management Transition,Terminée,2025-03-18,2025-04-07,140,52.85,108.4,2.051,15176.59,7399.28,7777.3
MISS-10158,AG-19,CLI-162,CAND-1206,Management Transition,Terminée,2024-04-10,2024-04-20,70,66.41,138.02,2.078,9661.33,4648.44,5012.89
MISS-10159,AG-22,CLI-102,CAND-1125,Intérim IA/Data,En cours,2026-03-14,2026-05-13,420,69.83,143.99,2.062,60475.19,29326.71,31148.48
MISS-10160,AG-09,CLI-179,CAND-1120,Management Transition,Terminée,2026-03-17,2026-03-22,35,35.63,62.85,1.764,2199.7,1247.07,952.63
MISS-10161,AG-02,CLI-169,CAND-1162,Recrutement CDI,En cours,2024-06-25,2024-09-23,630,62.3,125.36,2.012,78977.34,39251.22,39726.13
MISS-10162,AG-17,CLI-154,CAND-1231,Management Transition,Terminée,2026-07-28,2026-09-26,420,70.27,143.71,2.045,60358.55,29511.9,30846.66
MISS-10163,AG-22,CLI-127,CAND-1085,Recrutement CDI,Terminée,2025-03-12,2025-04-01,140,57.51,114.29,1.987,16000.66,8051.97,7948.69
MISS-10164,AG-05,CLI-117,CAND-1004,Intérim IA/Data,Terminée,2025-09-16,2025-11-15,420,53.29,111.42,2.091,46795.94,22379.92,24416.03
MISS-10165,AG-17,CLI-117,CAND-1240,Intérim IA/Data,Terminée,2026-06-16,2026-06-21,35,69.98,144.59,2.066,5060.81,2449.22,2611.6
MISS-10166,AG-01,CLI-124,CAND-1048,Intérim IA/Data,Terminée,2025-05-27,2025-06-06,70,70.87,131.71,1.859,9219.52,4960.65,4258.87
MISS-10167,AG-04,CLI-161,CAND-1139,Recrutement CDI,Terminée,2025-12-06,2025-12-16,70,38.72,74.73,1.93,5230.86,2710.4,2520.46
MISS-10168,AG-11,CLI-164,CAND-1085,Management Transition,Terminée,2026-02-17,2026-05-18,630,52.67,94.55,1.795,59565.23,33185.17,26380.05
MISS-10169,AG-16,CLI-146,CAND-1180,Intérim IA/Data,Terminée,2024-11-16,2024-11-26,70,71.68,142.38,1.986,9966.6,5017.33,4949.27
MISS-10170,AG-14,CLI-136,CAND-1317,Intérim IA/Data,Terminée,2025-11-06,2026-01-05,420,37.18,71.05,1.911,29838.91,15614.04,14224.87
MISS-10171,AG-09,CLI-117,CAND-1041,Intérim IA/Data,Terminée,2025-09-16,2025-10-06,140,58.4,111.04,1.901,15544.95,8176.52,7368.43
MISS-10172,AG-20,CLI-177,CAND-1261,Intérim IA/Data,Terminée,2025-05-13,2025-06-02,140,36.83,69.12,1.877,9677.15,5155.9,4521.25
MISS-10173,AG-01,CLI-107,CAND-1041,Intérim IA/Data,Terminée,2026-08-05,2026-10-04,420,59.63,118.4,1.985,49726.56,25046.51,24680.04
MISS-10174,AG-05,CLI-176,CAND-1093,Intérim IA/Data,En cours,2026-07-17,2026-07-27,70,38.18,74.3,1.946,5200.75,2672.89,2527.86
MISS-10175,AG-21,CLI-174,CAND-1345,Intérim IA/Data,Terminée,2025-07-17,2025-08-06,140,38.55,72.24,1.874,10114.01,5396.48,4717.53
MISS-10176,AG-04,CLI-131,CAND-1074,Recrutement CDI,Terminée,2025-12-01,2026-01-30,420,61.12,123.09,2.014,51695.93,25670.12,26025.81
MISS-10177,AG-11,CLI-137,CAND-1107,Intérim IA/Data,Terminée,2024-07-02,2024-07-07,35,59.03,110.98,1.88,3884.29,2066.17,1818.12
MISS-10178,AG-20,CLI-148,CAND-1296,Intérim IA/Data,Terminée,2024-08-21,2024-10-20,420,43.39,80.82,1.863,33943.81,18224.82,15718.99
MISS-10179,AG-07,CLI-147,CAND-1345,Intérim IA/Data,Terminée,2024-11-30,2024-12-10,70,32.39,63.32,1.955,4432.53,2267.48,2165.05
MISS-10180,AG-16,CLI-153,CAND-1302,Intérim IA/Data,Terminée,2024-03-07,2024-05-06,420,50.2,90.21,1.797,37890.1,21082.13,16807.97
MISS-10181,AG-19,CLI-173,CAND-1170,Management Transition,Terminée,2026-04-30,2026-05-10,70,31.67,63.92,2.019,4474.49,2216.57,2257.92
MISS-10182,AG-07,CLI-109,CAND-1448,Intérim IA/Data,En cours,2025-09-27,2025-10-02,35,38.8,79.81,2.057,2793.19,1357.93,1435.26
MISS-10183,AG-02,CLI-156,CAND-1092,Intérim IA/Data,Terminée,2025-04-11,2025-05-01,140,53.77,110.49,2.055,15468.12,7528.25,7939.87
MISS-10184,AG-15,CLI-125,CAND-1453,Intérim IA/Data,En cours,2025-03-20,2025-04-09,140,62.96,120.58,1.915,16881.66,8814.1,8067.56
MISS-10185,AG-16,CLI-151,CAND-1394,Intérim IA/Data,Terminée,2025-11-19,2025-12-09,140,38.76,68.19,1.759,9546.95,5425.99,4120.96
MISS-10186,AG-09,CLI-123,CAND-1127,Intérim IA/Data,Annulée,2024-07-06,2024-07-16,70,37.89,70.51,1.861,4935.99,2652.1,2283.9
MISS-10187,AG-21,CLI-126,CAND-1039,Recrutement CDI,Annulée,2026-03-01,2026-03-21,140,57.53,108.77,1.891,15228.15,8054.25,7173.9
MISS-10188,AG-02,CLI-134,CAND-1159,Management Transition,Terminée,2025-05-01,2025-05-21,140,38.45,75.02,1.951,10502.11,5382.35,5119.76
MISS-10189,AG-03,CLI-145,CAND-1032,Recrutement CDI,Annulée,2025-06-21,2025-07-01,70,56.34,100.0,1.775,7000.15,3943.49,3056.66
MISS-10190,AG-13,CLI-111,CAND-1130,Intérim IA/Data,Annulée,2025-08-08,2025-08-18,70,44.95,80.17,1.783,5612.04,3146.65,2465.39
MISS-10191,AG-02,CLI-122,CAND-1000,Intérim IA/Data,Terminée,2024-04-19,2024-06-18,420,33.11,68.58,2.071,28802.53,13905.92,14896.61
MISS-10192,AG-01,CLI-176,CAND-1036,Intérim IA/Data,Terminée,2026-03-21,2026-04-10,140,73.74,144.8,1.964,20272.33,10323.37,9948.96
MISS-10193,AG-07,CLI-159,CAND-1453,Intérim IA/Data,En cours,2025-07-25,2025-08-04,70,68.66,141.82,2.066,9927.38,4806.19,5121.19
MISS-10194,AG-07,CLI-161,CAND-1010,Intérim IA/Data,Terminée,2025-06-27,2025-07-07,70,72.95,128.76,1.765,9013.19,5106.17,3907.01
MISS-10195,AG-05,CLI-103,CAND-1230,Recrutement CDI,Terminée,2026-07-23,2026-07-28,35,35.11,70.18,1.999,2456.37,1228.78,1227.59
MISS-10196,AG-20,CLI-174,CAND-1335,Intérim IA/Data,Terminée,2025-07-18,2025-08-07,140,44.64,89.93,2.014,12590.72,6250.18,6340.54
MISS-10197,AG-10,CLI-138,CAND-1350,Intérim IA/Data,Terminée,2025-01-16,2025-03-17,420,55.9,109.47,1.958,45979.04,23477.42,22501.62
MISS-10198,AG-20,CLI-152,CAND-1126,Intérim IA/Data,Terminée,2024-07-30,2024-09-28,420,52.64,100.52,1.91,42218.47,22108.35,20110.11
MISS-10199,AG-10,CLI-152,CAND-1159,Intérim IA/Data,Terminée,2026-04-16,2026-04-21,35,51.46,106.3,2.066,3720.62,1801.01,1919.61
MISS-10200,AG-01,CLI-126,CAND-1223,Intérim IA/Data,Terminée,2024-08-19,2024-09-08,140,66.42,132.76,1.999,18586.39,9298.16,9288.23
MISS-10201,AG-01,CLI-161,CAND-1474,Recrutement CDI,Terminée,2025-08-13,2026-02-09,1260,57.12,110.36,1.932,139058.59,71976.02,67082.57
MISS-10202,AG-04,CLI-171,CAND-1029,Intérim IA/Data,En cours,2024-03-03,2024-03-13,70,46.39,93.02,2.005,6511.71,3247.47,3264.24
MISS-10203,AG-17,CLI-163,CAND-1091,Intérim IA/Data,Terminée,2026-07-05,2026-07-25,140,49.45,101.76,2.058,14246.2,6922.71,7323.49
MISS-10204,AG-07,CLI-125,CAND-1211,Intérim IA/Data,Terminée,2024-09-19,2024-12-18,630,51.31,101.23,1.973,63772.95,32328.14,31444.81
MISS-10205,AG-15,CLI-119,CAND-1384,Intérim IA/Data,En cours,2024-10-20,2024-11-09,140,73.92,132.89,1.798,18605.01,10349.32,8255.69
MISS-10206,AG-17,CLI-125,CAND-1443,Recrutement CDI,En cours,2026-07-10,2026-09-08,420,66.39,125.58,1.891,52742.63,27884.27,24858.36
MISS-10207,AG-08,CLI-111,CAND-1280,Intérim IA/Data,Terminée,2026-03-21,2026-06-19,630,56.71,117.26,2.068,73874.96,35726.6,38148.36
MISS-10208,AG-01,CLI-160,CAND-1030,Intérim IA/Data,Terminée,2026-04-07,2026-07-06,630,41.59,73.14,1.758,46077.02,26203.05,19873.97
MISS-10209,AG-06,CLI-126,CAND-1477,Intérim IA/Data,Terminée,2026-03-31,2026-04-20,140,59.62,105.29,1.766,14740.75,8346.65,6394.11
MISS-10210,AG-20,CLI-112,CAND-1244,Intérim IA/Data,Terminée,2025-06-13,2025-07-03,140,56.56,100.72,1.781,14100.22,7917.99,6182.23
MISS-10211,AG-03,CLI-164,CAND-1054,Management Transition,En cours,2026-05-04,2026-07-03,420,62.6,121.96,1.948,51222.08,26293.51,24928.57
MISS-10212,AG-09,CLI-129,CAND-1160,Recrutement CDI,En cours,2026-02-07,2026-02-27,140,42.26,86.38,2.044,12092.9,5916.44,6176.46
MISS-10213,AG-11,CLI-146,CAND-1098,Recrutement CDI,Terminée,2024-07-15,2024-08-04,140,65.44,118.58,1.812,16601.8,9161.52,7440.28
MISS-10214,AG-16,CLI-178,CAND-1467,Intérim IA/Data,Annulée,2026-06-30,2026-07-05,35,72.69,133.9,1.842,4686.42,2544.25,2142.17
MISS-10215,AG-02,CLI-172,CAND-1320,Recrutement CDI,Annulée,2025-09-30,2025-10-20,140,46.29,89.12,1.925,12476.64,6480.09,5996.55
MISS-10216,AG-01,CLI-107,CAND-1372,Intérim IA/Data,Terminée,2024-09-01,2024-09-21,140,36.61,70.55,1.927,9877.17,5124.89,4752.28
MISS-10217,AG-13,CLI-139,CAND-1409,Intérim IA/Data,Terminée,2025-01-08,2025-04-08,630,49.63,93.47,1.883,58886.81,31269.74,27617.08
MISS-10218,AG-11,CLI-141,CAND-1188,Intérim IA/Data,Terminée,2025-01-03,2025-07-02,1260,39.53,78.63,1.989,99074.1,49813.06,49261.04
MISS-10219,AG-19,CLI-133,CAND-1036,Intérim IA/Data,Terminée,2024-10-13,2025-01-11,630,48.72,102.12,2.096,64333.22,30692.35,33640.87
MISS-10220,AG-21,CLI-163,CAND-1193,Intérim IA/Data,Terminée,2024-12-18,2024-12-23,35,51.64,107.76,2.087,3771.55,1807.46,1964.08
MISS-10221,AG-12,CLI-168,CAND-1308,Recrutement CDI,En cours,2025-04-07,2025-06-06,420,65.85,125.81,1.911,52841.64,27655.86,25185.78
MISS-10222,AG-19,CLI-137,CAND-1289,Recrutement CDI,Terminée,2024-05-01,2024-10-28,1260,63.57,116.62,1.834,146941.03,80098.84,66842.19
MISS-10223,AG-15,CLI-143,CAND-1209,Intérim IA/Data,Terminée,2025-03-21,2025-09-17,1260,73.39,145.55,1.983,183392.8,92469.6,90923.2
MISS-10224,AG-16,CLI-118,CAND-1158,Recrutement CDI,En cours,2024-02-12,2024-04-12,420,35.74,67.03,1.875,28150.99,15012.87,13138.12
MISS-10225,AG-14,CLI-127,CAND-1395,Management Transition,Terminée,2025-02-11,2025-03-03,140,68.53,129.33,1.887,18105.7,9593.87,8511.83
MISS-10226,AG-13,CLI-120,CAND-1287,Intérim IA/Data,Terminée,2026-01-10,2026-01-15,35,47.03,97.08,2.064,3397.78,1646.08,1751.69
MISS-10227,AG-12,CLI-100,CAND-1084,Intérim IA/Data,Terminée,2025-02-24,2025-04-25,420,48.32,100.72,2.084,42301.19,20294.37,22006.82
MISS-10228,AG-09,CLI-168,CAND-1196,Management Transition,Terminée,2024-03-15,2024-04-04,140,33.61,60.57,1.802,8479.33,4705.21,3774.12
MISS-10229,AG-18,CLI-149,CAND-1419,Intérim IA/Data,Terminée,2025-08-15,2025-08-25,70,32.08,66.99,2.089,4689.54,2245.35,2444.18
MISS-10230,AG-08,CLI-148,CAND-1211,Intérim IA/Data,En cours,2024-07-11,2024-07-31,140,41.02,84.49,2.06,11828.39,5742.97,6085.42
MISS-10231,AG-16,CLI-147,CAND-1225,Intérim IA/Data,Terminée,2024-07-10,2024-07-20,70,36.69,69.12,1.884,4838.08,2568.17,2269.91
MISS-10232,AG-13,CLI-169,CAND-1168,Intérim IA/Data,En cours,2025-01-05,2025-01-25,140,73.7,141.91,1.925,19868.02,10318.45,9549.57
MISS-10233,AG-04,CLI-165,CAND-1368,Recrutement CDI,Terminée,2026-03-26,2026-04-15,140,54.08,97.84,1.809,13697.68,7571.72,6125.96
MISS-10234,AG-16,CLI-104,CAND-1400,Intérim IA/Data,Terminée,2024-02-05,2024-02-15,70,56.35,103.58,1.838,7250.77,3944.67,3306.11
MISS-10235,AG-16,CLI-156,CAND-1140,Intérim IA/Data,Terminée,2024-09-28,2024-10-08,70,70.92,126.64,1.786,8864.82,4964.69,3900.12
MISS-10236,AG-19,CLI-111,CAND-1101,Recrutement CDI,Terminée,2024-12-31,2025-01-10,70,72.59,137.69,1.897,9638.22,5081.45,4556.77
MISS-10237,AG-08,CLI-162,CAND-1201,Intérim IA/Data,Terminée,2026-05-15,2026-05-25,70,72.96,132.07,1.81,9244.77,5107.54,4137.23
MISS-10238,AG-17,CLI-156,CAND-1029,Intérim IA/Data,Terminée,2026-04-19,2026-04-29,70,62.79,113.83,1.813,7968.34,4395.17,3573.18
MISS-10239,AG-21,CLI-126,CAND-1403,Intérim IA/Data,Terminée,2025-07-03,2025-07-23,140,71.79,125.7,1.751,17598.45,10050.0,7548.45
MISS-10240,AG-03,CLI-145,CAND-1368,Intérim IA/Data,En cours,2025-10-12,2025-11-01,140,64.39,127.62,1.982,17866.87,9015.24,8851.63
MISS-10241,AG-20,CLI-177,CAND-1453,Intérim IA/Data,Annulée,2024-04-30,2024-05-20,140,31.91,66.58,2.087,9321.12,4467.22,4853.9
MISS-10242,AG-04,CLI-116,CAND-1141,Intérim IA/Data,En cours,2025-04-24,2025-05-14,140,37.25,71.55,1.921,10017.64,5214.95,4802.7
MISS-10243,AG-08,CLI-108,CAND-1390,Intérim IA/Data,Terminée,2025-03-19,2025-05-18,420,68.0,128.39,1.888,53925.38,28559.67,25365.71
MISS-10244,AG-06,CLI-127,CAND-1387,Recrutement CDI,Terminée,2024-10-18,2025-04-16,1260,66.16,125.35,1.895,157946.52,83364.6,74581.92
MISS-10245,AG-20,CLI-129,CAND-1212,Management Transition,En cours,2026-03-13,2026-04-02,140,56.48,112.01,1.983,15681.95,7906.56,7775.39
MISS-10246,AG-06,CLI-100,CAND-1401,Intérim IA/Data,Terminée,2026-02-24,2026-04-25,420,62.04,125.52,2.023,52717.2,26057.53,26659.67
MISS-10247,AG-12,CLI-147,CAND-1110,Intérim IA/Data,Terminée,2025-05-09,2025-07-08,420,57.93,115.12,1.987,48349.24,24331.98,24017.27
MISS-10248,AG-21,CLI-104,CAND-1171,Intérim IA/Data,Annulée,2026-08-02,2026-10-01,420,61.66,113.06,1.834,47486.11,25898.14,21587.97
MISS-10249,AG-17,CLI-158,CAND-1245,Management Transition,Terminée,2024-01-31,2024-02-10,70,55.45,109.96,1.983,7697.2,3881.66,3815.54
MISS-10250,AG-05,CLI-150,CAND-1131,Intérim IA/Data,Terminée,2026-04-30,2026-07-29,630,32.08,63.38,1.975,39930.94,20213.41,19717.53
MISS-10251,AG-10,CLI-148,CAND-1238,Intérim IA/Data,Terminée,2024-08-17,2024-08-27,70,51.28,97.68,1.905,6837.36,3589.82,3247.53
MISS-10252,AG-20,CLI-129,CAND-1420,Recrutement CDI,Terminée,2024-11-27,2024-12-07,70,60.2,122.7,2.038,8588.73,4213.91,4374.82
MISS-10253,AG-11,CLI-119,CAND-1495,Intérim IA/Data,Terminée,2024-06-07,2024-09-05,630,48.39,100.16,2.07,63099.51,30484.81,32614.7
MISS-10254,AG-01,CLI-119,CAND-1491,Intérim IA/Data,Terminée,2024-12-25,2025-02-23,420,50.25,88.53,1.762,37181.39,21103.37,16078.03
MISS-10255,AG-07,CLI-141,CAND-1262,Intérim IA/Data,Terminée,2026-04-11,2026-04-21,70,50.54,88.91,1.759,6223.85,3538.02,2685.83
MISS-10256,AG-09,CLI-121,CAND-1210,Intérim IA/Data,Terminée,2026-03-14,2026-09-10,1260,63.8,117.65,1.844,148239.97,80387.3,67852.67
MISS-10257,AG-08,CLI-145,CAND-1064,Management Transition,Terminée,2025-01-03,2025-03-04,420,42.48,84.75,1.995,35593.8,17840.19,17753.62
MISS-10258,AG-19,CLI-152,CAND-1414,Intérim IA/Data,Terminée,2025-04-10,2025-10-07,1260,42.25,81.35,1.926,102497.48,53230.19,49267.29
MISS-10259,AG-04,CLI-126,CAND-1092,Intérim IA/Data,En cours,2026-01-31,2026-02-20,140,39.45,78.05,1.978,10926.76,5523.68,5403.08
MISS-10260,AG-14,CLI-140,CAND-1252,Intérim IA/Data,Terminée,2024-02-06,2024-02-26,140,71.29,132.66,1.861,18572.71,9980.38,8592.33
MISS-10261,AG-02,CLI-138,CAND-1356,Intérim IA/Data,En cours,2026-07-04,2026-07-24,140,61.88,123.99,2.004,17358.56,8662.83,8695.74
MISS-10262,AG-07,CLI-176,CAND-1381,Intérim IA/Data,En cours,2025-04-28,2025-05-08,70,66.82,122.47,1.833,8572.79,4677.39,3895.41
MISS-10263,AG-22,CLI-172,CAND-1104,Recrutement CDI,Terminée,2025-09-13,2025-09-18,35,55.18,103.6,1.877,3625.9,1931.37,1694.52
MISS-10264,AG-14,CLI-168,CAND-1059,Intérim IA/Data,Terminée,2024-04-13,2024-10-10,1260,33.94,69.95,2.061,88137.07,42767.31,45369.76
MISS-10265,AG-03,CLI-140,CAND-1369,Intérim IA/Data,Annulée,2024-09-22,2024-10-12,140,73.97,147.96,2.0,20714.33,10356.31,10358.03
MISS-10266,AG-07,CLI-172,CAND-1460,Intérim IA/Data,Terminée,2024-05-25,2024-06-04,70,72.46,142.5,1.967,9974.79,5072.25,4902.53
MISS-10267,AG-08,CLI-141,CAND-1382,Recrutement CDI,Terminée,2024-10-19,2025-04-17,1260,31.66,65.1,2.057,82026.88,39885.66,42141.22
MISS-10268,AG-15,CLI-139,CAND-1494,Intérim IA/Data,Terminée,2025-07-17,2025-09-15,420,71.28,132.86,1.864,55799.11,29936.15,25862.96
MISS-10269,AG-02,CLI-141,CAND-1296,Intérim IA/Data,Terminée,2026-04-11,2026-10-08,1260,49.32,98.62,2.0,124263.33,62140.19,62123.14
MISS-10270,AG-15,CLI-134,CAND-1466,Recrutement CDI,En cours,2025-04-11,2025-05-01,140,67.16,123.71,1.842,17319.09,9402.97,7916.13
MISS-10271,AG-21,CLI-107,CAND-1176,Recrutement CDI,Terminée,2025-05-16,2025-07-15,420,73.69,141.74,1.923,59529.86,30951.14,28578.72
MISS-10272,AG-21,CLI-153,CAND-1360,Recrutement CDI,Terminée,2026-04-12,2026-06-11,420,50.03,96.39,1.927,40482.49,21010.75,19471.74
MISS-10273,AG-12,CLI-161,CAND-1236,Intérim IA/Data,Terminée,2025-09-21,2025-11-20,420,45.06,83.17,1.846,34931.51,18924.1,16007.41
MISS-10274,AG-14,CLI-109,CAND-1286,Intérim IA/Data,Terminée,2025-03-06,2025-05-05,420,65.16,128.61,1.974,54016.63,27365.17,26651.46
MISS-10275,AG-16,CLI-148,CAND-1451,Intérim IA/Data,Terminée,2024-04-04,2024-04-09,35,57.04,101.17,1.774,3540.78,1996.35,1544.44
MISS-10276,AG-22,CLI-169,CAND-1398,Recrutement CDI,En cours,2025-01-09,2025-01-29,140,56.88,109.16,1.919,15281.87,7963.59,7318.29
MISS-10277,AG-10,CLI-176,CAND-1323,Intérim IA/Data,Annulée,2025-07-08,2025-07-13,35,42.42,77.24,1.821,2703.42,1484.78,1218.64
MISS-10278,AG-19,CLI-122,CAND-1428,Recrutement CDI,Terminée,2026-03-21,2026-03-26,35,70.17,125.6,1.79,4396.07,2455.84,1940.22
MISS-10279,AG-16,CLI-116,CAND-1350,Management Transition,En cours,2025-07-18,2025-09-16,420,53.71,98.78,1.839,41486.15,22556.64,18929.51
MISS-10280,AG-02,CLI-141,CAND-1200,Intérim IA/Data,Terminée,2025-12-06,2026-06-04,1260,36.94,73.14,1.98,92157.35,46544.52,45612.84
MISS-10281,AG-17,CLI-158,CAND-1069,Management Transition,En cours,2026-06-09,2026-06-19,70,72.21,139.27,1.929,9748.79,5054.91,4693.88
MISS-10282,AG-16,CLI-168,CAND-1102,Intérim IA/Data,Annulée,2024-04-30,2024-05-10,70,42.12,73.86,1.754,5170.55,2948.69,2221.85
MISS-10283,AG-20,CLI-124,CAND-1009,Management Transition,Terminée,2024-10-27,2024-11-16,140,49.91,91.13,1.826,12758.43,6987.64,5770.79
MISS-10284,AG-21,CLI-172,CAND-1341,Intérim IA/Data,Terminée,2026-05-26,2026-06-15,140,60.41,122.63,2.03,17168.78,8457.88,8710.9
MISS-10285,AG-03,CLI-105,CAND-1447,Intérim IA/Data,Terminée,2026-01-29,2026-02-08,70,40.02,75.98,1.899,5318.59,2801.2,2517.39
MISS-10286,AG-10,CLI-148,CAND-1101,Recrutement CDI,Terminée,2025-07-11,2025-07-16,35,64.59,119.39,1.848,4178.48,2260.63,1917.85
MISS-10287,AG-11,CLI-110,CAND-1079,Intérim IA/Data,Terminée,2026-06-26,2026-12-23,1260,56.26,117.11,2.081,147554.91,70890.12,76664.8
MISS-10288,AG-18,CLI-126,CAND-1035,Intérim IA/Data,Terminée,2025-03-23,2025-04-02,70,57.9,104.52,1.805,7316.47,4053.06,3263.41
MISS-10289,AG-10,CLI-118,CAND-1069,Recrutement CDI,Terminée,2025-07-13,2025-09-11,420,61.63,120.76,1.96,50718.65,25883.15,24835.5
MISS-10290,AG-20,CLI-115,CAND-1309,Intérim IA/Data,Terminée,2026-02-24,2026-04-25,420,68.22,123.63,1.812,51926.32,28651.21,23275.11
MISS-10291,AG-22,CLI-171,CAND-1133,Intérim IA/Data,Terminée,2024-07-12,2024-07-22,70,36.86,67.58,1.834,4730.74,2579.93,2150.81
MISS-10292,AG-16,CLI-175,CAND-1194,Management Transition,Terminée,2025-08-10,2025-10-09,420,71.0,138.78,1.955,58286.25,29819.49,28466.76
MISS-10293,AG-17,CLI-127,CAND-1457,Intérim IA/Data,Terminée,2024-02-13,2024-02-18,35,59.8,124.3,2.079,4350.51,2092.99,2257.52
MISS-10294,AG-16,CLI-106,CAND-1158,Recrutement CDI,En cours,2024-09-27,2024-11-26,420,68.07,131.61,1.934,55277.57,28589.35,26688.22
MISS-10295,AG-08,CLI-154,CAND-1495,Intérim IA/Data,Terminée,2024-03-20,2024-06-18,630,51.83,99.3,1.916,62559.85,32652.82,29907.04
MISS-10296,AG-20,CLI-171,CAND-1488,Recrutement CDI,Terminée,2026-07-18,2026-08-07,140,45.51,84.9,1.865,11885.78,6371.9,5513.88
MISS-10297,AG-03,CLI-157,CAND-1334,Recrutement CDI,Terminée,2026-07-28,2026-10-26,630,59.26,106.93,1.805,67368.81,37332.34,30036.47
MISS-10298,AG-10,CLI-155,CAND-1094,Recrutement CDI,Terminée,2024-07-03,2024-07-13,70,54.91,105.68,1.925,7397.73,3843.77,3553.96
MISS-10299,AG-15,CLI-167,CAND-1016,Intérim IA/Data,En cours,2025-09-22,2025-11-21,420,70.73,143.71,2.032,60356.25,29706.72,30649.53
MISS-10300,AG-14,CLI-108,CAND-1463,Intérim IA/Data,Terminée,2024-04-16,2024-04-21,35,51.83,93.31,1.8,3265.76,1814.11,1451.65
MISS-10301,AG-14,CLI-162,CAND-1342,Management Transition,En cours,2025-10-24,2025-11-13,140,69.83,141.27,2.023,19778.05,9776.46,10001.59
MISS-10302,AG-01,CLI-149,CAND-1272,Recrutement CDI,Terminée,2026-03-29,2026-05-28,420,42.63,77.97,1.829,32748.29,17904.58,14843.71
MISS-10303,AG-22,CLI-103,CAND-1322,Intérim IA/Data,Terminée,2025-05-13,2025-11-09,1260,73.3,144.74,1.975,182374.7,92359.08,90015.62
MISS-10304,AG-04,CLI-168,CAND-1040,Intérim IA/Data,Terminée,2024-04-01,2024-04-21,140,32.49,64.01,1.97,8961.86,4548.35,4413.52
MISS-10305,AG-02,CLI-155,CAND-1392,Management Transition,Terminée,2026-02-16,2026-02-26,70,30.67,59.97,1.955,4197.81,2147.0,2050.81
MISS-10306,AG-13,CLI-152,CAND-1125,Recrutement CDI,Terminée,2026-05-05,2026-05-25,140,73.8,132.76,1.799,18586.46,10332.22,8254.25
MISS-10307,AG-07,CLI-125,CAND-1030,Intérim IA/Data,Terminée,2025-09-20,2025-11-19,420,52.05,103.34,1.985,43403.08,21862.29,21540.79
MISS-10308,AG-19,CLI-174,CAND-1100,Recrutement CDI,En cours,2024-08-15,2024-09-04,140,46.32,95.57,2.063,13379.63,6484.8,6894.84
MISS-10309,AG-18,CLI-155,CAND-1265,Intérim IA/Data,Terminée,2024-08-26,2025-02-22,1260,72.32,127.97,1.769,161242.16,91123.43,70118.73
MISS-10310,AG-21,CLI-151,CAND-1292,Intérim IA/Data,En cours,2026-05-21,2026-08-19,630,52.17,98.73,1.892,62201.16,32867.51,29333.65
MISS-10311,AG-19,CLI-177,CAND-1065,Intérim IA/Data,Terminée,2024-02-24,2024-03-05,70,51.84,104.84,2.022,7338.67,3629.05,3709.62
MISS-10312,AG-20,CLI-163,CAND-1470,Recrutement CDI,Terminée,2025-11-25,2025-11-30,35,74.63,144.03,1.93,5041.13,2611.92,2429.21
MISS-10313,AG-05,CLI-111,CAND-1406,Management Transition,En cours,2025-09-22,2025-12-21,630,74.25,155.51,2.094,97974.39,46777.81,51196.58
MISS-10314,AG-14,CLI-158,CAND-1196,Intérim IA/Data,Terminée,2026-05-05,2026-05-25,140,64.38,131.13,2.037,18358.72,9012.53,9346.19
MISS-10315,AG-14,CLI-144,CAND-1414,Management Transition,En cours,2025-02-15,2025-02-25,70,40.08,82.89,2.068,5802.4,2805.7,2996.71
MISS-10316,AG-10,CLI-160,CAND-1418,Recrutement CDI,Terminée,2025-01-29,2025-02-08,70,66.3,127.18,1.918,8902.5,4640.82,4261.68
MISS-10317,AG-15,CLI-151,CAND-1415,Recrutement CDI,Terminée,2024-11-23,2025-01-22,420,52.92,100.49,1.899,42206.52,22224.76,19981.76
MISS-10318,AG-09,CLI-121,CAND-1307,Recrutement CDI,Terminée,2025-05-02,2025-10-29,1260,48.94,100.93,2.062,127171.42,61662.87,65508.55
MISS-10319,AG-20,CLI-143,CAND-1346,Intérim IA/Data,Terminée,2024-08-12,2024-08-22,70,74.19,139.95,1.886,9796.77,5193.16,4603.61
MISS-10320,AG-12,CLI-145,CAND-1080,Intérim IA/Data,Terminée,2024-04-16,2024-10-13,1260,65.05,119.23,1.833,150231.02,81961.54,68269.48
MISS-10321,AG-12,CLI-105,CAND-1436,Intérim IA/Data,Terminée,2025-08-18,2025-09-07,140,53.99,101.35,1.877,14189.44,7558.5,6630.94
MISS-10322,AG-19,CLI-168,CAND-1336,Intérim IA/Data,Terminée,2025-01-09,2025-03-10,420,72.82,136.8,1.879,57456.74,30585.26,26871.49
MISS-10323,AG-18,CLI-179,CAND-1448,Management Transition,Terminée,2026-04-12,2026-04-22,70,46.51,92.13,1.981,6448.81,3255.46,3193.34
MISS-10324,AG-02,CLI-130,CAND-1180,Recrutement CDI,Annulée,2025-12-21,2026-01-10,140,56.43,104.89,1.859,14684.76,7900.32,6784.44
MISS-10325,AG-22,CLI-166,CAND-1029,Intérim IA/Data,Terminée,2024-06-29,2024-08-28,420,64.13,116.22,1.812,48813.58,26935.23,21878.35
MISS-10326,AG-21,CLI-170,CAND-1492,Intérim IA/Data,Terminée,2024-10-11,2025-04-09,1260,68.49,120.18,1.755,151431.61,86292.68,65138.92
MISS-10327,AG-16,CLI-118,CAND-1029,Intérim IA/Data,En cours,2025-01-23,2025-07-22,1260,42.31,74.4,1.758,93742.92,53314.38,40428.54
MISS-10328,AG-21,CLI-135,CAND-1026,Intérim IA/Data,Terminée,2024-03-17,2024-03-22,35,38.09,75.0,1.969,2624.88,1333.03,1291.86
MISS-10329,AG-02,CLI-160,CAND-1457,Intérim IA/Data,Annulée,2026-03-08,2026-06-06,630,62.6,126.29,2.017,79563.76,39438.07,40125.69
MISS-10330,AG-13,CLI-158,CAND-1065,Intérim IA/Data,Terminée,2025-06-23,2025-12-20,1260,61.85,121.93,1.971,153629.09,77928.35,75700.74
MISS-10331,AG-18,CLI-174,CAND-1450,Intérim IA/Data,En cours,2026-04-02,2026-04-22,140,44.32,79.09,1.785,11072.87,6204.72,4868.15
MISS-10332,AG-21,CLI-149,CAND-1167,Intérim IA/Data,Terminée,2024-04-10,2024-04-30,140,45.37,82.58,1.82,11561.61,6351.64,5209.96
MISS-10333,AG-15,CLI-122,CAND-1139,Management Transition,Terminée,2024-07-23,2024-10-21,630,64.61,132.64,2.053,83565.65,40707.44,42858.21
MISS-10334,AG-14,CLI-102,CAND-1456,Recrutement CDI,Terminée,2025-05-16,2025-06-05,140,62.69,115.93,1.849,16229.9,8776.69,7453.21
MISS-10335,AG-16,CLI-148,CAND-1075,Intérim IA/Data,Terminée,2025-09-09,2025-09-14,35,69.12,139.55,2.019,4884.17,2419.33,2464.84
MISS-10336,AG-18,CLI-102,CAND-1310,Intérim IA/Data,En cours,2026-06-08,2026-06-28,140,41.7,77.03,1.847,10783.87,5837.89,4945.98
MISS-10337,AG-15,CLI-154,CAND-1295,Intérim IA/Data,En cours,2024-08-24,2024-09-13,140,45.1,86.32,1.914,12085.47,6313.97,5771.5
MISS-10338,AG-06,CLI-145,CAND-1498,Intérim IA/Data,Terminée,2024-02-04,2024-04-04,420,50.64,101.73,2.009,42727.76,21270.29,21457.47
MISS-10339,AG-10,CLI-108,CAND-1127,Intérim IA/Data,Annulée,2024-03-01,2024-03-11,70,51.99,106.69,2.052,7468.26,3639.25,3829.01
MISS-10340,AG-21,CLI-117,CAND-1178,Intérim IA/Data,Terminée,2025-02-24,2025-03-06,70,54.03,101.53,1.879,7107.07,3782.13,3324.93
MISS-10341,AG-12,CLI-129,CAND-1067,Intérim IA/Data,Terminée,2024-07-05,2025-01-01,1260,34.14,61.69,1.807,77735.3,43016.12,34719.18
MISS-10342,AG-19,CLI-153,CAND-1410,Intérim IA/Data,Terminée,2024-06-29,2024-07-19,140,42.78,77.77,1.818,10887.22,5989.59,4897.63
MISS-10343,AG-16,CLI-127,CAND-1151,Recrutement CDI,Terminée,2024-02-25,2024-03-16,140,57.76,104.83,1.815,14675.83,8085.85,6589.98
MISS-10344,AG-17,CLI-163,CAND-1332,Management Transition,Terminée,2024-07-17,2024-07-27,70,50.37,96.46,1.915,6752.43,3525.99,3226.44
MISS-10345,AG-16,CLI-151,CAND-1222,Intérim IA/Data,Terminée,2025-05-05,2025-07-04,420,70.51,142.15,2.016,59701.32,29614.64,30086.68
MISS-10346,AG-11,CLI-120,CAND-1193,Intérim IA/Data,Terminée,2026-03-20,2026-03-25,35,68.11,127.47,1.872,4461.61,2383.73,2077.87
MISS-10347,AG-09,CLI-153,CAND-1482,Intérim IA/Data,Terminée,2025-05-27,2025-07-26,420,40.96,77.87,1.901,32704.84,17203.14,15501.7
MISS-10348,AG-12,CLI-160,CAND-1014,Intérim IA/Data,Terminée,2024-05-15,2024-05-25,70,69.48,135.31,1.947,9471.64,4863.85,4607.78
MISS-10349,AG-20,CLI-155,CAND-1187,Management Transition,En cours,2025-04-17,2025-07-16,630,66.96,135.75,2.027,85525.47,42183.63,43341.84
MISS-10350,AG-15,CLI-156,CAND-1458,Intérim IA/Data,Terminée,2024-10-24,2024-10-29,35,33.23,62.95,1.894,2203.17,1163.03,1040.13
MISS-10351,AG-22,CLI-123,CAND-1327,Intérim IA/Data,Terminée,2026-02-08,2026-08-07,1260,74.88,135.89,1.815,171215.11,94344.67,76870.44
MISS-10352,AG-01,CLI-130,CAND-1023,Intérim IA/Data,Terminée,2025-08-15,2025-09-04,140,57.61,117.8,2.045,16492.34,8065.05,8427.3
MISS-10353,AG-17,CLI-133,CAND-1051,Intérim IA/Data,En cours,2025-11-26,2026-01-25,420,30.99,64.28,2.074,26997.19,13016.09,13981.11
MISS-10354,AG-22,CLI-112,CAND-1146,Intérim IA/Data,Terminée,2026-06-28,2026-07-18,140,40.55,75.35,1.858,10549.57,5677.49,4872.08
MISS-10355,AG-15,CLI-167,CAND-1088,Intérim IA/Data,Terminée,2024-07-12,2024-09-10,420,60.56,108.16,1.786,45428.6,25433.2,19995.39
MISS-10356,AG-11,CLI-145,CAND-1127,Intérim IA/Data,Terminée,2025-07-23,2025-08-02,70,39.46,70.24,1.78,4916.94,2762.42,2154.51
MISS-10357,AG-17,CLI-160,CAND-1083,Recrutement CDI,Terminée,2024-05-07,2024-05-12,35,61.17,126.39,2.066,4423.52,2141.09,2282.43
MISS-10358,AG-02,CLI-136,CAND-1136,Intérim IA/Data,Terminée,2026-05-28,2026-11-24,1260,58.0,111.63,1.925,140655.48,73082.09,67573.39
MISS-10359,AG-09,CLI-104,CAND-1029,Recrutement CDI,En cours,2026-05-25,2026-05-30,35,57.24,117.16,2.047,4100.73,2003.25,2097.48
MISS-10360,AG-11,CLI-177,CAND-1248,Intérim IA/Data,Terminée,2024-01-11,2024-07-09,1260,50.76,97.47,1.92,122817.26,63955.44,58861.82
MISS-10361,AG-13,CLI-122,CAND-1182,Intérim IA/Data,Terminée,2025-05-16,2025-05-26,70,70.56,140.87,1.996,9860.93,4939.11,4921.82
MISS-10362,AG-10,CLI-176,CAND-1312,Intérim IA/Data,En cours,2024-11-26,2025-01-25,420,42.1,75.53,1.794,31721.54,17681.87,14039.66
MISS-10363,AG-14,CLI-127,CAND-1404,Intérim IA/Data,Terminée,2024-08-24,2024-08-29,35,61.13,123.34,2.018,4316.86,2139.62,2177.24
MISS-10364,AG-22,CLI-178,CAND-1113,Recrutement CDI,En cours,2026-06-06,2026-06-16,70,74.39,147.07,1.977,10295.12,5207.22,5087.91
MISS-10365,AG-14,CLI-155,CAND-1338,Intérim IA/Data,En cours,2024-12-12,2025-02-10,420,33.91,65.99,1.946,27717.34,14241.65,13475.69
MISS-10366,AG-09,CLI-104,CAND-1179,Intérim IA/Data,Terminée,2026-02-18,2026-08-17,1260,66.15,136.97,2.07,172576.65,83350.43,89226.22
MISS-10367,AG-08,CLI-165,CAND-1070,Intérim IA/Data,Terminée,2024-09-08,2024-09-18,70,43.69,78.35,1.793,5484.3,3058.25,2426.04
MISS-10368,AG-10,CLI-127,CAND-1370,Intérim IA/Data,Terminée,2025-02-09,2025-03-01,140,59.75,113.26,1.896,15857.03,8365.59,7491.44
MISS-10369,AG-04,CLI-118,CAND-1002,Recrutement CDI,Terminée,2024-11-21,2025-05-20,1260,35.79,66.79,1.866,84159.51,45092.27,39067.24
MISS-10370,AG-17,CLI-177,CAND-1342,Recrutement CDI,Terminée,2025-10-02,2025-10-12,70,63.05,118.41,1.878,8288.78,4413.69,3875.09
MISS-10371,AG-09,CLI-144,CAND-1319,Intérim IA/Data,Terminée,2024-12-31,2025-03-31,630,37.77,74.14,1.963,46709.9,23795.01,22914.88
MISS-10372,AG-09,CLI-156,CAND-1453,Intérim IA/Data,Terminée,2024-05-11,2024-05-21,70,60.08,121.95,2.03,8536.26,4205.54,4330.72
MISS-10373,AG-04,CLI-178,CAND-1170,Intérim IA/Data,Terminée,2024-02-12,2024-04-12,420,37.49,73.6,1.963,30913.07,15744.28,15168.8
MISS-10374,AG-15,CLI-133,CAND-1022,Intérim IA/Data,Terminée,2025-06-07,2025-06-17,70,69.59,140.12,2.014,9808.6,4871.23,4937.37
MISS-10375,AG-10,CLI-170,CAND-1106,Recrutement CDI,Terminée,2024-08-06,2024-08-26,140,63.29,115.37,1.823,16152.33,8859.98,7292.35
MISS-10376,AG-09,CLI-108,CAND-1292,Intérim IA/Data,Annulée,2025-03-08,2025-03-28,140,30.44,56.66,1.861,7931.73,4262.14,3669.59
MISS-10377,AG-19,CLI-177,CAND-1097,Intérim IA/Data,Terminée,2025-07-24,2026-01-20,1260,66.02,130.78,1.981,164785.78,83187.34,81598.44
MISS-10378,AG-18,CLI-160,CAND-1114,Intérim IA/Data,En cours,2024-08-22,2024-10-21,420,36.0,72.6,2.017,30492.24,15120.55,15371.69
MISS-10379,AG-22,CLI-132,CAND-1106,Intérim IA/Data,Terminée,2024-05-29,2024-06-18,140,61.79,117.21,1.897,16408.77,8650.43,7758.34
MISS-10380,AG-10,CLI-132,CAND-1338,Intérim IA/Data,Terminée,2024-02-16,2024-05-16,630,56.21,99.66,1.773,62784.63,35413.1,27371.53
MISS-10381,AG-06,CLI-170,CAND-1397,Management Transition,Terminée,2025-03-04,2025-05-03,420,46.05,86.97,1.889,36525.78,19339.86,17185.92
MISS-10382,AG-05,CLI-107,CAND-1263,Intérim IA/Data,Terminée,2026-01-05,2026-01-15,70,44.72,78.8,1.762,5515.68,3130.25,2385.44
MISS-10383,AG-17,CLI-111,CAND-1308,Intérim IA/Data,En cours,2024-11-03,2025-02-01,630,67.97,135.21,1.989,85182.34,42820.13,42362.22
MISS-10384,AG-03,CLI-141,CAND-1193,Management Transition,Terminée,2025-03-23,2025-09-19,1260,40.39,72.35,1.791,91163.88,50892.16,40271.72
MISS-10385,AG-15,CLI-172,CAND-1062,Intérim IA/Data,Terminée,2024-04-21,2024-07-20,630,63.29,132.81,2.098,83668.88,39875.18,43793.71
MISS-10386,AG-11,CLI-179,CAND-1293,Intérim IA/Data,Terminée,2024-01-16,2024-02-05,140,64.45,129.78,2.014,18169.76,9022.98,9146.79
MISS-10387,AG-11,CLI-112,CAND-1259,Intérim IA/Data,En cours,2025-10-19,2025-10-29,70,64.65,132.4,2.048,9268.01,4525.33,4742.68
MISS-10388,AG-11,CLI-169,CAND-1358,Intérim IA/Data,Terminée,2025-12-20,2025-12-30,70,57.9,115.89,2.002,8112.25,4052.92,4059.33
MISS-10389,AG-20,CLI-124,CAND-1163,Intérim IA/Data,Terminée,2024-03-15,2024-03-25,70,31.82,61.72,1.94,4320.26,2227.48,2092.79
MISS-10390,AG-16,CLI-153,CAND-1027,Intérim IA/Data,Terminée,2024-01-29,2024-02-18,140,70.83,127.58,1.801,17861.89,9916.85,7945.04
MISS-10391,AG-04,CLI-114,CAND-1255,Recrutement CDI,Terminée,2026-02-09,2026-04-10,420,38.84,78.8,2.029,33095.11,16312.97,16782.14
MISS-10392,AG-16,CLI-155,CAND-1385,Intérim IA/Data,Terminée,2024-09-01,2024-09-11,70,42.53,82.06,1.929,5743.87,2977.07,2766.8
MISS-10393,AG-02,CLI-117,CAND-1298,Management Transition,En cours,2026-01-25,2026-02-14,140,46.69,97.75,2.094,13685.43,6536.31,7149.12
MISS-10394,AG-20,CLI-109,CAND-1317,Intérim IA/Data,Terminée,2024-06-05,2024-08-04,420,39.59,70.61,1.783,29654.72,16628.94,13025.78
MISS-10395,AG-05,CLI-173,CAND-1213,Intérim IA/Data,Terminée,2026-04-01,2026-06-30,630,38.64,80.58,2.085,50764.92,24343.15,26421.77
MISS-10396,AG-07,CLI-108,CAND-1317,Intérim IA/Data,En cours,2026-01-26,2026-02-15,140,62.37,109.85,1.761,15378.97,8731.34,6647.63
MISS-10397,AG-02,CLI-131,CAND-1351,Intérim IA/Data,Terminée,2025-12-20,2026-06-18,1260,74.05,153.14,2.068,192959.92,93306.04,99653.88
MISS-10398,AG-04,CLI-116,CAND-1105,Intérim IA/Data,Terminée,2024-11-16,2024-12-06,140,44.35,90.3,2.036,12641.79,6209.51,6432.28
MISS-10399,AG-14,CLI-153,CAND-1329,Intérim IA/Data,Terminée,2024-01-24,2024-03-24,420,61.29,119.73,1.954,50287.53,25739.94,24547.59
MISS-10400,AG-08,CLI-147,CAND-1332,Intérim IA/Data,En cours,2024-05-28,2024-07-27,420,66.63,121.68,1.826,51104.69,27982.59,23122.09
MISS-10401,AG-03,CLI-156,CAND-1447,Intérim IA/Data,Terminée,2026-03-03,2026-03-08,35,38.59,76.48,1.982,2676.77,1350.72,1326.05
MISS-10402,AG-10,CLI-133,CAND-1140,Intérim IA/Data,Terminée,2026-07-20,2026-08-09,140,64.28,131.18,2.041,18364.51,8999.66,9364.85
MISS-10403,AG-01,CLI-112,CAND-1474,Recrutement CDI,Terminée,2026-04-06,2026-04-26,140,32.72,61.2,1.871,8568.41,4580.81,3987.6
MISS-10404,AG-04,CLI-160,CAND-1285,Management Transition,En cours,2026-04-21,2026-06-20,420,69.09,142.89,2.068,60011.79,29017.65,30994.14
MISS-10405,AG-09,CLI-113,CAND-1061,Management Transition,En cours,2026-07-23,2026-09-21,420,51.56,104.49,2.027,43886.02,21655.09,22230.93
MISS-10406,AG-18,CLI-179,CAND-1444,Recrutement CDI,En cours,2025-12-14,2025-12-24,70,53.02,106.92,2.017,7484.33,3711.11,3773.22
MISS-10407,AG-07,CLI-132,CAND-1400,Management Transition,Terminée,2024-10-03,2024-12-02,420,36.6,74.11,2.025,31124.47,15372.77,15751.69
MISS-10408,AG-21,CLI-149,CAND-1311,Intérim IA/Data,Terminée,2026-08-02,2026-10-31,630,38.66,70.05,1.812,44130.41,24355.36,19775.05
MISS-10409,AG-11,CLI-119,CAND-1419,Intérim IA/Data,Annulée,2026-06-08,2026-06-28,140,32.8,67.16,2.047,9401.87,4592.4,4809.47
MISS-10410,AG-01,CLI-175,CAND-1095,Intérim IA/Data,En cours,2024-07-13,2024-07-18,35,51.59,94.09,1.824,3293.0,1805.66,1487.34
MISS-10411,AG-09,CLI-131,CAND-1021,Intérim IA/Data,Terminée,2024-02-27,2024-03-18,140,56.46,104.19,1.845,14586.92,7904.84,6682.07
MISS-10412,AG-10,CLI-143,CAND-1332,Intérim IA/Data,Terminée,2024-05-27,2024-07-26,420,74.59,144.05,1.931,60502.39,31327.31,29175.07
MISS-10413,AG-18,CLI-159,CAND-1007,Recrutement CDI,Terminée,2026-02-08,2026-02-28,140,61.66,119.09,1.931,16672.35,8632.3,8040.04
MISS-10414,AG-06,CLI-110,CAND-1275,Intérim IA/Data,Terminée,2026-06-06,2026-06-16,70,58.2,118.64,2.039,8304.73,4073.72,4231.01
MISS-10415,AG-08,CLI-138,CAND-1247,Management Transition,Terminée,2025-05-21,2025-06-10,140,58.74,117.76,2.005,16486.45,8223.1,8263.35
MISS-10416,AG-12,CLI-175,CAND-1268,Intérim IA/Data,Terminée,2024-12-11,2025-03-11,630,70.65,125.06,1.77,78789.34,44509.86,34279.48
MISS-10417,AG-12,CLI-170,CAND-1026,Intérim IA/Data,Terminée,2026-01-15,2026-03-16,420,42.71,80.07,1.875,33629.26,17939.31,15689.95
MISS-10418,AG-09,CLI-146,CAND-1394,Intérim IA/Data,Terminée,2025-07-31,2026-01-27,1260,58.23,114.5,1.966,144263.86,73366.3,70897.56
MISS-10419,AG-07,CLI-172,CAND-1486,Management Transition,Terminée,2025-07-07,2025-09-05,420,64.49,133.18,2.065,55935.96,27087.5,28848.46
MISS-10420,AG-08,CLI-106,CAND-1395,Intérim IA/Data,En cours,2025-09-29,2025-10-19,140,32.19,64.68,2.009,9055.58,4506.89,4548.69
MISS-10421,AG-05,CLI-143,CAND-1341,Intérim IA/Data,Terminée,2025-02-07,2025-02-27,140,45.32,85.08,1.877,11910.6,6345.05,5565.55
MISS-10422,AG-09,CLI-150,CAND-1093,Intérim IA/Data,Terminée,2026-01-02,2026-03-03,420,72.11,139.83,1.939,58729.12,30286.05,28443.06
MISS-10423,AG-19,CLI-109,CAND-1033,Management Transition,Terminée,2026-05-12,2026-05-17,35,41.97,75.99,1.81,2659.5,1469.08,1190.42
MISS-10424,AG-02,CLI-137,CAND-1103,Intérim IA/Data,En cours,2026-05-05,2026-05-25,140,55.64,104.05,1.87,14567.07,7789.72,6777.35
MISS-10425,AG-19,CLI-176,CAND-1032,Intérim IA/Data,Terminée,2024-06-15,2024-06-25,70,42.21,80.03,1.896,5601.8,2954.39,2647.41
MISS-10426,AG-08,CLI-175,CAND-1115,Intérim IA/Data,Terminée,2025-09-04,2025-09-24,140,63.76,121.49,1.905,17008.3,8926.04,8082.26
MISS-10427,AG-03,CLI-154,CAND-1189,Intérim IA/Data,Terminée,2025-07-15,2026-01-11,1260,69.91,126.81,1.814,159776.45,88088.7,71687.75
MISS-10428,AG-13,CLI-132,CAND-1135,Intérim IA/Data,Terminée,2025-09-05,2025-09-25,140,31.29,57.86,1.849,8099.95,4380.38,3719.57
MISS-10429,AG-01,CLI-160,CAND-1317,Intérim IA/Data,Terminée,2025-06-28,2025-07-08,70,69.3,145.19,2.095,10163.23,4850.74,5312.49
MISS-10430,AG-13,CLI-136,CAND-1221,Recrutement CDI,Terminée,2025-11-10,2026-01-09,420,33.3,59.21,1.778,24866.28,13984.32,10881.96
MISS-10431,AG-14,CLI-154,CAND-1336,Intérim IA/Data,En cours,2024-06-23,2024-07-03,70,54.94,96.31,1.753,6741.8,3845.78,2896.02
MISS-10432,AG-20,CLI-157,CAND-1266,Intérim IA/Data,En cours,2024-07-11,2024-09-09,420,65.53,117.52,1.794,49359.85,27521.52,21838.33
MISS-10433,AG-12,CLI-169,CAND-1244,Intérim IA/Data,Terminée,2025-02-15,2025-08-14,1260,69.73,138.4,1.985,174384.92,87853.77,86531.15
MISS-10434,AG-02,CLI-105,CAND-1167,Intérim IA/Data,Terminée,2025-06-25,2025-07-15,140,52.52,100.63,1.916,14088.18,7353.26,6734.92
MISS-10435,AG-10,CLI-115,CAND-1399,Intérim IA/Data,En cours,2024-02-06,2024-05-06,630,69.15,132.82,1.921,83675.02,43567.37,40107.65
MISS-10436,AG-22,CLI-120,CAND-1374,Intérim IA/Data,Terminée,2025-06-30,2025-09-28,630,49.42,92.19,1.866,58082.2,31134.64,26947.56
MISS-10437,AG-03,CLI-160,CAND-1003,Management Transition,Terminée,2024-06-03,2024-06-23,140,34.92,72.59,2.079,10163.2,4888.37,5274.83
MISS-10438,AG-03,CLI-112,CAND-1176,Recrutement CDI,Terminée,2024-10-31,2024-11-20,140,55.01,106.0,1.927,14839.52,7701.34,7138.18
MISS-10439,AG-02,CLI-175,CAND-1430,Intérim IA/Data,Terminée,2025-09-05,2025-11-04,420,73.76,133.3,1.807,55986.65,30978.39,25008.26
MISS-10440,AG-02,CLI-118,CAND-1030,Intérim IA/Data,Terminée,2026-05-25,2026-06-14,140,52.22,96.39,1.846,13494.78,7310.87,6183.91
MISS-10441,AG-16,CLI-114,CAND-1497,Intérim IA/Data,En cours,2024-01-23,2024-04-22,630,55.18,107.54,1.949,67749.08,34760.34,32988.74
MISS-10442,AG-02,CLI-101,CAND-1073,Intérim IA/Data,Terminée,2024-09-30,2024-10-20,140,61.27,123.35,2.013,17269.55,8578.23,8691.32
MISS-10443,AG-04,CLI-166,CAND-1433,Recrutement CDI,Terminée,2025-05-01,2025-10-28,1260,58.56,122.47,2.092,154318.04,73782.19,80535.85
MISS-10444,AG-15,CLI-145,CAND-1290,Intérim IA/Data,Terminée,2025-05-08,2025-05-28,140,38.22,78.44,2.052,10981.27,5350.89,5630.38
MISS-10445,AG-19,CLI-144,CAND-1037,Recrutement CDI,Terminée,2026-03-29,2026-04-08,70,63.71,120.25,1.887,8417.23,4459.65,3957.58
MISS-10446,AG-21,CLI-152,CAND-1137,Intérim IA/Data,Terminée,2024-05-19,2024-06-08,140,55.16,96.65,1.752,13530.99,7721.87,5809.12
MISS-10447,AG-22,CLI-115,CAND-1487,Management Transition,Terminée,2026-07-28,2026-09-26,420,62.38,112.5,1.804,47249.23,26198.33,21050.9
MISS-10448,AG-16,CLI-175,CAND-1468,Intérim IA/Data,Terminée,2025-01-28,2025-03-29,420,53.59,95.92,1.79,40286.92,22509.48,17777.44
MISS-10449,AG-11,CLI-136,CAND-1011,Intérim IA/Data,En cours,2026-03-09,2026-03-19,70,57.21,110.28,1.927,7719.35,4004.88,3714.47
MISS-10450,AG-08,CLI-101,CAND-1321,Intérim IA/Data,Terminée,2024-01-30,2024-03-30,420,72.93,142.06,1.948,59664.49,30632.21,29032.28
MISS-10451,AG-01,CLI-126,CAND-1355,Recrutement CDI,Terminée,2026-05-29,2026-06-03,35,59.36,109.92,1.852,3847.13,2077.73,1769.4
MISS-10452,AG-03,CLI-129,CAND-1356,Intérim IA/Data,Terminée,2026-02-27,2026-08-26,1260,53.44,95.48,1.787,120301.02,67329.42,52971.6
MISS-10453,AG-12,CLI-179,CAND-1345,Intérim IA/Data,Terminée,2025-10-16,2025-10-21,35,46.71,96.9,2.075,3391.52,1634.76,1756.76
MISS-10454,AG-17,CLI-161,CAND-1247,Intérim IA/Data,En cours,2026-07-28,2026-08-07,70,37.25,76.11,2.043,5327.5,2607.33,2720.17
MISS-10455,AG-19,CLI-142,CAND-1093,Intérim IA/Data,Terminée,2025-03-21,2025-04-10,140,70.85,133.08,1.878,18630.54,9918.38,8712.16
MISS-10456,AG-20,CLI-116,CAND-1446,Intérim IA/Data,Terminée,2025-11-24,2025-11-29,35,35.01,69.21,1.977,2422.37,1225.47,1196.9
MISS-10457,AG-09,CLI-145,CAND-1029,Intérim IA/Data,Annulée,2025-10-05,2026-01-03,630,34.46,61.26,1.778,38596.49,21708.35,16888.13
MISS-10458,AG-16,CLI-177,CAND-1192,Intérim IA/Data,Terminée,2026-06-18,2026-12-15,1260,69.34,129.61,1.869,163303.99,87373.77,75930.22
MISS-10459,AG-15,CLI-140,CAND-1089,Intérim IA/Data,En cours,2025-10-31,2025-11-05,35,45.96,87.57,1.905,3064.99,1608.77,1456.22
MISS-10460,AG-13,CLI-172,CAND-1129,Recrutement CDI,Terminée,2026-01-05,2026-04-05,630,61.08,117.88,1.93,74261.63,38483.53,35778.1
MISS-10461,AG-05,CLI-108,CAND-1263,Recrutement CDI,Terminée,2024-09-14,2024-10-04,140,59.31,120.02,2.024,16802.2,8302.77,8499.43
MISS-10462,AG-11,CLI-156,CAND-1393,Management Transition,Terminée,2025-02-25,2025-03-17,140,31.96,56.5,1.768,7909.68,4473.74,3435.93
MISS-10463,AG-09,CLI-149,CAND-1403,Management Transition,En cours,2024-03-04,2024-03-09,35,67.09,137.82,2.054,4823.68,2348.29,2475.39
MISS-10464,AG-10,CLI-123,CAND-1244,Intérim IA/Data,Terminée,2025-02-23,2025-03-15,140,52.47,97.21,1.853,13609.4,7346.36,6263.03
MISS-10465,AG-18,CLI-135,CAND-1108,Intérim IA/Data,Terminée,2025-01-21,2025-02-10,140,68.06,142.46,2.093,19944.76,9528.24,10416.52
MISS-10466,AG-13,CLI-102,CAND-1137,Recrutement CDI,Terminée,2024-02-06,2024-02-16,70,65.24,117.5,1.801,8224.73,4566.73,3658.0
MISS-10467,AG-02,CLI-162,CAND-1487,Intérim IA/Data,Terminée,2024-04-05,2024-04-10,35,71.47,147.06,2.058,5147.13,2501.42,2645.71
MISS-10468,AG-01,CLI-107,CAND-1346,Intérim IA/Data,Terminée,2025-02-04,2025-02-24,140,51.37,92.81,1.807,12993.81,7192.48,5801.33
MISS-10469,AG-09,CLI-176,CAND-1297,Recrutement CDI,Terminée,2025-10-15,2025-12-14,420,51.59,102.93,1.995,43230.41,21669.39,21561.02
MISS-10470,AG-05,CLI-131,CAND-1192,Recrutement CDI,En cours,2025-12-03,2025-12-23,140,37.88,72.41,1.912,10136.93,5302.89,4834.05
MISS-10471,AG-01,CLI-156,CAND-1155,Intérim IA/Data,En cours,2025-06-26,2025-08-25,420,39.16,74.75,1.909,31396.98,16446.23,14950.75
MISS-10472,AG-18,CLI-152,CAND-1348,Intérim IA/Data,Terminée,2025-11-10,2026-01-09,420,65.12,116.13,1.783,48772.67,27349.08,21423.59
MISS-10473,AG-17,CLI-151,CAND-1047,Intérim IA/Data,En cours,2025-02-25,2025-08-24,1260,37.73,70.7,1.874,89087.58,47546.05,41541.53
MISS-10474,AG-14,CLI-116,CAND-1496,Management Transition,Terminée,2024-10-31,2024-11-10,70,65.06,114.63,1.762,8024.26,4554.2,3470.05
MISS-10475,AG-12,CLI-173,CAND-1498,Intérim IA/Data,Terminée,2025-10-18,2025-11-07,140,56.17,99.47,1.771,13925.4,7863.81,6061.59
MISS-10476,AG-17,CLI-160,CAND-1333,Intérim IA/Data,Terminée,2024-10-09,2024-10-14,35,52.17,91.97,1.763,3218.98,1825.83,1393.15
MISS-10477,AG-15,CLI-101,CAND-1352,Management Transition,Terminée,2025-05-03,2025-05-23,140,58.11,114.05,1.963,15966.79,8135.38,7831.41
MISS-10478,AG-22,CLI-128,CAND-1461,Intérim IA/Data,Terminée,2024-09-26,2024-12-25,630,32.98,60.78,1.843,38288.99,20774.29,17514.71
MISS-10479,AG-22,CLI-155,CAND-1109,Intérim IA/Data,Terminée,2026-02-20,2026-03-12,140,35.06,71.61,2.042,10025.43,4908.87,5116.56
MISS-10480,AG-02,CLI-131,CAND-1145,Intérim IA/Data,Terminée,2026-04-12,2026-05-02,140,69.7,139.05,1.995,19467.36,9758.43,9708.93
MISS-10481,AG-16,CLI-140,CAND-1208,Intérim IA/Data,Terminée,2025-03-20,2025-03-25,35,48.74,87.61,1.798,3066.31,1705.8,1360.51
MISS-10482,AG-12,CLI-179,CAND-1487,Intérim IA/Data,Terminée,2024-07-22,2024-08-01,70,37.04,66.94,1.807,4685.53,2593.02,2092.51
MISS-10483,AG-13,CLI-175,CAND-1454,Intérim IA/Data,Terminée,2025-04-11,2025-05-01,140,59.5,117.61,1.977,16465.22,8330.12,8135.1
MISS-10484,AG-02,CLI-152,CAND-1273,Intérim IA/Data,Terminée,2024-09-18,2024-10-08,140,31.8,56.92,1.79,7968.32,4451.32,3517.0
MISS-10485,AG-19,CLI-172,CAND-1403,Intérim IA/Data,Terminée,2024-05-17,2024-06-06,140,52.37,103.94,1.985,14551.9,7331.6,7220.3
MISS-10486,AG-16,CLI-158,CAND-1061,Intérim IA/Data,Terminée,2025-03-20,2025-03-30,70,47.25,96.14,2.035,6730.11,3307.15,3422.96
MISS-10487,AG-11,CLI-156,CAND-1311,Recrutement CDI,Terminée,2024-07-21,2024-09-19,420,31.59,64.28,2.035,26995.8,13266.97,13728.83
MISS-10488,AG-19,CLI-143,CAND-1317,Management Transition,Terminée,2024-02-15,2024-03-06,140,59.27,115.8,1.954,16211.74,8298.13,7913.61
MISS-10489,AG-15,CLI-149,CAND-1010,Intérim IA/Data,Terminée,2025-09-22,2026-03-21,1260,33.7,61.94,1.838,78048.85,42465.14,35583.71
MISS-10490,AG-13,CLI-100,CAND-1385,Recrutement CDI,Terminée,2026-04-22,2026-05-02,70,56.69,111.42,1.966,7799.46,3968.0,3831.46
MISS-10491,AG-07,CLI-109,CAND-1499,Intérim IA/Data,En cours,2025-06-24,2025-07-04,70,36.57,67.05,1.834,4693.4,2559.67,2133.73
MISS-10492,AG-09,CLI-109,CAND-1046,Intérim IA/Data,Terminée,2024-07-07,2024-10-05,630,71.1,139.03,1.955,87589.11,44792.8,42796.31
MISS-10493,AG-09,CLI-111,CAND-1440,Management Transition,Terminée,2025-03-28,2025-04-07,70,60.87,109.67,1.802,7677.0,4260.86,3416.14
MISS-10494,AG-04,CLI-158,CAND-1101,Intérim IA/Data,Terminée,2025-05-07,2025-05-12,35,41.96,84.67,2.018,2963.39,1468.51,1494.88
MISS-10495,AG-12,CLI-151,CAND-1085,Intérim IA/Data,Terminée,2024-04-25,2024-05-05,70,70.79,128.54,1.816,8997.97,4954.97,4043.0
MISS-10496,AG-09,CLI-157,CAND-1288,Intérim IA/Data,Terminée,2024-12-09,2024-12-14,35,69.29,124.64,1.799,4362.27,2425.1,1937.17
MISS-10497,AG-09,CLI-158,CAND-1160,Intérim IA/Data,Terminée,2025-08-12,2025-10-11,420,66.6,138.76,2.083,58279.31,27973.4,30305.91
MISS-10498,AG-06,CLI-144,CAND-1187,Recrutement CDI,Terminée,2024-08-01,2024-10-30,630,54.69,102.74,1.878,64725.5,34456.65,30268.85
MISS-10499,AG-21,CLI-178,CAND-1408,Recrutement CDI,Terminée,2024-07-26,2024-08-15,140,65.65,117.79,1.794,16491.21,9190.51,7300.69
MISS-10500,AG-18,CLI-176,CAND-1306,Intérim IA/Data,Terminée,2024-10-16,2025-01-14,630,49.74,99.03,1.991,62386.53,31338.95,31047.58
MISS-10501,AG-05,CLI-101,CAND-1479,Recrutement CDI,Annulée,2024-08-11,2024-10-10,420,40.96,75.47,1.843,31697.08,17201.95,14495.13
MISS-10502,AG-12,CLI-173,CAND-1411,Intérim IA/Data,En cours,2024-04-19,2024-10-16,1260,55.93,109.15,1.952,137532.12,70468.6,67063.52
MISS-10503,AG-15,CLI-169,CAND-1036,Intérim IA/Data,Terminée,2026-06-07,2026-06-27,140,56.03,110.91,1.979,15526.85,7844.68,7682.17
MISS-10504,AG-15,CLI-174,CAND-1386,Intérim IA/Data,En cours,2024-08-28,2024-10-27,420,59.93,108.49,1.81,45563.97,25171.27,20392.7
MISS-10505,AG-15,CLI-128,CAND-1389,Management Transition,En cours,2026-04-30,2026-10-27,1260,46.51,94.04,2.022,118493.19,58607.65,59885.53
MISS-10506,AG-15,CLI-176,CAND-1200,Intérim IA/Data,Terminée,2025-01-09,2025-03-10,420,45.42,87.19,1.92,36621.19,19075.03,17546.15
MISS-10507,AG-12,CLI-143,CAND-1140,Management Transition,Terminée,2025-01-03,2025-01-23,140,62.31,114.4,1.836,16015.81,8722.93,7292.88
MISS-10508,AG-03,CLI-165,CAND-1030,Intérim IA/Data,Terminée,2024-06-29,2024-07-19,140,36.92,71.75,1.943,10044.94,5169.13,4875.81
MISS-10509,AG-08,CLI-160,CAND-1426,Intérim IA/Data,Terminée,2024-11-12,2024-12-02,140,60.89,107.41,1.764,15037.8,8524.09,6513.7
MISS-10510,AG-14,CLI-167,CAND-1067,Intérim IA/Data,Terminée,2025-10-29,2025-11-03,35,56.06,115.99,2.069,4059.8,1962.02,2097.79
MISS-10511,AG-10,CLI-122,CAND-1230,Intérim IA/Data,Terminée,2025-04-13,2025-04-23,70,40.73,71.78,1.762,5024.26,2850.8,2173.47
MISS-10512,AG-09,CLI-155,CAND-1375,Intérim IA/Data,Terminée,2024-03-11,2024-05-10,420,41.03,82.53,2.011,34661.29,17232.1,17429.18
MISS-10513,AG-05,CLI-176,CAND-1127,Recrutement CDI,Terminée,2024-12-11,2024-12-31,140,42.49,81.95,1.929,11472.44,5948.62,5523.81
MISS-10514,AG-03,CLI-121,CAND-1279,Management Transition,Terminée,2025-04-05,2025-06-04,420,62.05,108.73,1.752,45667.6,26060.98,19606.62
MISS-10515,AG-04,CLI-170,CAND-1491,Management Transition,Terminée,2024-08-06,2024-10-05,420,64.62,125.15,1.937,52563.33,27141.13,25422.21
MISS-10516,AG-22,CLI-167,CAND-1432,Intérim IA/Data,En cours,2026-05-12,2026-06-01,140,75.0,152.22,2.03,21310.78,10499.87,10810.91
MISS-10517,AG-12,CLI-141,CAND-1261,Management Transition,Terminée,2025-09-29,2026-03-28,1260,56.13,102.68,1.83,129382.24,70719.29,58662.96
MISS-10518,AG-21,CLI-165,CAND-1115,Intérim IA/Data,En cours,2025-03-20,2025-04-09,140,66.51,137.27,2.064,19217.75,9311.29,9906.45
MISS-10519,AG-06,CLI-117,CAND-1316,Recrutement CDI,Terminée,2024-03-11,2024-03-21,70,36.06,63.29,1.755,4430.53,2524.12,1906.41
MISS-10520,AG-18,CLI-105,CAND-1300,Management Transition,En cours,2024-08-09,2024-08-29,140,54.01,109.06,2.019,15268.24,7561.15,7707.09
MISS-10521,AG-20,CLI-140,CAND-1027,Recrutement CDI,Terminée,2025-04-15,2025-06-14,420,54.8,106.45,1.943,44710.5,23015.75,21694.74
MISS-10522,AG-02,CLI-124,CAND-1057,Intérim IA/Data,Terminée,2025-04-25,2025-05-05,70,67.22,123.72,1.841,8660.55,4705.46,3955.09
MISS-10523,AG-15,CLI-148,CAND-1369,Intérim IA/Data,Terminée,2026-05-04,2026-07-03,420,56.94,100.34,1.762,42141.65,23912.74,18228.92
MISS-10524,AG-12,CLI-142,CAND-1384,Intérim IA/Data,Terminée,2025-07-04,2025-07-14,70,55.96,99.24,1.774,6947.11,3917.11,3030.01
MISS-10525,AG-01,CLI-141,CAND-1406,Intérim IA/Data,Terminée,2026-06-17,2026-06-27,70,58.27,122.3,2.099,8560.7,4079.2,4481.5
MISS-10526,AG-01,CLI-177,CAND-1010,Intérim IA/Data,Terminée,2026-05-17,2026-05-27,70,62.56,124.78,1.994,8734.44,4379.34,4355.1
MISS-10527,AG-05,CLI-164,CAND-1075,Management Transition,Terminée,2024-07-08,2025-01-04,1260,54.01,111.91,2.072,141000.38,68051.42,72948.96
MISS-10528,AG-08,CLI-158,CAND-1075,Intérim IA/Data,Terminée,2025-04-15,2025-05-05,140,30.64,54.31,1.773,7603.44,4289.12,3314.33
MISS-10529,AG-03,CLI-133,CAND-1087,Intérim IA/Data,Terminée,2024-07-26,2024-09-24,420,30.99,61.35,1.98,25768.24,13016.1,12752.13
MISS-10530,AG-11,CLI-121,CAND-1230,Recrutement CDI,Terminée,2024-11-28,2025-05-27,1260,31.94,56.44,1.767,71120.36,40246.43,30873.92
MISS-10531,AG-03,CLI-165,CAND-1106,Intérim IA/Data,En cours,2026-06-25,2026-07-15,140,61.94,124.34,2.007,17407.79,8671.89,8735.9
MISS-10532,AG-12,CLI-167,CAND-1346,Recrutement CDI,Terminée,2026-04-02,2026-04-12,70,59.27,106.36,1.795,7445.39,4148.72,3296.67
MISS-10533,AG-09,CLI-120,CAND-1261,Recrutement CDI,Annulée,2024-07-08,2025-01-04,1260,35.92,66.57,1.853,83882.0,45257.49,38624.51
MISS-10534,AG-13,CLI-117,CAND-1344,Intérim IA/Data,Terminée,2025-04-27,2025-05-17,140,62.89,125.81,2.0,17613.71,8804.82,8808.89
MISS-10535,AG-18,CLI-165,CAND-1216,Intérim IA/Data,Terminée,2024-08-11,2024-08-31,140,42.3,75.58,1.787,10581.33,5922.64,4658.69
MISS-10536,AG-21,CLI-129,CAND-1480,Intérim IA/Data,Terminée,2025-12-10,2025-12-30,140,33.1,65.65,1.983,9190.65,4634.3,4556.35
MISS-10537,AG-12,CLI-152,CAND-1436,Intérim IA/Data,Terminée,2024-08-08,2024-08-18,70,43.72,80.87,1.85,5660.77,3060.05,2600.71
MISS-10538,AG-13,CLI-123,CAND-1234,Intérim IA/Data,Terminée,2025-11-05,2026-01-04,420,39.37,70.6,1.793,29650.46,16535.53,13114.92
MISS-10539,AG-22,CLI-171,CAND-1266,Recrutement CDI,Terminée,2025-09-20,2025-09-30,70,40.77,74.24,1.821,5196.82,2854.25,2342.58
MISS-10540,AG-19,CLI-123,CAND-1436,Intérim IA/Data,Terminée,2024-06-09,2024-06-19,70,36.93,72.5,1.963,5074.81,2584.84,2489.97
MISS-10541,AG-22,CLI-115,CAND-1222,Intérim IA/Data,Terminée,2025-07-02,2025-08-31,420,36.38,71.08,1.954,29853.25,15281.49,14571.77
MISS-10542,AG-12,CLI-143,CAND-1091,Intérim IA/Data,Annulée,2024-10-03,2024-10-23,140,63.3,120.11,1.898,16815.25,8861.39,7953.85
MISS-10543,AG-09,CLI-103,CAND-1490,Recrutement CDI,Terminée,2025-10-13,2026-04-11,1260,58.1,107.15,1.844,135012.62,73209.75,61802.86
MISS-10544,AG-21,CLI-105,CAND-1185,Intérim IA/Data,Terminée,2026-07-28,2026-08-07,70,38.92,76.8,1.973,5376.2,2724.42,2651.78
MISS-10545,AG-09,CLI-142,CAND-1400,Recrutement CDI,Terminée,2026-01-07,2026-04-07,630,70.75,131.83,1.863,83051.69,44572.28,38479.41
MISS-10546,AG-12,CLI-151,CAND-1277,Intérim IA/Data,Terminée,2025-07-11,2025-07-31,140,43.54,82.35,1.891,11529.32,6096.28,5433.04
MISS-10547,AG-14,CLI-163,CAND-1366,Recrutement CDI,Terminée,2024-05-03,2024-10-30,1260,72.12,150.54,2.087,189674.7,90872.87,98801.82
MISS-10548,AG-16,CLI-107,CAND-1169,Management Transition,Terminée,2024-11-29,2024-12-19,140,53.84,111.17,2.065,15563.21,7538.22,8024.99
MISS-10549,AG-17,CLI-162,CAND-1199,Intérim IA/Data,Terminée,2024-06-28,2024-07-03,35,39.41,70.87,1.798,2480.52,1379.48,1101.03
MISS-10550,AG-08,CLI-121,CAND-1172,Intérim IA/Data,Terminée,2026-03-05,2026-05-04,420,52.57,106.24,2.021,44621.38,22080.11,22541.27
MISS-10551,AG-09,CLI-174,CAND-1447,Intérim IA/Data,Terminée,2024-05-24,2024-06-03,70,65.18,127.7,1.959,8938.78,4562.6,4376.18
MISS-10552,AG-01,CLI-104,CAND-1332,Recrutement CDI,En cours,2024-05-27,2024-08-25,630,65.41,126.87,1.94,79929.59,41210.8,38718.79
MISS-10553,AG-16,CLI-110,CAND-1218,Intérim IA/Data,En cours,2025-07-02,2025-12-29,1260,65.89,125.85,1.91,158566.42,83027.17,75539.25
MISS-10554,AG-15,CLI-103,CAND-1039,Recrutement CDI,Terminée,2024-06-05,2024-12-02,1260,69.86,131.91,1.888,166206.79,88018.42,78188.37
MISS-10555,AG-11,CLI-134,CAND-1043,Management Transition,Terminée,2026-05-21,2026-05-31,70,34.21,62.02,1.813,4341.19,2394.92,1946.27
MISS-10556,AG-09,CLI-162,CAND-1148,Intérim IA/Data,Terminée,2025-01-27,2025-02-16,140,66.8,131.42,1.968,18399.24,9351.54,9047.7
MISS-10557,AG-20,CLI-134,CAND-1310,Intérim IA/Data,Terminée,2025-07-17,2025-08-06,140,37.42,75.2,2.01,10527.33,5238.25,5289.08
MISS-10558,AG-14,CLI-164,CAND-1256,Intérim IA/Data,Terminée,2025-09-02,2025-12-01,630,71.96,149.12,2.072,93947.44,45335.34,48612.1
MISS-10559,AG-15,CLI-130,CAND-1261,Recrutement CDI,En cours,2025-09-17,2025-09-22,35,52.59,105.46,2.006,3691.22,1840.49,1850.73
MISS-10560,AG-08,CLI-141,CAND-1221,Recrutement CDI,Terminée,2025-02-10,2025-03-02,140,32.88,66.16,2.012,9261.92,4602.86,4659.06
MISS-10561,AG-17,CLI-158,CAND-1047,Recrutement CDI,En cours,2024-09-06,2024-09-16,70,34.92,61.36,1.757,4295.16,2444.5,1850.66
MISS-10562,AG-02,CLI-105,CAND-1392,Intérim IA/Data,Annulée,2024-06-27,2024-07-17,140,58.89,118.15,2.006,16541.06,8245.13,8295.93
MISS-10563,AG-20,CLI-155,CAND-1494,Recrutement CDI,Terminée,2026-03-03,2026-08-30,1260,31.01,58.95,1.901,74275.79,39074.39,35201.4
MISS-10564,AG-11,CLI-170,CAND-1196,Intérim IA/Data,Terminée,2025-05-24,2025-06-13,140,39.62,76.73,1.936,10741.61,5547.07,5194.53
MISS-10565,AG-01,CLI-166,CAND-1286,Recrutement CDI,Terminée,2024-04-26,2024-05-16,140,61.89,129.15,2.087,18080.31,8664.45,9415.86
MISS-10566,AG-06,CLI-107,CAND-1341,Intérim IA/Data,En cours,2024-02-26,2024-03-07,70,66.56,120.61,1.812,8442.91,4659.51,3783.41
MISS-10567,AG-13,CLI-102,CAND-1430,Intérim IA/Data,Terminée,2025-06-09,2025-06-19,70,46.87,92.2,1.967,6453.71,3281.09,3172.63
MISS-10568,AG-11,CLI-163,CAND-1050,Intérim IA/Data,Terminée,2024-10-10,2024-10-30,140,38.04,69.7,1.832,9757.72,5325.17,4432.55
MISS-10569,AG-07,CLI-112,CAND-1025,Intérim IA/Data,Terminée,2025-04-26,2025-05-06,70,43.11,82.41,1.912,5768.47,3017.51,2750.96
MISS-10570,AG-22,CLI-120,CAND-1185,Recrutement CDI,Terminée,2025-06-29,2025-07-19,140,57.41,114.15,1.988,15981.05,8036.95,7944.1
MISS-10571,AG-21,CLI-102,CAND-1169,Intérim IA/Data,Terminée,2025-09-25,2025-10-05,70,58.0,117.92,2.033,8254.35,4060.24,4194.11
MISS-10572,AG-09,CLI-111,CAND-1255,Intérim IA/Data,Terminée,2025-08-17,2025-08-27,70,53.9,110.6,2.052,7742.34,3773.0,3969.34
MISS-10573,AG-11,CLI-136,CAND-1318,Intérim IA/Data,Terminée,2024-04-18,2024-04-28,70,40.96,84.56,2.065,5919.43,2867.13,3052.3
MISS-10574,AG-04,CLI-128,CAND-1213,Intérim IA/Data,Terminée,2026-06-22,2026-07-12,140,33.06,59.02,1.785,8262.18,4628.77,3633.41
MISS-10575,AG-19,CLI-107,CAND-1050,Recrutement CDI,Terminée,2025-08-24,2025-09-03,70,38.6,69.41,1.798,4858.75,2701.97,2156.78
MISS-10576,AG-19,CLI-165,CAND-1434,Management Transition,Terminée,2024-05-09,2024-05-19,70,69.6,143.22,2.058,10025.37,4871.94,5153.43
MISS-10577,AG-17,CLI-152,CAND-1372,Intérim IA/Data,Terminée,2025-04-19,2025-05-09,140,49.78,87.48,1.757,12246.72,6969.52,5277.2
MISS-10578,AG-11,CLI-152,CAND-1175,Intérim IA/Data,Terminée,2025-10-13,2025-11-02,140,53.14,93.23,1.754,13051.68,7439.75,5611.93
MISS-10579,AG-12,CLI-177,CAND-1080,Recrutement CDI,Terminée,2024-11-05,2025-01-04,420,45.47,93.69,2.06,39349.84,19097.79,20252.06
MISS-10580,AG-12,CLI-115,CAND-1325,Recrutement CDI,Terminée,2024-02-02,2024-02-22,140,60.68,107.86,1.778,15101.08,8494.73,6606.35
MISS-10581,AG-06,CLI-161,CAND-1204,Intérim IA/Data,Terminée,2024-06-12,2024-07-02,140,34.47,68.85,1.997,9638.63,4825.98,4812.65
MISS-10582,AG-14,CLI-175,CAND-1057,Management Transition,Terminée,2026-02-09,2026-08-08,1260,53.74,98.58,1.834,124206.89,67717.26,56489.63
MISS-10583,AG-09,CLI-130,CAND-1214,Intérim IA/Data,En cours,2024-07-07,2024-10-05,630,35.31,64.25,1.82,40477.87,22243.85,18234.02
MISS-10584,AG-20,CLI-167,CAND-1400,Intérim IA/Data,Terminée,2025-07-31,2026-01-27,1260,63.68,114.48,1.798,144240.43,80230.65,64009.79
MISS-10585,AG-10,CLI-127,CAND-1494,Intérim IA/Data,Terminée,2025-02-08,2025-02-18,70,68.42,133.42,1.95,9339.73,4789.59,4550.14
MISS-10586,AG-02,CLI-152,CAND-1065,Recrutement CDI,En cours,2024-01-17,2024-02-06,140,73.66,151.6,2.058,21223.83,10313.1,10910.73
MISS-10587,AG-12,CLI-107,CAND-1020,Intérim IA/Data,Terminée,2024-11-15,2024-12-05,140,45.8,90.36,1.973,12650.43,6412.6,6237.82
MISS-10588,AG-06,CLI-110,CAND-1213,Intérim IA/Data,Terminée,2025-12-07,2025-12-27,140,55.41,108.18,1.953,15145.15,7756.74,7388.41
MISS-10589,AG-22,CLI-177,CAND-1326,Recrutement CDI,En cours,2024-08-23,2024-10-22,420,38.12,71.13,1.866,29873.2,16009.28,13863.91
MISS-10590,AG-03,CLI-176,CAND-1002,Recrutement CDI,Terminée,2025-04-12,2025-04-22,70,54.23,105.34,1.942,7373.6,3796.06,3577.54
MISS-10591,AG-04,CLI-156,CAND-1168,Intérim IA/Data,Terminée,2024-06-30,2024-07-10,70,40.44,78.84,1.95,5518.92,2830.8,2688.12
MISS-10592,AG-19,CLI-101,CAND-1115,Intérim IA/Data,Terminée,2024-02-02,2024-05-02,630,35.33,66.21,1.874,41711.27,22255.41,19455.87
MISS-10593,AG-01,CLI-110,CAND-1154,Intérim IA/Data,Terminée,2026-08-07,2026-08-12,35,53.82,111.75,2.076,3911.19,1883.74,2027.45
MISS-10594,AG-04,CLI-146,CAND-1334,Intérim IA/Data,Terminée,2024-01-07,2024-03-07,420,60.72,114.36,1.884,48032.6,25500.51,22532.09
MISS-10595,AG-09,CLI-108,CAND-1338,Intérim IA/Data,Terminée,2024-04-22,2024-05-12,140,46.03,89.48,1.944,12527.86,6444.47,6083.39
MISS-10596,AG-13,CLI-118,CAND-1380,Management Transition,Terminée,2024-05-19,2024-11-15,1260,60.65,124.35,2.05,156683.72,76424.68,80259.04
MISS-10597,AG-06,CLI-166,CAND-1307,Intérim IA/Data,Annulée,2024-06-17,2024-07-07,140,42.64,84.09,1.972,11772.88,5969.84,5803.04
MISS-10598,AG-01,CLI-164,CAND-1084,Recrutement CDI,Terminée,2025-05-12,2025-11-08,1260,48.95,86.23,1.762,108650.04,61674.77,46975.27
MISS-10599,AG-10,CLI-126,CAND-1318,Recrutement CDI,Terminée,2026-03-31,2026-05-30,420,71.67,143.71,2.005,60360.11,30102.84,30257.27
MISS-10600,AG-08,CLI-131,CAND-1389,Intérim IA/Data,Terminée,2025-02-15,2025-03-07,140,47.55,89.96,1.892,12594.75,6656.42,5938.34
MISS-10601,AG-07,CLI-150,CAND-1080,Intérim IA/Data,En cours,2025-10-13,2025-11-02,140,63.28,122.62,1.938,17167.16,8859.49,8307.67
MISS-10602,AG-15,CLI-162,CAND-1424,Management Transition,Terminée,2026-01-04,2026-01-24,140,70.13,127.46,1.818,17844.24,9817.97,8026.27
MISS-10603,AG-19,CLI-138,CAND-1147,Intérim IA/Data,En cours,2024-01-09,2024-01-19,70,36.04,65.22,1.81,4565.51,2522.92,2042.59
MISS-10604,AG-12,CLI-140,CAND-1091,Intérim IA/Data,En cours,2024-09-11,2024-10-01,140,41.66,76.24,1.83,10673.65,5832.67,4840.98
MISS-10605,AG-03,CLI-163,CAND-1062,Intérim IA/Data,Terminée,2025-12-02,2026-01-31,420,51.3,106.83,2.082,44868.7,21546.18,23322.51
MISS-10606,AG-10,CLI-159,CAND-1158,Management Transition,Terminée,2025-04-25,2025-05-15,140,50.67,102.85,2.03,14399.52,7094.39,7305.13
MISS-10607,AG-10,CLI-172,CAND-1371,Recrutement CDI,En cours,2026-05-22,2026-05-27,35,57.59,118.54,2.058,4149.04,2015.67,2133.37
MISS-10608,AG-16,CLI-129,CAND-1397,Intérim IA/Data,Terminée,2024-01-02,2024-03-02,420,34.39,61.21,1.78,25707.1,14444.31,11262.78
MISS-10609,AG-19,CLI-136,CAND-1284,Recrutement CDI,Terminée,2025-12-02,2025-12-22,140,52.91,105.96,2.003,14834.99,7407.61,7427.37
MISS-10610,AG-01,CLI-168,CAND-1148,Intérim IA/Data,Terminée,2024-11-14,2024-12-04,140,65.05,134.93,2.074,18890.29,9106.6,9783.69
MISS-10611,AG-17,CLI-100,CAND-1423,Intérim IA/Data,Terminée,2025-11-19,2025-11-24,35,64.96,127.67,1.965,4468.57,2273.58,2194.99
MISS-10612,AG-02,CLI-115,CAND-1147,Intérim IA/Data,Terminée,2024-03-20,2024-03-25,35,61.14,115.48,1.889,4041.69,2139.74,1901.94
MISS-10613,AG-02,CLI-143,CAND-1326,Intérim IA/Data,Terminée,2025-12-19,2025-12-29,70,49.6,87.14,1.757,6099.46,3472.03,2627.43
MISS-10614,AG-02,CLI-138,CAND-1437,Intérim IA/Data,En cours,2024-01-17,2024-02-06,140,47.13,92.63,1.966,12968.13,6597.65,6370.48
MISS-10615,AG-21,CLI-123,CAND-1479,Intérim IA/Data,Terminée,2026-05-27,2026-08-25,630,34.55,67.85,1.964,42742.84,21767.02,20975.82
MISS-10616,AG-01,CLI-108,CAND-1438,Intérim IA/Data,Terminée,2025-02-10,2025-02-20,70,49.56,90.91,1.834,6363.58,3469.27,2894.31
MISS-10617,AG-18,CLI-141,CAND-1226,Intérim IA/Data,Terminée,2025-10-29,2025-11-08,70,64.65,113.36,1.753,7935.33,4525.79,3409.54
MISS-10618,AG-14,CLI-102,CAND-1170,Recrutement CDI,Terminée,2024-05-16,2024-05-26,70,39.24,68.77,1.753,4813.67,2746.73,2066.94
MISS-10619,AG-08,CLI-157,CAND-1439,Intérim IA/Data,Terminée,2025-02-24,2025-03-06,70,74.09,139.01,1.876,9730.4,5186.09,4544.31
MISS-10620,AG-12,CLI-157,CAND-1046,Intérim IA/Data,Terminée,2026-04-08,2026-04-28,140,42.96,82.78,1.927,11589.73,6014.94,5574.79
MISS-10621,AG-03,CLI-170,CAND-1175,Recrutement CDI,Terminée,2026-04-30,2026-05-20,140,36.94,77.34,2.093,10827.02,5171.79,5655.23
MISS-10622,AG-19,CLI-111,CAND-1451,Intérim IA/Data,Terminée,2025-10-19,2025-10-29,70,65.08,123.35,1.895,8634.58,4555.9,4078.69
MISS-10623,AG-03,CLI-153,CAND-1414,Intérim IA/Data,Terminée,2026-05-17,2026-06-06,140,47.22,94.55,2.002,13237.62,6610.69,6626.93
MISS-10624,AG-02,CLI-170,CAND-1485,Intérim IA/Data,Terminée,2025-05-12,2025-06-01,140,59.48,118.37,1.99,16571.6,8327.58,8244.02
MISS-10625,AG-13,CLI-131,CAND-1055,Management Transition,En cours,2024-08-11,2024-10-10,420,74.93,141.51,1.888,59433.69,31472.3,27961.4
MISS-10626,AG-21,CLI-151,CAND-1445,Intérim IA/Data,Terminée,2024-03-22,2024-04-01,70,30.31,61.59,2.032,4310.99,2121.58,2189.4
MISS-10627,AG-21,CLI-144,CAND-1160,Intérim IA/Data,Terminée,2025-10-12,2025-10-17,35,35.5,68.74,1.937,2405.94,1242.33,1163.61
MISS-10628,AG-08,CLI-170,CAND-1479,Intérim IA/Data,Terminée,2025-05-17,2025-07-16,420,66.77,129.52,1.94,54397.08,28041.51,26355.57
MISS-10629,AG-05,CLI-108,CAND-1437,Recrutement CDI,En cours,2024-02-21,2024-03-12,140,72.4,138.78,1.917,19428.51,10135.48,9293.03
MISS-10630,AG-11,CLI-112,CAND-1217,Recrutement CDI,Terminée,2026-04-14,2026-07-13,630,54.02,94.72,1.754,59673.53,34030.4,25643.13
MISS-10631,AG-04,CLI-111,CAND-1238,Intérim IA/Data,Terminée,2024-12-01,2025-05-30,1260,71.08,136.75,1.924,172306.22,89561.79,82744.43
MISS-10632,AG-02,CLI-174,CAND-1336,Recrutement CDI,Terminée,2025-01-22,2025-02-01,70,37.07,68.43,1.846,4790.28,2595.14,2195.14
MISS-10633,AG-15,CLI-159,CAND-1004,Intérim IA/Data,Terminée,2026-07-27,2026-08-06,70,62.74,129.02,2.056,9031.35,4391.94,4639.41
MISS-10634,AG-03,CLI-127,CAND-1238,Intérim IA/Data,Terminée,2025-06-03,2025-06-08,35,70.67,127.84,1.809,4474.27,2473.6,2000.66
MISS-10635,AG-08,CLI-106,CAND-1495,Intérim IA/Data,En cours,2026-07-07,2026-07-17,70,37.08,64.93,1.751,4545.07,2595.65,1949.43
MISS-10636,AG-13,CLI-106,CAND-1151,Intérim IA/Data,Terminée,2025-05-23,2025-06-02,70,32.83,65.6,1.998,4592.13,2298.03,2294.1
MISS-10637,AG-03,CLI-135,CAND-1224,Management Transition,Terminée,2025-09-17,2025-10-07,140,39.53,76.41,1.933,10696.75,5534.18,5162.57
MISS-10638,AG-15,CLI-130,CAND-1471,Intérim IA/Data,En cours,2024-07-27,2024-08-16,140,63.91,126.67,1.982,17733.54,8947.21,8786.33
MISS-10639,AG-01,CLI-172,CAND-1152,Recrutement CDI,En cours,2026-01-27,2026-07-26,1260,68.66,139.37,2.03,175600.72,86508.54,89092.18
MISS-10640,AG-15,CLI-108,CAND-1205,Intérim IA/Data,Terminée,2024-04-22,2024-06-21,420,40.87,76.31,1.867,32051.53,17167.04,14884.49
MISS-10641,AG-21,CLI-156,CAND-1120,Intérim IA/Data,Terminée,2024-04-17,2024-04-27,70,30.72,62.69,2.041,4388.5,2150.16,2238.34
MISS-10642,AG-06,CLI-132,CAND-1159,Intérim IA/Data,Terminée,2024-09-16,2024-09-26,70,64.38,133.14,2.068,9319.6,4506.32,4813.29
MISS-10643,AG-01,CLI-164,CAND-1452,Management Transition,Terminée,2025-08-04,2025-08-24,140,32.48,60.67,1.868,8493.49,4547.47,3946.02
MISS-10644,AG-19,CLI-152,CAND-1125,Recrutement CDI,Annulée,2024-11-24,2024-12-14,140,69.43,144.17,2.076,20183.28,9720.27,10463.01
MISS-10645,AG-08,CLI-166,CAND-1329,Intérim IA/Data,Terminée,2025-10-11,2025-12-10,420,71.31,137.79,1.932,57871.0,29948.94,27922.06
MISS-10646,AG-03,CLI-112,CAND-1282,Intérim IA/Data,En cours,2024-09-04,2024-09-24,140,61.36,125.44,2.044,17560.99,8590.43,8970.56
MISS-10647,AG-05,CLI-111,CAND-1426,Intérim IA/Data,Terminée,2024-02-27,2024-03-08,70,32.51,66.86,2.056,4679.89,2275.76,2404.13
MISS-10648,AG-12,CLI-103,CAND-1279,Management Transition,Terminée,2025-12-05,2025-12-15,70,55.71,116.84,2.097,8178.68,3900.0,4278.68
MISS-10649,AG-03,CLI-147,CAND-1236,Intérim IA/Data,Terminée,2026-02-28,2026-05-29,630,41.2,72.29,1.755,45545.23,25955.2,19590.03
MISS-10650,AG-02,CLI-171,CAND-1354,Intérim IA/Data,En cours,2025-03-06,2025-06-04,630,50.13,94.6,1.887,59595.66,31582.68,28012.98
MISS-10651,AG-22,CLI-174,CAND-1212,Recrutement CDI,Terminée,2025-04-13,2025-04-18,35,67.82,123.32,1.818,4316.06,2373.72,1942.33
MISS-10652,AG-14,CLI-162,CAND-1214,Management Transition,Terminée,2025-01-29,2025-02-18,140,42.23,74.54,1.765,10435.29,5911.84,4523.46
MISS-10653,AG-04,CLI-115,CAND-1124,Intérim IA/Data,En cours,2024-08-28,2024-10-27,420,53.27,111.51,2.093,46834.7,22372.29,24462.42
MISS-10654,AG-01,CLI-151,CAND-1101,Intérim IA/Data,Terminée,2025-06-26,2025-07-06,70,69.19,143.74,2.078,10061.67,4843.05,5218.62
MISS-10655,AG-13,CLI-134,CAND-1069,Management Transition,Terminée,2024-12-17,2025-01-06,140,70.9,139.71,1.97,19560.04,9926.56,9633.48
MISS-10656,AG-22,CLI-132,CAND-1138,Management Transition,Terminée,2024-11-06,2024-11-16,70,57.25,105.47,1.842,7382.7,4007.7,3375.0
MISS-10657,AG-10,CLI-136,CAND-1135,Recrutement CDI,Terminée,2024-11-07,2024-11-27,140,44.29,91.49,2.066,12808.9,6199.96,6608.94
MISS-10658,AG-21,CLI-143,CAND-1455,Intérim IA/Data,Terminée,2025-09-11,2025-09-21,70,46.58,96.96,2.081,6787.14,3260.88,3526.27
MISS-10659,AG-20,CLI-169,CAND-1250,Intérim IA/Data,En cours,2026-03-31,2026-04-20,140,37.29,71.03,1.905,9944.65,5220.82,4723.83
MISS-10660,AG-13,CLI-170,CAND-1012,Intérim IA/Data,Terminée,2024-05-27,2024-06-16,140,34.83,63.28,1.817,8858.81,4876.43,3982.38
MISS-10661,AG-14,CLI-154,CAND-1206,Intérim IA/Data,En cours,2024-06-24,2024-07-14,140,32.01,65.86,2.058,9220.89,4481.34,4739.55
MISS-10662,AG-20,CLI-129,CAND-1268,Intérim IA/Data,Terminée,2025-10-06,2025-10-26,140,31.45,58.78,1.869,8229.7,4402.54,3827.16
MISS-10663,AG-12,CLI-153,CAND-1359,Intérim IA/Data,Terminée,2024-05-22,2024-06-11,140,50.2,102.89,2.05,14404.65,7027.37,7377.28
MISS-10664,AG-06,CLI-171,CAND-1230,Intérim IA/Data,En cours,2026-05-15,2026-08-13,630,73.95,141.45,1.913,89111.94,46590.78,42521.16
MISS-10665,AG-07,CLI-114,CAND-1029,Intérim IA/Data,Terminée,2024-03-24,2024-03-29,35,50.57,90.86,1.797,3180.11,1769.9,1410.2
MISS-10666,AG-18,CLI-115,CAND-1174,Intérim IA/Data,Terminée,2025-07-18,2025-08-07,140,52.69,96.31,1.828,13482.8,7376.76,6106.03
MISS-10667,AG-14,CLI-152,CAND-1317,Intérim IA/Data,Terminée,2024-11-05,2025-01-04,420,47.89,96.01,2.005,40322.45,20113.65,20208.81
MISS-10668,AG-14,CLI-128,CAND-1200,Intérim IA/Data,En cours,2025-10-06,2025-12-05,420,48.72,91.16,1.871,38289.07,20463.18,17825.88
MISS-10669,AG-01,CLI-171,CAND-1187,Intérim IA/Data,Terminée,2025-01-14,2025-03-15,420,67.62,127.5,1.886,53551.73,28399.44,25152.29
MISS-10670,AG-03,CLI-148,CAND-1436,Recrutement CDI,Terminée,2024-12-21,2025-01-10,140,65.7,133.14,2.026,18639.33,9198.0,9441.34
MISS-10671,AG-12,CLI-178,CAND-1340,Recrutement CDI,Terminée,2025-12-31,2026-03-01,420,60.08,113.29,1.886,47583.42,25234.82,22348.59
MISS-10672,AG-21,CLI-130,CAND-1458,Intérim IA/Data,Terminée,2025-02-22,2025-04-23,420,61.64,124.73,2.023,52385.07,25889.44,26495.62
MISS-10673,AG-05,CLI-143,CAND-1414,Intérim IA/Data,Terminée,2024-11-22,2024-12-12,140,46.15,90.63,1.964,12688.5,6461.05,6227.46
MISS-10674,AG-06,CLI-161,CAND-1059,Intérim IA/Data,Terminée,2026-01-05,2026-01-15,70,49.59,89.35,1.802,6254.59,3471.37,2783.23
MISS-10675,AG-03,CLI-121,CAND-1393,Recrutement CDI,En cours,2024-08-20,2024-09-09,140,43.23,83.91,1.941,11746.72,6051.76,5694.95
MISS-10676,AG-14,CLI-117,CAND-1447,Intérim IA/Data,En cours,2026-03-19,2026-05-18,420,30.01,60.19,2.006,25280.07,12605.32,12674.75
MISS-10677,AG-05,CLI-161,CAND-1332,Intérim IA/Data,En cours,2025-05-21,2025-06-10,140,43.9,81.11,1.848,11355.61,6145.78,5209.84
MISS-10678,AG-03,CLI-154,CAND-1175,Intérim IA/Data,Terminée,2026-04-15,2026-04-25,70,30.37,63.11,2.078,4418.0,2125.8,2292.2
MISS-10679,AG-04,CLI-119,CAND-1346,Intérim IA/Data,Terminée,2024-06-07,2024-06-12,35,72.61,150.18,2.068,5256.28,2541.52,2714.77
MISS-10680,AG-04,CLI-115,CAND-1336,Intérim IA/Data,Terminée,2026-05-07,2026-07-06,420,61.25,123.73,2.02,51964.7,25724.74,26239.96
MISS-10681,AG-01,CLI-167,CAND-1408,Recrutement CDI,Terminée,2025-11-13,2026-05-12,1260,67.39,139.97,2.077,176359.43,84916.52,91442.91
MISS-10682,AG-07,CLI-148,CAND-1491,Intérim IA/Data,En cours,2025-05-24,2025-06-13,140,68.69,134.51,1.958,18831.44,9617.16,9214.27
MISS-10683,AG-19,CLI-134,CAND-1244,Intérim IA/Data,Terminée,2024-11-16,2024-12-06,140,38.29,68.66,1.793,9612.3,5359.98,4252.32
MISS-10684,AG-21,CLI-102,CAND-1107,Intérim IA/Data,Terminée,2025-02-05,2025-02-15,70,52.13,97.38,1.868,6816.87,3648.97,3167.9
MISS-10685,AG-19,CLI-116,CAND-1226,Management Transition,En cours,2025-11-26,2026-01-25,420,64.99,124.88,1.922,52450.02,27294.79,25155.23
MISS-10686,AG-09,CLI-125,CAND-1319,Recrutement CDI,Terminée,2025-01-05,2025-01-25,140,47.07,87.02,1.849,12183.38,6589.1,5594.28
MISS-10687,AG-09,CLI-127,CAND-1086,Management Transition,Terminée,2025-11-24,2026-01-23,420,31.38,61.72,1.967,25921.22,13180.65,12740.57
MISS-10688,AG-07,CLI-175,CAND-1218,Intérim IA/Data,Terminée,2024-08-21,2024-08-31,70,38.56,75.24,1.952,5267.14,2699.01,2568.13
MISS-10689,AG-13,CLI-110,CAND-1312,Intérim IA/Data,Terminée,2026-04-13,2026-07-12,630,49.77,92.11,1.851,58031.49,31358.09,26673.39
MISS-10690,AG-14,CLI-146,CAND-1216,Intérim IA/Data,Terminée,2025-02-16,2025-03-08,140,34.22,63.83,1.865,8935.68,4791.43,4144.25
MISS-10691,AG-15,CLI-145,CAND-1312,Intérim IA/Data,Terminée,2024-09-04,2024-12-03,630,53.75,99.33,1.848,62577.56,33863.39,28714.17
MISS-10692,AG-17,CLI-153,CAND-1059,Management Transition,Terminée,2025-12-29,2026-01-18,140,73.39,145.06,1.977,20308.35,10274.78,10033.57
MISS-10693,AG-11,CLI-153,CAND-1019,Intérim IA/Data,En cours,2024-03-22,2024-03-27,35,37.97,72.28,1.904,2529.94,1329.04,1200.9
MISS-10694,AG-05,CLI-165,CAND-1457,Intérim IA/Data,Terminée,2025-06-24,2025-12-21,1260,56.5,112.89,1.998,142240.63,71186.38,71054.25
MISS-10695,AG-11,CLI-135,CAND-1371,Intérim IA/Data,Terminée,2025-03-04,2025-03-24,140,57.85,111.1,1.92,15554.35,8099.27,7455.08
MISS-10696,AG-20,CLI-159,CAND-1047,Management Transition,Terminée,2024-11-20,2024-11-30,70,64.56,133.86,2.074,9370.19,4518.97,4851.22
MISS-10697,AG-22,CLI-131,CAND-1049,Intérim IA/Data,Terminée,2025-03-17,2025-04-06,140,55.89,99.04,1.772,13866.23,7824.79,6041.44
MISS-10698,AG-03,CLI-161,CAND-1253,Intérim IA/Data,En cours,2024-02-20,2024-04-20,420,41.05,82.01,1.998,34442.24,17241.22,17201.02
MISS-10699,AG-08,CLI-175,CAND-1068,Intérim IA/Data,En cours,2025-12-28,2026-01-07,70,60.13,122.09,2.03,8546.54,4209.3,4337.25
MISS-10700,AG-04,CLI-166,CAND-1033,Intérim IA/Data,Terminée,2025-05-22,2025-06-11,140,41.01,79.22,1.932,11090.59,5741.89,5348.7
MISS-10701,AG-06,CLI-174,CAND-1499,Recrutement CDI,En cours,2024-12-27,2025-03-27,630,46.56,87.67,1.883,55235.07,29332.83,25902.23
MISS-10702,AG-01,CLI-144,CAND-1170,Recrutement CDI,Terminée,2024-01-24,2024-03-24,420,54.96,102.24,1.86,42940.27,23083.11,19857.16
MISS-10703,AG-16,CLI-137,CAND-1102,Intérim IA/Data,Terminée,2024-08-22,2024-10-21,420,37.86,66.73,1.762,28025.24,15901.42,12123.82
MISS-10704,AG-16,CLI-164,CAND-1343,Recrutement CDI,Terminée,2024-09-30,2024-10-10,70,49.22,93.36,1.897,6535.29,3445.12,3090.17
MISS-10705,AG-06,CLI-158,CAND-1158,Recrutement CDI,Terminée,2025-11-08,2025-11-18,70,34.11,67.03,1.965,4691.83,2387.63,2304.21
MISS-10706,AG-22,CLI-157,CAND-1319,Recrutement CDI,Terminée,2025-11-09,2025-11-29,140,48.18,85.96,1.784,12034.53,6745.9,5288.63
MISS-10707,AG-14,CLI-144,CAND-1287,Intérim IA/Data,Terminée,2024-12-03,2024-12-13,70,31.76,62.18,1.958,4352.8,2222.99,2129.81
MISS-10708,AG-01,CLI-160,CAND-1265,Intérim IA/Data,Terminée,2024-08-26,2025-02-22,1260,64.01,122.05,1.907,153776.92,80650.11,73126.8
MISS-10709,AG-19,CLI-121,CAND-1358,Intérim IA/Data,En cours,2024-11-05,2024-11-25,140,40.71,84.19,2.068,11786.77,5700.08,6086.69
MISS-10710,AG-22,CLI-133,CAND-1487,Recrutement CDI,Terminée,2025-09-15,2025-10-05,140,47.03,91.37,1.943,12791.74,6584.16,6207.58
MISS-10711,AG-13,CLI-176,CAND-1417,Management Transition,Terminée,2025-09-24,2026-03-23,1260,59.72,115.76,1.938,145855.94,75249.67,70606.27
MISS-10712,AG-12,CLI-133,CAND-1147,Intérim IA/Data,Terminée,2025-12-08,2025-12-18,70,70.81,133.28,1.882,9329.46,4956.5,4372.96
MISS-10713,AG-01,CLI-109,CAND-1257,Intérim IA/Data,Terminée,2025-09-28,2025-10-08,70,59.48,120.04,2.018,8402.98,4163.48,4239.51
MISS-10714,AG-16,CLI-161,CAND-1339,Intérim IA/Data,En cours,2025-07-05,2025-07-25,140,36.36,71.48,1.966,10007.03,5090.93,4916.1
MISS-10715,AG-20,CLI-148,CAND-1491,Recrutement CDI,Terminée,2024-04-20,2024-05-10,140,48.26,97.63,2.023,13668.74,6756.12,6912.62
MISS-10716,AG-21,CLI-173,CAND-1217,Recrutement CDI,En cours,2026-08-04,2026-10-03,420,45.7,93.12,2.038,39111.54,19193.07,19918.47
MISS-10717,AG-10,CLI-107,CAND-1221,Intérim IA/Data,Terminée,2024-05-01,2024-05-11,70,31.74,60.48,1.905,4233.36,2221.77,2011.59
MISS-10718,AG-17,CLI-101,CAND-1293,Intérim IA/Data,Terminée,2026-04-15,2026-04-25,70,60.6,122.79,2.026,8595.12,4242.04,4353.08
MISS-10719,AG-04,CLI-113,CAND-1399,Intérim IA/Data,Terminée,2025-10-13,2025-10-23,70,61.78,116.85,1.892,8179.55,4324.33,3855.22
MISS-10720,AG-08,CLI-140,CAND-1191,Intérim IA/Data,Terminée,2024-10-24,2024-11-03,70,62.63,126.72,2.023,8870.46,4384.34,4486.12
MISS-10721,AG-06,CLI-177,CAND-1234,Intérim IA/Data,Terminée,2024-12-04,2025-06-02,1260,40.1,83.03,2.071,104622.34,50529.96,54092.38
MISS-10722,AG-18,CLI-109,CAND-1462,Intérim IA/Data,Terminée,2026-05-28,2026-06-17,140,59.6,107.36,1.801,15030.36,8344.14,6686.22
MISS-10723,AG-17,CLI-152,CAND-1233,Intérim IA/Data,Terminée,2025-07-14,2025-08-03,140,31.08,57.51,1.85,8051.98,4351.61,3700.37
MISS-10724,AG-05,CLI-122,CAND-1469,Intérim IA/Data,Terminée,2025-07-28,2025-08-17,140,72.87,139.36,1.913,19510.37,10201.37,9309.0
MISS-10725,AG-20,CLI-112,CAND-1423,Intérim IA/Data,Terminée,2024-12-21,2025-03-21,630,42.98,75.92,1.766,47830.09,27079.51,20750.58
MISS-10726,AG-13,CLI-166,CAND-1320,Intérim IA/Data,Terminée,2026-02-02,2026-02-22,140,58.12,117.79,2.027,16490.02,8136.9,8353.12
MISS-10727,AG-08,CLI-123,CAND-1164,Intérim IA/Data,Terminée,2026-06-29,2026-07-19,140,61.1,123.5,2.021,17290.58,8553.89,8736.69
MISS-10728,AG-16,CLI-156,CAND-1451,Intérim IA/Data,Terminée,2026-04-25,2026-05-15,140,71.9,141.1,1.963,19753.75,10065.55,9688.2
MISS-10729,AG-19,CLI-116,CAND-1144,Intérim IA/Data,Terminée,2025-06-12,2025-06-22,70,42.72,79.6,1.864,5572.05,2990.06,2581.99
MISS-10730,AG-21,CLI-153,CAND-1403,Intérim IA/Data,Terminée,2026-04-28,2026-10-25,1260,46.24,91.66,1.982,115495.5,58264.93,57230.57
MISS-10731,AG-11,CLI-132,CAND-1393,Management Transition,Annulée,2025-10-19,2025-11-08,140,68.28,127.47,1.867,17845.79,9558.67,8287.12
MISS-10732,AG-17,CLI-163,CAND-1371,Recrutement CDI,En cours,2025-02-27,2025-03-09,70,52.59,100.42,1.91,7029.39,3681.05,3348.34
MISS-10733,AG-14,CLI-135,CAND-1158,Recrutement CDI,Terminée,2026-03-02,2026-05-01,420,57.5,118.42,2.059,49734.8,24149.87,25584.93
MISS-10734,AG-07,CLI-140,CAND-1217,Recrutement CDI,Terminée,2024-03-17,2024-04-06,140,33.06,63.48,1.92,8887.15,4628.79,4258.37
MISS-10735,AG-18,CLI-165,CAND-1176,Intérim IA/Data,En cours,2024-09-19,2024-10-09,140,56.93,102.25,1.796,14315.52,7970.12,6345.39
MISS-10736,AG-08,CLI-158,CAND-1311,Intérim IA/Data,Terminée,2025-03-18,2025-03-28,70,36.5,74.44,2.039,5210.56,2555.14,2655.42
MISS-10737,AG-22,CLI-129,CAND-1274,Intérim IA/Data,Terminée,2025-03-28,2025-04-17,140,35.84,63.14,1.762,8840.28,5017.0,3823.29
MISS-10738,AG-12,CLI-117,CAND-1249,Recrutement CDI,Terminée,2026-04-15,2026-05-05,140,39.14,69.67,1.78,9754.1,5479.68,4274.42
MISS-10739,AG-10,CLI-104,CAND-1031,Intérim IA/Data,Terminée,2025-03-16,2025-04-05,140,60.16,126.17,2.097,17663.49,8422.58,9240.91
MISS-10740,AG-13,CLI-105,CAND-1382,Intérim IA/Data,Terminée,2025-08-11,2025-11-09,630,63.99,123.92,1.936,78068.3,40315.78,37752.52
MISS-10741,AG-08,CLI-161,CAND-1394,Recrutement CDI,Terminée,2026-01-07,2026-01-17,70,42.86,87.68,2.046,6137.75,3000.27,3137.48
MISS-10742,AG-14,CLI-121,CAND-1156,Intérim IA/Data,Terminée,2025-08-18,2026-02-14,1260,65.22,120.13,1.842,151367.75,82183.22,69184.53
MISS-10743,AG-21,CLI-107,CAND-1453,Management Transition,Terminée,2024-10-20,2024-12-19,420,68.14,133.68,1.962,56146.65,28618.5,27528.15
MISS-10744,AG-10,CLI-172,CAND-1068,Recrutement CDI,Terminée,2024-02-20,2024-03-11,140,52.8,92.48,1.751,12946.72,7392.65,5554.07
MISS-10745,AG-18,CLI-126,CAND-1474,Management Transition,Terminée,2024-09-24,2024-10-04,70,42.13,77.29,1.835,5410.25,2949.12,2461.13
MISS-10746,AG-19,CLI-174,CAND-1303,Intérim IA/Data,Terminée,2024-02-24,2024-03-15,140,48.83,92.21,1.888,12909.87,6836.6,6073.28
MISS-10747,AG-21,CLI-147,CAND-1442,Intérim IA/Data,Terminée,2024-05-17,2024-07-16,420,58.59,108.3,1.849,45487.67,24607.38,20880.28
MISS-10748,AG-04,CLI-133,CAND-1308,Intérim IA/Data,En cours,2024-06-10,2024-06-20,70,32.79,62.21,1.897,4354.8,2295.54,2059.26
MISS-10749,AG-15,CLI-179,CAND-1038,Intérim IA/Data,Terminée,2024-12-23,2025-01-12,140,54.35,105.45,1.94,14763.06,7609.3,7153.76
MISS-10750,AG-11,CLI-111,CAND-1484,Intérim IA/Data,En cours,2024-07-04,2024-10-02,630,50.62,93.81,1.853,59098.33,31887.54,27210.79
MISS-10751,AG-18,CLI-170,CAND-1091,Recrutement CDI,Terminée,2025-08-29,2025-09-08,70,30.41,57.59,1.894,4031.11,2128.6,1902.51
MISS-10752,AG-09,CLI-122,CAND-1276,Intérim IA/Data,Terminée,2026-03-23,2026-05-22,420,62.58,115.21,1.841,48386.19,26281.66,22104.53
MISS-10753,AG-12,CLI-153,CAND-1066,Intérim IA/Data,En cours,2025-06-15,2025-09-13,630,71.05,130.42,1.836,82167.63,44758.39,37409.24
MISS-10754,AG-03,CLI-115,CAND-1166,Intérim IA/Data,Terminée,2024-02-22,2024-03-13,140,68.21,132.96,1.949,18614.97,9549.95,9065.02
MISS-10755,AG-12,CLI-177,CAND-1375,Intérim IA/Data,En cours,2024-12-15,2024-12-20,35,67.05,125.13,1.866,4379.53,2346.73,2032.8
MISS-10756,AG-20,CLI-156,CAND-1226,Management Transition,Terminée,2026-03-15,2026-05-14,420,41.27,79.16,1.918,33247.47,17331.85,15915.61
MISS-10757,AG-10,CLI-104,CAND-1386,Intérim IA/Data,Terminée,2026-05-05,2026-05-25,140,63.89,114.95,1.799,16093.07,8944.24,7148.82
MISS-10758,AG-13,CLI-106,CAND-1153,Intérim IA/Data,Terminée,2024-06-17,2024-08-16,420,40.8,79.63,1.951,33443.64,17137.7,16305.95
MISS-10759,AG-20,CLI-115,CAND-1113,Intérim IA/Data,Terminée,2025-10-06,2025-10-16,70,52.1,97.44,1.87,6820.65,3646.76,3173.9
MISS-10760,AG-11,CLI-111,CAND-1459,Intérim IA/Data,Terminée,2026-04-04,2026-04-24,140,74.15,153.02,2.064,21422.19,10380.53,11041.66
MISS-10761,AG-07,CLI-166,CAND-1012,Intérim IA/Data,Terminée,2025-11-17,2026-01-16,420,61.42,122.68,1.997,51526.3,25796.25,25730.05
MISS-10762,AG-21,CLI-174,CAND-1287,Recrutement CDI,En cours,2024-06-08,2024-06-13,35,34.22,62.25,1.819,2178.88,1197.61,981.28
MISS-10763,AG-12,CLI-114,CAND-1220,Recrutement CDI,En cours,2025-11-13,2025-11-23,70,59.46,121.54,2.044,8508.09,4161.97,4346.12
MISS-10764,AG-04,CLI-147,CAND-1112,Intérim IA/Data,Terminée,2026-06-09,2026-06-14,35,32.29,67.3,2.085,2355.53,1130.02,1225.51
MISS-10765,AG-19,CLI-138,CAND-1117,Intérim IA/Data,En cours,2026-03-15,2026-04-04,140,31.7,65.65,2.071,9190.56,4437.57,4752.98
MISS-10766,AG-21,CLI-165,CAND-1468,Intérim IA/Data,Terminée,2025-06-04,2025-06-14,70,34.36,71.62,2.084,5013.49,2405.49,2608.0
MISS-10767,AG-15,CLI-117,CAND-1215,Intérim IA/Data,Terminée,2025-06-13,2025-09-11,630,51.76,99.05,1.913,62400.79,32611.0,29789.79
MISS-10768,AG-09,CLI-165,CAND-1381,Intérim IA/Data,Terminée,2026-04-02,2026-06-01,420,63.26,131.93,2.086,55412.09,26569.87,28842.22
MISS-10769,AG-20,CLI-166,CAND-1290,Intérim IA/Data,Terminée,2024-04-20,2024-04-30,70,31.1,54.52,1.753,3816.37,2177.01,1639.36
MISS-10770,AG-16,CLI-152,CAND-1011,Intérim IA/Data,En cours,2025-11-15,2025-11-20,35,57.33,118.21,2.062,4137.45,2006.44,2131.01
MISS-10771,AG-11,CLI-160,CAND-1345,Intérim IA/Data,En cours,2025-03-25,2025-03-30,35,68.91,122.02,1.771,4270.62,2411.87,1858.76
MISS-10772,AG-13,CLI-111,CAND-1364,Intérim IA/Data,Terminée,2024-06-04,2024-06-24,140,51.71,102.03,1.973,14284.29,7239.38,7044.91
MISS-10773,AG-11,CLI-158,CAND-1372,Intérim IA/Data,Terminée,2026-05-17,2026-06-06,140,68.48,140.48,2.052,19666.76,9586.5,10080.26
MISS-10774,AG-17,CLI-179,CAND-1271,Intérim IA/Data,Terminée,2024-01-09,2024-03-09,420,55.57,102.14,1.838,42900.73,23338.22,19562.51
MISS-10775,AG-16,CLI-112,CAND-1142,Intérim IA/Data,Terminée,2025-05-03,2025-05-23,140,40.11,75.01,1.87,10501.11,5616.07,4885.04
MISS-10776,AG-11,CLI-158,CAND-1081,Recrutement CDI,Terminée,2025-10-08,2025-10-28,140,39.06,69.66,1.784,9752.07,5467.79,4284.27
MISS-10777,AG-21,CLI-177,CAND-1286,Intérim IA/Data,Terminée,2025-05-21,2025-11-17,1260,44.82,92.27,2.059,116258.88,56476.2,59782.69
MISS-10778,AG-01,CLI-133,CAND-1471,Recrutement CDI,Terminée,2025-10-19,2025-12-18,420,43.8,77.93,1.779,32729.67,18396.43,14333.23
MISS-10779,AG-18,CLI-140,CAND-1043,Intérim IA/Data,Annulée,2025-02-19,2025-03-01,70,35.64,62.61,1.757,4382.87,2495.11,1887.77
MISS-10780,AG-11,CLI-152,CAND-1364,Intérim IA/Data,Terminée,2024-09-13,2024-09-18,35,58.75,120.45,2.05,4215.82,2056.1,2159.72
MISS-10781,AG-02,CLI-154,CAND-1155,Intérim IA/Data,En cours,2024-08-16,2024-09-05,140,30.63,59.61,1.946,8345.32,4287.79,4057.53
MISS-10782,AG-17,CLI-142,CAND-1326,Intérim IA/Data,Terminée,2026-03-01,2026-03-21,140,61.15,115.91,1.896,16226.96,8560.76,7666.2
MISS-10783,AG-18,CLI-104,CAND-1146,Intérim IA/Data,Terminée,2026-06-17,2026-06-27,70,61.02,117.23,1.921,8206.3,4271.73,3934.57
MISS-10784,AG-14,CLI-140,CAND-1085,Intérim IA/Data,Terminée,2024-09-30,2024-11-29,420,45.53,93.95,2.063,39458.29,19123.01,20335.29
MISS-10785,AG-18,CLI-171,CAND-1116,Intérim IA/Data,En cours,2024-04-14,2024-07-13,630,64.41,134.21,2.084,84550.46,40579.86,43970.6
MISS-10786,AG-06,CLI-101,CAND-1407,Intérim IA/Data,Terminée,2025-11-29,2025-12-09,70,34.58,71.32,2.062,4992.45,2420.91,2571.54
MISS-10787,AG-18,CLI-123,CAND-1131,Management Transition,En cours,2026-04-26,2026-05-06,70,54.9,96.74,1.762,6771.49,3842.95,2928.54
MISS-10788,AG-07,CLI-173,CAND-1040,Recrutement CDI,En cours,2026-03-18,2026-04-07,140,34.15,65.59,1.921,9183.18,4781.13,4402.06
MISS-10789,AG-21,CLI-114,CAND-1039,Intérim IA/Data,Terminée,2025-04-09,2025-10-06,1260,54.57,96.54,1.769,121638.23,68761.4,52876.83
MISS-10790,AG-07,CLI-159,CAND-1097,Intérim IA/Data,En cours,2026-07-19,2027-01-15,1260,33.84,66.86,1.975,84239.57,42642.97,41596.6
MISS-10791,AG-04,CLI-176,CAND-1121,Recrutement CDI,Terminée,2026-01-08,2026-03-09,420,64.49,134.83,2.091,56629.26,27086.36,29542.91
MISS-10792,AG-06,CLI-149,CAND-1047,Recrutement CDI,Terminée,2024-03-20,2024-04-09,140,52.56,104.13,1.981,14578.38,7358.9,7219.48
MISS-10793,AG-20,CLI-129,CAND-1218,Recrutement CDI,Terminée,2026-06-23,2026-08-22,420,48.93,97.41,1.991,40912.75,20549.97,20362.77
MISS-10794,AG-21,CLI-114,CAND-1241,Intérim IA/Data,Terminée,2025-09-29,2025-12-28,630,37.81,69.93,1.85,44056.34,23818.61,20237.73
MISS-10795,AG-11,CLI-108,CAND-1121,Management Transition,Terminée,2024-09-22,2024-10-12,140,51.96,93.25,1.795,13055.63,7273.8,5781.83
MISS-10796,AG-22,CLI-170,CAND-1302,Intérim IA/Data,Terminée,2026-02-01,2026-02-21,140,68.46,122.68,1.792,17175.21,9584.67,7590.54
MISS-10797,AG-13,CLI-155,CAND-1358,Intérim IA/Data,Terminée,2024-10-06,2024-10-11,35,72.17,143.03,1.982,5006.15,2525.93,2480.22
MISS-10798,AG-07,CLI-144,CAND-1145,Intérim IA/Data,Annulée,2025-11-15,2025-12-05,140,31.55,62.49,1.981,8748.73,4416.6,4332.13
MISS-10799,AG-13,CLI-140,CAND-1428,Intérim IA/Data,Terminée,2026-06-19,2026-06-29,70,61.75,120.64,1.954,8445.01,4322.57,4122.43
MISS-10800,AG-19,CLI-105,CAND-1485,Intérim IA/Data,En cours,2026-01-18,2026-03-19,420,72.3,136.37,1.886,57274.07,30367.51,26906.57
MISS-10801,AG-15,CLI-171,CAND-1200,Intérim IA/Data,En cours,2024-06-30,2024-12-27,1260,64.04,128.78,2.011,162265.34,80686.31,81579.03
MISS-10802,AG-04,CLI-126,CAND-1394,Intérim IA/Data,Terminée,2026-01-12,2026-02-01,140,73.89,137.76,1.864,19286.64,10345.18,8941.46
MISS-10803,AG-12,CLI-136,CAND-1083,Intérim IA/Data,Terminée,2025-09-25,2025-10-15,140,42.53,86.85,2.042,12158.55,5954.27,6204.28
MISS-10804,AG-03,CLI-126,CAND-1159,Intérim IA/Data,En cours,2025-06-16,2025-07-06,140,57.65,114.19,1.981,15987.05,8071.04,7916.02
MISS-10805,AG-15,CLI-105,CAND-1101,Intérim IA/Data,Terminée,2026-01-07,2026-01-27,140,70.69,131.86,1.865,18460.74,9896.9,8563.84
MISS-10806,AG-21,CLI-156,CAND-1113,Recrutement CDI,Terminée,2024-04-02,2024-09-29,1260,70.67,133.71,1.892,168479.33,89048.62,79430.7
MISS-10807,AG-19,CLI-124,CAND-1102,Intérim IA/Data,Terminée,2026-05-18,2026-06-07,140,72.44,138.82,1.916,19435.02,10141.78,9293.24
MISS-10808,AG-03,CLI-149,CAND-1091,Recrutement CDI,Terminée,2026-02-19,2026-03-01,70,36.45,67.52,1.852,4726.19,2551.45,2174.74
MISS-10809,AG-18,CLI-137,CAND-1071,Recrutement CDI,En cours,2025-08-23,2025-10-22,420,53.76,112.17,2.086,47110.44,22578.98,24531.46
MISS-10810,AG-01,CLI-160,CAND-1211,Intérim IA/Data,Terminée,2025-01-13,2025-07-12,1260,73.03,152.28,2.085,191874.06,92015.25,99858.8
MISS-10811,AG-03,CLI-112,CAND-1162,Intérim IA/Data,Terminée,2025-02-19,2025-04-20,420,41.69,77.22,1.852,32430.38,17509.0,14921.38
MISS-10812,AG-10,CLI-127,CAND-1056,Intérim IA/Data,Annulée,2025-07-14,2025-08-03,140,72.04,135.39,1.879,18954.51,10085.95,8868.56
MISS-10813,AG-09,CLI-111,CAND-1243,Intérim IA/Data,Terminée,2025-11-21,2025-12-01,70,64.94,127.22,1.959,8905.39,4545.93,4359.46
MISS-10814,AG-07,CLI-138,CAND-1187,Intérim IA/Data,Terminée,2025-07-13,2025-08-02,140,48.58,98.18,2.021,13744.83,6800.73,6944.1
MISS-10815,AG-20,CLI-118,CAND-1302,Recrutement CDI,En cours,2025-10-23,2025-12-22,420,39.08,71.95,1.841,30218.25,16413.44,13804.81
MISS-10816,AG-21,CLI-152,CAND-1410,Recrutement CDI,Terminée,2024-12-16,2025-06-14,1260,33.09,62.4,1.886,78626.15,41689.96,36936.19
MISS-10817,AG-03,CLI-148,CAND-1394,Intérim IA/Data,Terminée,2024-09-22,2024-10-12,140,47.05,92.73,1.971,12982.3,6586.85,6395.45
MISS-10818,AG-04,CLI-128,CAND-1002,Recrutement CDI,Annulée,2024-07-18,2024-07-28,70,32.0,59.94,1.873,4195.57,2239.96,1955.62
MISS-10819,AG-11,CLI-153,CAND-1082,Intérim IA/Data,En cours,2024-12-13,2024-12-23,70,48.62,100.54,2.068,7038.09,3403.48,3634.61
MISS-10820,AG-09,CLI-114,CAND-1307,Intérim IA/Data,Terminée,2024-09-24,2024-09-29,35,59.54,124.74,2.095,4365.97,2083.74,2282.23
MISS-10821,AG-06,CLI-143,CAND-1487,Intérim IA/Data,Annulée,2024-10-19,2024-10-24,35,45.84,90.78,1.98,3177.18,1604.27,1572.91
MISS-10822,AG-01,CLI-160,CAND-1083,Intérim IA/Data,Terminée,2025-07-30,2025-08-19,140,63.49,130.68,2.058,18295.35,8888.26,9407.08
MISS-10823,AG-05,CLI-144,CAND-1325,Recrutement CDI,Terminée,2025-04-19,2025-05-09,140,57.56,108.76,1.89,15226.38,8058.37,7168.01
MISS-10824,AG-05,CLI-142,CAND-1064,Intérim IA/Data,Terminée,2026-07-31,2026-08-20,140,49.37,96.12,1.947,13457.14,6911.68,6545.45
MISS-10825,AG-02,CLI-154,CAND-1310,Intérim IA/Data,Terminée,2024-12-08,2024-12-18,70,55.81,109.81,1.968,7687.04,3906.82,3780.21
MISS-10826,AG-08,CLI-169,CAND-1274,Intérim IA/Data,Terminée,2024-09-05,2024-12-04,630,45.0,92.52,2.056,58289.79,28353.13,29936.66
MISS-10827,AG-05,CLI-131,CAND-1319,Recrutement CDI,Terminée,2026-05-18,2026-06-07,140,45.32,90.85,2.005,12718.85,6344.13,6374.72
MISS-10828,AG-08,CLI-111,CAND-1102,Intérim IA/Data,Terminée,2024-03-19,2024-04-08,140,61.91,127.54,2.06,17855.56,8667.16,9188.41
MISS-10829,AG-21,CLI-169,CAND-1292,Intérim IA/Data,Terminée,2026-06-23,2026-08-22,420,41.85,82.99,1.983,34854.91,17576.14,17278.77
MISS-10830,AG-14,CLI-129,CAND-1368,Recrutement CDI,Terminée,2026-04-05,2026-04-25,140,43.26,77.45,1.79,10843.33,6056.57,4786.76
MISS-10831,AG-12,CLI-168,CAND-1078,Intérim IA/Data,Terminée,2026-06-11,2026-08-10,420,54.16,98.41,1.817,41331.59,22746.37,18585.22
MISS-10832,AG-14,CLI-150,CAND-1016,Management Transition,Terminée,2025-12-23,2026-02-21,420,32.13,64.4,2.004,27046.79,13495.68,13551.11
MISS-10833,AG-09,CLI-101,CAND-1350,Recrutement CDI,Terminée,2024-06-03,2024-06-08,35,33.78,64.66,1.914,2263.08,1182.22,1080.86
MISS-10834,AG-18,CLI-144,CAND-1323,Intérim IA/Data,Terminée,2025-05-07,2025-08-05,630,61.9,119.13,1.925,75049.57,38994.15,36055.42
MISS-10835,AG-17,CLI-119,CAND-1483,Intérim IA/Data,Terminée,2026-07-12,2026-09-10,420,44.62,87.26,1.956,36650.93,18739.52,17911.41
MISS-10836,AG-13,CLI-151,CAND-1011,Intérim IA/Data,Terminée,2026-05-02,2026-07-01,420,73.39,130.15,1.773,54662.0,30823.09,23838.91
MISS-10837,AG-06,CLI-155,CAND-1182,Intérim IA/Data,Terminée,2024-07-31,2024-08-20,140,70.92,125.18,1.765,17524.66,9928.17,7596.49
MISS-10838,AG-09,CLI-156,CAND-1369,Intérim IA/Data,Terminée,2026-01-21,2026-02-10,140,36.41,76.32,2.096,10685.1,5097.58,5587.53
MISS-10839,AG-07,CLI-106,CAND-1231,Recrutement CDI,Terminée,2025-06-17,2025-08-16,420,53.32,98.66,1.85,41438.18,22396.14,19042.04
MISS-10840,AG-13,CLI-103,CAND-1202,Intérim IA/Data,En cours,2025-01-20,2025-02-09,140,50.05,90.1,1.8,12614.36,7007.45,5606.91
MISS-10841,AG-04,CLI-171,CAND-1340,Intérim IA/Data,En cours,2026-02-25,2026-03-17,140,43.39,76.02,1.752,10642.48,6074.43,4568.05
MISS-10842,AG-16,CLI-152,CAND-1442,Intérim IA/Data,Terminée,2024-06-15,2024-07-05,140,33.93,66.35,1.955,9288.79,4750.46,4538.34
MISS-10843,AG-12,CLI-104,CAND-1021,Intérim IA/Data,En cours,2025-09-05,2025-09-25,140,41.52,82.04,1.976,11485.85,5812.61,5673.24
MISS-10844,AG-09,CLI-159,CAND-1267,Intérim IA/Data,Terminée,2026-07-22,2026-09-20,420,69.49,137.88,1.984,57909.85,29184.27,28725.58
MISS-10845,AG-16,CLI-151,CAND-1443,Intérim IA/Data,Terminée,2026-03-20,2026-03-25,35,47.79,90.17,1.887,3155.86,1672.63,1483.23
MISS-10846,AG-05,CLI-142,CAND-1185,Intérim IA/Data,En cours,2025-11-12,2026-05-11,1260,73.95,147.05,1.988,185277.74,93183.29,92094.45
MISS-10847,AG-02,CLI-137,CAND-1475,Recrutement CDI,En cours,2026-05-28,2026-06-02,35,52.85,96.32,1.823,3371.21,1849.64,1521.57
MISS-10848,AG-01,CLI-121,CAND-1055,Intérim IA/Data,Terminée,2025-10-10,2025-10-30,140,42.05,83.32,1.982,11665.38,5886.67,5778.71
MISS-10849,AG-18,CLI-141,CAND-1094,Recrutement CDI,En cours,2024-12-22,2025-03-22,630,73.18,128.71,1.759,81089.31,46102.45,34986.86
MISS-10850,AG-13,CLI-100,CAND-1409,Intérim IA/Data,Terminée,2024-11-15,2025-05-14,1260,49.49,102.75,2.076,129460.19,62351.99,67108.2
MISS-10851,AG-15,CLI-144,CAND-1052,Recrutement CDI,Terminée,2025-02-24,2025-04-25,420,53.65,104.85,1.954,44038.57,22534.88,21503.69
MISS-10852,AG-05,CLI-149,CAND-1125,Intérim IA/Data,Terminée,2024-12-31,2025-01-05,35,45.16,84.08,1.862,2942.73,1580.43,1362.29
MISS-10853,AG-20,CLI-134,CAND-1234,Recrutement CDI,Terminée,2026-04-21,2026-10-18,1260,66.58,127.88,1.921,161124.74,83890.8,77233.94
MISS-10854,AG-07,CLI-114,CAND-1488,Intérim IA/Data,Terminée,2026-07-10,2026-07-30,140,50.33,104.66,2.079,14652.81,7046.36,7606.45
MISS-10855,AG-01,CLI-113,CAND-1470,Intérim IA/Data,En cours,2024-12-03,2025-02-01,420,52.63,105.07,1.997,44131.29,22102.74,22028.55
MISS-10856,AG-22,CLI-121,CAND-1273,Intérim IA/Data,Terminée,2025-12-11,2026-03-11,630,35.62,69.59,1.954,43841.83,22440.48,21401.35
MISS-10857,AG-18,CLI-172,CAND-1085,Intérim IA/Data,Terminée,2024-07-27,2024-08-06,70,35.92,69.44,1.933,4861.07,2514.28,2346.79
MISS-10858,AG-02,CLI-176,CAND-1452,Intérim IA/Data,Terminée,2024-01-12,2024-01-22,70,50.77,90.17,1.776,6311.77,3553.57,2758.2
MISS-10859,AG-22,CLI-171,CAND-1246,Intérim IA/Data,Terminée,2025-06-19,2025-06-29,70,35.89,70.58,1.966,4940.29,2512.28,2428.01
MISS-10860,AG-17,CLI-178,CAND-1174,Intérim IA/Data,Terminée,2025-08-18,2025-09-07,140,68.79,132.43,1.925,18540.07,9630.23,8909.84
MISS-10861,AG-12,CLI-174,CAND-1379,Intérim IA/Data,Terminée,2025-12-28,2026-06-26,1260,33.07,68.03,2.057,85722.3,41670.32,44051.98
MISS-10862,AG-19,CLI-156,CAND-1105,Intérim IA/Data,En cours,2024-03-27,2024-04-06,70,62.61,126.2,2.016,8834.2,4382.84,4451.36
MISS-10863,AG-01,CLI-126,CAND-1004,Recrutement CDI,Terminée,2025-04-25,2025-06-24,420,42.09,79.59,1.891,33429.12,17676.53,15752.59
MISS-10864,AG-07,CLI-114,CAND-1463,Intérim IA/Data,Terminée,2025-03-26,2025-05-25,420,51.69,98.46,1.905,41352.04,21709.19,19642.86
MISS-10865,AG-06,CLI-150,CAND-1477,Recrutement CDI,Terminée,2025-10-06,2025-12-05,420,66.27,132.34,1.997,55584.83,27835.19,27749.64
MISS-10866,AG-11,CLI-170,CAND-1207,Intérim IA/Data,Terminée,2024-10-26,2024-11-05,70,67.46,118.8,1.761,8316.2,4721.93,3594.28
MISS-10867,AG-14,CLI-113,CAND-1397,Intérim IA/Data,Terminée,2024-05-23,2024-06-12,140,55.05,103.83,1.886,14536.02,7706.47,6829.54
MISS-10868,AG-19,CLI-173,CAND-1048,Management Transition,En cours,2025-12-17,2026-02-15,420,56.4,105.19,1.865,44178.87,23686.25,20492.63
MISS-10869,AG-07,CLI-130,CAND-1444,Intérim IA/Data,Terminée,2024-11-08,2024-11-13,35,43.66,79.32,1.817,2776.34,1528.14,1248.2
MISS-10870,AG-06,CLI-152,CAND-1107,Management Transition,En cours,2026-04-02,2026-04-22,140,48.26,96.99,2.01,13578.52,6756.26,6822.27
MISS-10871,AG-04,CLI-117,CAND-1083,Intérim IA/Data,Terminée,2025-11-07,2025-11-27,140,47.53,85.91,1.808,12027.27,6653.79,5373.48
MISS-10872,AG-19,CLI-110,CAND-1019,Intérim IA/Data,Terminée,2025-07-15,2025-07-25,70,39.22,70.83,1.806,4958.37,2745.3,2213.07
MISS-10873,AG-04,CLI-131,CAND-1256,Recrutement CDI,Terminée,2024-01-17,2024-04-16,630,66.02,122.39,1.854,77106.85,41592.92,35513.93
MISS-10874,AG-06,CLI-113,CAND-1058,Intérim IA/Data,Terminée,2025-01-02,2025-01-22,140,49.32,102.52,2.079,14353.11,6905.11,7448.0
MISS-10875,AG-22,CLI-115,CAND-1115,Intérim IA/Data,Terminée,2024-01-27,2024-02-16,140,46.0,84.14,1.829,11779.87,6440.45,5339.42
MISS-10876,AG-10,CLI-177,CAND-1332,Intérim IA/Data,En cours,2026-02-26,2026-03-03,35,46.79,92.45,1.976,3235.78,1637.52,1598.26
MISS-10877,AG-13,CLI-126,CAND-1362,Recrutement CDI,Annulée,2025-09-22,2025-10-02,70,66.85,121.91,1.824,8533.89,4679.15,3854.73
MISS-10878,AG-15,CLI-126,CAND-1215,Intérim IA/Data,Terminée,2024-07-18,2024-08-07,140,41.0,75.23,1.835,10531.65,5739.45,4792.2
MISS-10879,AG-13,CLI-105,CAND-1215,Recrutement CDI,Terminée,2025-05-21,2025-05-31,70,63.27,119.2,1.884,8343.99,4428.99,3915.01
MISS-10880,AG-03,CLI-124,CAND-1283,Recrutement CDI,Terminée,2025-12-04,2025-12-14,70,59.82,115.57,1.932,8090.18,4187.34,3902.84
MISS-10881,AG-14,CLI-125,CAND-1368,Intérim IA/Data,Terminée,2024-01-18,2024-07-16,1260,32.46,63.48,1.956,79986.86,40900.29,39086.57
MISS-10882,AG-14,CLI-103,CAND-1197,Intérim IA/Data,Terminée,2026-06-09,2026-06-29,140,43.34,83.4,1.924,11675.54,6067.19,5608.35
MISS-10883,AG-16,CLI-132,CAND-1466,Intérim IA/Data,Terminée,2026-08-02,2026-10-31,630,71.49,129.71,1.814,81715.27,45038.58,36676.69
MISS-10884,AG-22,CLI-177,CAND-1324,Intérim IA/Data,Terminée,2025-11-24,2025-12-14,140,52.28,106.26,2.032,14877.02,7319.74,7557.28
MISS-10885,AG-05,CLI-101,CAND-1458,Intérim IA/Data,Terminée,2026-04-17,2026-10-14,1260,43.43,89.02,2.05,112161.28,54718.47,57442.82
MISS-10886,AG-21,CLI-123,CAND-1126,Management Transition,Terminée,2024-07-12,2024-07-22,70,72.53,132.21,1.823,9254.65,5077.35,4177.3
MISS-10887,AG-22,CLI-144,CAND-1299,Management Transition,En cours,2026-07-15,2026-09-13,420,71.25,125.72,1.765,52802.58,29923.79,22878.79
MISS-10888,AG-15,CLI-164,CAND-1106,Recrutement CDI,Terminée,2024-04-09,2024-04-19,70,52.96,102.34,1.932,7163.59,3707.25,3456.33
MISS-10889,AG-10,CLI-121,CAND-1084,Management Transition,En cours,2024-02-17,2024-05-17,630,74.56,133.05,1.784,83819.47,46971.31,36848.17
MISS-10890,AG-11,CLI-127,CAND-1104,Intérim IA/Data,Terminée,2025-01-14,2025-02-03,140,62.59,121.54,1.942,17014.95,8762.14,8252.82
MISS-10891,AG-13,CLI-179,CAND-1486,Intérim IA/Data,Terminée,2024-04-14,2024-06-13,420,42.31,81.19,1.919,34100.81,17769.88,16330.93
MISS-10892,AG-06,CLI-109,CAND-1263,Intérim IA/Data,Terminée,2026-06-23,2026-09-21,630,63.25,121.25,1.917,76386.33,39849.58,36536.75
MISS-10893,AG-18,CLI-108,CAND-1104,Recrutement CDI,Terminée,2026-06-01,2026-08-30,630,74.81,148.35,1.983,93462.12,47131.02,46331.1
MISS-10894,AG-21,CLI-152,CAND-1210,Intérim IA/Data,Annulée,2024-12-30,2025-02-28,420,51.61,90.49,1.753,38003.98,21677.18,16326.79
MISS-10895,AG-10,CLI-172,CAND-1396,Management Transition,En cours,2024-02-24,2024-04-24,420,41.61,80.98,1.946,34013.0,17477.37,16535.63
MISS-10896,AG-07,CLI-131,CAND-1208,Intérim IA/Data,Terminée,2024-10-13,2024-11-02,140,69.36,121.56,1.753,17017.79,9710.5,7307.29
MISS-10897,AG-12,CLI-117,CAND-1453,Management Transition,En cours,2025-01-08,2025-01-13,35,66.94,128.63,1.922,4501.88,2342.85,2159.04
MISS-10898,AG-15,CLI-154,CAND-1352,Intérim IA/Data,Terminée,2025-07-17,2025-07-22,35,61.53,109.39,1.778,3828.74,2153.45,1675.29
MISS-10899,AG-18,CLI-137,CAND-1424,Intérim IA/Data,Terminée,2025-04-05,2025-04-25,140,58.63,107.85,1.839,15098.8,8208.34,6890.47
MISS-10900,AG-20,CLI-148,CAND-1441,Intérim IA/Data,Terminée,2024-11-13,2024-11-23,70,65.37,128.66,1.968,9006.03,4575.99,4430.04
MISS-10901,AG-16,CLI-109,CAND-1268,Intérim IA/Data,En cours,2025-06-20,2025-08-19,420,65.87,115.73,1.757,48605.47,27666.11,20939.35
MISS-10902,AG-09,CLI-136,CAND-1321,Intérim IA/Data,Terminée,2024-07-21,2024-07-26,35,50.81,104.97,2.066,3673.78,1778.25,1895.53
MISS-10903,AG-13,CLI-129,CAND-1214,Recrutement CDI,Terminée,2026-08-07,2026-10-06,420,38.1,71.61,1.88,30077.7,16000.55,14077.15
MISS-10904,AG-03,CLI-166,CAND-1371,Intérim IA/Data,Terminée,2025-03-24,2025-05-23,420,72.93,129.3,1.773,54306.19,30629.82,23676.37
MISS-10905,AG-13,CLI-104,CAND-1147,Intérim IA/Data,Terminée,2026-07-24,2026-08-03,70,58.08,105.99,1.825,7419.51,4065.38,3354.13
MISS-10906,AG-06,CLI-128,CAND-1154,Intérim IA/Data,Terminée,2025-09-02,2026-03-01,1260,70.3,124.77,1.775,157211.26,88583.12,68628.15
MISS-10907,AG-03,CLI-159,CAND-1029,Recrutement CDI,Terminée,2024-01-12,2024-02-01,140,46.38,89.01,1.919,12461.06,6493.28,5967.78
MISS-10908,AG-05,CLI-170,CAND-1336,Intérim IA/Data,Terminée,2024-04-07,2024-10-04,1260,44.23,81.28,1.838,102407.28,55729.89,46677.4
MISS-10909,AG-20,CLI-155,CAND-1472,Intérim IA/Data,Terminée,2026-03-27,2026-04-16,140,51.05,98.7,1.934,13818.35,7146.77,6671.58
MISS-10910,AG-15,CLI-135,CAND-1327,Intérim IA/Data,Terminée,2026-03-09,2026-05-08,420,37.63,74.99,1.993,31497.57,15802.9,15694.66
MISS-10911,AG-21,CLI-123,CAND-1107,Intérim IA/Data,Terminée,2024-07-19,2024-07-24,35,51.02,103.84,2.035,3634.57,1785.71,1848.86
MISS-10912,AG-20,CLI-117,CAND-1329,Intérim IA/Data,Terminée,2026-03-15,2026-04-04,140,61.77,116.22,1.881,16270.55,8648.3,7622.25
MISS-10913,AG-21,CLI-146,CAND-1303,Intérim IA/Data,Terminée,2024-08-23,2025-02-19,1260,35.93,69.92,1.946,88105.15,45269.61,42835.54
MISS-10914,AG-14,CLI-121,CAND-1190,Intérim IA/Data,Terminée,2026-07-03,2026-07-23,140,57.95,110.94,1.914,15532.12,8113.61,7418.51
MISS-10915,AG-17,CLI-145,CAND-1168,Intérim IA/Data,Annulée,2025-12-18,2026-06-16,1260,71.8,143.26,1.995,180501.8,90464.48,90037.32
MISS-10916,AG-21,CLI-121,CAND-1350,Recrutement CDI,Terminée,2025-06-29,2025-07-04,35,34.15,65.98,1.932,2309.37,1195.33,1114.04
MISS-10917,AG-20,CLI-121,CAND-1039,Recrutement CDI,Terminée,2025-01-19,2025-01-29,70,64.33,124.52,1.936,8716.67,4503.12,4213.56
MISS-10918,AG-02,CLI-140,CAND-1058,Management Transition,Terminée,2025-04-29,2025-10-26,1260,52.13,100.06,1.919,126072.83,65686.47,60386.36
MISS-10919,AG-03,CLI-164,CAND-1232,Intérim IA/Data,Terminée,2024-07-22,2024-08-01,70,51.29,99.66,1.943,6976.41,3589.99,3386.42
MISS-10920,AG-21,CLI-146,CAND-1262,Intérim IA/Data,Terminée,2024-03-27,2024-05-26,420,58.11,121.14,2.085,50880.56,24405.0,26475.56
MISS-10921,AG-10,CLI-148,CAND-1152,Intérim IA/Data,Annulée,2025-05-06,2025-05-16,70,73.64,154.45,2.097,10811.67,5154.8,5656.87
MISS-10922,AG-04,CLI-152,CAND-1016,Intérim IA/Data,En cours,2025-06-19,2025-08-18,420,54.89,99.81,1.818,41919.96,23055.8,18864.15
MISS-10923,AG-06,CLI-158,CAND-1073,Intérim IA/Data,En cours,2025-09-29,2025-11-28,420,65.63,129.41,1.972,54353.87,27564.82,26789.04
MISS-10924,AG-05,CLI-129,CAND-1094,Intérim IA/Data,Terminée,2024-02-23,2024-04-23,420,44.87,85.13,1.898,35756.62,18843.39,16913.23
MISS-10925,AG-11,CLI-114,CAND-1180,Intérim IA/Data,Terminée,2026-05-08,2026-11-04,1260,44.04,86.73,1.969,109284.58,55492.39,53792.19
MISS-10926,AG-17,CLI-132,CAND-1491,Intérim IA/Data,Terminée,2024-11-24,2024-12-14,140,51.37,98.2,1.912,13748.33,7191.88,6556.45
MISS-10927,AG-17,CLI-119,CAND-1282,Recrutement CDI,Terminée,2024-07-01,2024-12-28,1260,43.44,90.96,2.094,114610.89,54738.69,59872.2
MISS-10928,AG-16,CLI-176,CAND-1113,Recrutement CDI,En cours,2026-03-05,2026-03-15,70,35.29,70.43,1.996,4930.05,2470.3,2459.75
MISS-10929,AG-11,CLI-142,CAND-1162,Intérim IA/Data,Terminée,2026-06-04,2026-06-09,35,60.14,111.99,1.862,3919.77,2105.07,1814.7
MISS-10930,AG-03,CLI-167,CAND-1007,Intérim IA/Data,Terminée,2024-05-20,2024-06-09,140,53.7,97.23,1.81,13611.54,7518.48,6093.05
MISS-10931,AG-01,CLI-129,CAND-1274,Intérim IA/Data,Terminée,2024-03-29,2024-06-27,630,50.48,88.52,1.753,55765.04,31805.05,23960.0
MISS-10932,AG-21,CLI-107,CAND-1112,Management Transition,Annulée,2024-01-07,2024-03-07,420,30.65,54.05,1.764,22699.56,12871.19,9828.37
MISS-10933,AG-19,CLI-137,CAND-1460,Intérim IA/Data,Terminée,2025-09-30,2025-10-10,70,39.94,79.01,1.978,5530.9,2795.92,2734.98
MISS-10934,AG-11,CLI-143,CAND-1134,Intérim IA/Data,Terminée,2024-02-24,2024-02-29,35,58.03,113.09,1.949,3958.32,2031.04,1927.28
MISS-10935,AG-18,CLI-150,CAND-1326,Intérim IA/Data,Terminée,2025-04-01,2025-09-28,1260,66.79,132.27,1.981,166665.67,84149.81,82515.86
MISS-10936,AG-11,CLI-149,CAND-1143,Intérim IA/Data,En cours,2025-02-27,2025-03-19,140,68.86,134.78,1.957,18869.12,9641.01,9228.11
MISS-10937,AG-04,CLI-139,CAND-1436,Intérim IA/Data,En cours,2024-06-03,2024-06-13,70,42.79,85.48,1.998,5983.61,2995.33,2988.28
MISS-10938,AG-15,CLI-145,CAND-1426,Management Transition,Terminée,2024-09-12,2024-11-11,420,44.82,78.62,1.754,33018.63,18823.4,14195.23
MISS-10939,AG-14,CLI-156,CAND-1484,Intérim IA/Data,Terminée,2025-08-23,2025-08-28,35,55.05,104.93,1.906,3672.47,1926.86,1745.61
MISS-10940,AG-04,CLI-179,CAND-1329,Management Transition,En cours,2024-12-09,2024-12-14,35,44.64,82.66,1.852,2893.07,1562.49,1330.58
MISS-10941,AG-10,CLI-120,CAND-1174,Intérim IA/Data,En cours,2024-12-11,2024-12-21,70,48.1,94.16,1.958,6591.25,3366.74,3224.51
MISS-10942,AG-16,CLI-141,CAND-1262,Intérim IA/Data,Terminée,2025-09-05,2025-12-04,630,55.41,97.55,1.761,61458.05,34909.22,26548.83
MISS-10943,AG-14,CLI-171,CAND-1339,Intérim IA/Data,Terminée,2025-08-17,2025-11-15,630,66.35,135.37,2.04,85280.17,41799.39,43480.78
MISS-10944,AG-17,CLI-102,CAND-1118,Intérim IA/Data,Terminée,2024-12-29,2025-01-18,140,63.35,126.5,1.997,17709.45,8869.42,8840.03
MISS-10945,AG-11,CLI-166,CAND-1354,Intérim IA/Data,En cours,2025-09-14,2025-09-24,70,33.26,59.99,1.804,4199.49,2328.51,1870.98
MISS-10946,AG-14,CLI-118,CAND-1149,Intérim IA/Data,Terminée,2025-05-27,2025-06-06,70,74.65,152.42,2.042,10669.29,5225.38,5443.91
MISS-10947,AG-03,CLI-109,CAND-1183,Intérim IA/Data,Terminée,2024-06-05,2024-06-10,35,51.57,91.18,1.768,3191.41,1804.97,1386.44
MISS-10948,AG-15,CLI-159,CAND-1065,Recrutement CDI,Terminée,2025-05-30,2025-08-28,630,35.59,74.51,2.094,46943.51,22421.52,24522.0
MISS-10949,AG-11,CLI-158,CAND-1019,Intérim IA/Data,Terminée,2025-03-31,2025-09-27,1260,48.09,91.91,1.911,115801.18,60590.35,55210.83
MISS-10950,AG-10,CLI-165,CAND-1484,Intérim IA/Data,Terminée,2024-02-27,2024-05-27,630,55.93,100.98,1.806,63618.86,35235.26,28383.6
MISS-10951,AG-19,CLI-133,CAND-1367,Intérim IA/Data,Terminée,2024-09-02,2024-09-22,140,59.36,112.28,1.892,15719.66,8310.4,7409.26
MISS-10952,AG-05,CLI-129,CAND-1253,Intérim IA/Data,Terminée,2026-05-02,2026-10-29,1260,43.76,81.02,1.851,102088.06,55139.29,46948.76
MISS-10953,AG-19,CLI-121,CAND-1037,Recrutement CDI,Terminée,2024-10-22,2024-11-01,70,49.65,93.96,1.892,6576.94,3475.67,3101.27
MISS-10954,AG-02,CLI-104,CAND-1073,Intérim IA/Data,Terminée,2024-09-21,2024-10-01,70,30.57,61.25,2.004,4287.71,2140.08,2147.64
MISS-10955,AG-02,CLI-134,CAND-1189,Management Transition,Terminée,2026-07-10,2026-07-20,70,67.16,137.49,2.047,9624.27,4701.11,4923.16
MISS-10956,AG-22,CLI-100,CAND-1399,Intérim IA/Data,Terminée,2024-07-18,2025-01-14,1260,34.04,71.33,2.096,89880.34,42886.48,46993.86
MISS-10957,AG-14,CLI-127,CAND-1109,Management Transition,Terminée,2024-07-15,2024-09-13,420,67.01,135.21,2.018,56787.42,28143.88,28643.54
MISS-10958,AG-01,CLI-163,CAND-1128,Recrutement CDI,En cours,2024-12-01,2024-12-21,140,65.83,128.65,1.954,18010.51,9216.0,8794.5
MISS-10959,AG-02,CLI-115,CAND-1156,Recrutement CDI,En cours,2024-05-06,2024-08-04,630,41.84,78.91,1.886,49712.78,26357.25,23355.52
MISS-10960,AG-17,CLI-164,CAND-1113,Management Transition,Terminée,2024-01-11,2024-01-21,70,54.56,97.89,1.794,6852.48,3819.16,3033.33
MISS-10961,AG-04,CLI-111,CAND-1016,Intérim IA/Data,En cours,2024-06-18,2024-06-23,35,69.71,132.74,1.904,4646.0,2439.88,2206.12
MISS-10962,AG-01,CLI-130,CAND-1430,Intérim IA/Data,Terminée,2026-05-13,2026-06-02,140,51.21,106.26,2.075,14876.07,7169.68,7706.39
MISS-10963,AG-13,CLI-155,CAND-1056,Intérim IA/Data,Terminée,2025-01-19,2025-01-29,70,55.11,102.3,1.856,7160.89,3857.86,3303.03
MISS-10964,AG-07,CLI-157,CAND-1448,Intérim IA/Data,Terminée,2025-07-16,2025-09-14,420,38.97,75.21,1.93,31586.17,16367.87,15218.3
MISS-10965,AG-07,CLI-159,CAND-1132,Intérim IA/Data,Terminée,2025-06-26,2025-07-16,140,39.0,78.34,2.009,10968.07,5459.89,5508.18
MISS-10966,AG-03,CLI-146,CAND-1194,Intérim IA/Data,Terminée,2025-05-24,2025-07-23,420,41.8,80.97,1.937,34006.11,17554.66,16451.45
MISS-10967,AG-01,CLI-160,CAND-1126,Recrutement CDI,En cours,2026-05-27,2026-06-16,140,48.12,94.5,1.964,13229.87,6736.16,6493.71
MISS-10968,AG-03,CLI-146,CAND-1120,Management Transition,Terminée,2024-03-23,2024-03-28,35,55.65,106.89,1.921,3741.2,1947.63,1793.57
MISS-10969,AG-09,CLI-140,CAND-1217,Intérim IA/Data,Terminée,2025-09-17,2025-10-07,140,38.41,74.12,1.93,10377.3,5376.71,5000.6
MISS-10970,AG-05,CLI-107,CAND-1285,Intérim IA/Data,Terminée,2024-06-17,2024-06-27,70,46.0,86.01,1.87,6020.85,3219.81,2801.04
MISS-10971,AG-10,CLI-151,CAND-1291,Intérim IA/Data,Terminée,2024-09-15,2024-11-14,420,33.79,65.39,1.935,27463.21,14193.74,13269.47
MISS-10972,AG-19,CLI-156,CAND-1208,Intérim IA/Data,Terminée,2024-10-14,2024-10-24,70,56.13,100.26,1.786,7018.28,3929.03,3089.25
MISS-10973,AG-22,CLI-130,CAND-1219,Intérim IA/Data,En cours,2024-07-05,2024-07-25,140,47.23,89.03,1.885,12464.52,6612.27,5852.25
MISS-10974,AG-01,CLI-150,CAND-1125,Intérim IA/Data,Terminée,2025-03-18,2025-03-23,35,63.98,122.65,1.917,4292.85,2239.45,2053.39
MISS-10975,AG-18,CLI-177,CAND-1431,Management Transition,En cours,2025-05-26,2025-06-05,70,59.81,116.03,1.94,8121.97,4186.47,3935.49
MISS-10976,AG-03,CLI-150,CAND-1253,Management Transition,Terminée,2025-12-01,2025-12-21,140,50.48,104.98,2.08,14696.85,7067.31,7629.53
MISS-10977,AG-20,CLI-155,CAND-1319,Intérim IA/Data,En cours,2024-04-08,2024-06-07,420,62.03,118.09,1.904,49598.51,26051.47,23547.04
MISS-10978,AG-13,CLI-128,CAND-1154,Recrutement CDI,Terminée,2026-04-15,2026-04-20,35,43.77,80.34,1.836,2811.99,1531.91,1280.07
MISS-10979,AG-07,CLI-131,CAND-1474,Intérim IA/Data,En cours,2025-04-01,2025-04-21,140,49.7,89.1,1.793,12473.85,6957.81,5516.04
MISS-10980,AG-02,CLI-133,CAND-1171,Intérim IA/Data,Terminée,2024-11-16,2025-05-15,1260,32.64,64.63,1.98,81436.18,41128.56,40307.61
MISS-10981,AG-06,CLI-135,CAND-1215,Intérim IA/Data,Terminée,2026-05-30,2026-06-04,35,45.98,94.39,2.053,3303.54,1609.39,1694.15
MISS-10982,AG-17,CLI-150,CAND-1130,Intérim IA/Data,Terminée,2024-12-01,2025-03-01,630,50.07,97.79,1.953,61609.77,31543.61,30066.16
MISS-10983,AG-17,CLI-108,CAND-1254,Intérim IA/Data,En cours,2025-08-21,2025-08-31,70,31.89,58.38,1.83,4086.42,2232.42,1854.0
MISS-10984,AG-11,CLI-144,CAND-1299,Intérim IA/Data,En cours,2026-07-27,2026-08-01,35,47.36,87.5,1.848,3062.52,1657.45,1405.07
MISS-10985,AG-19,CLI-167,CAND-1391,Recrutement CDI,Terminée,2025-11-26,2025-12-01,35,62.66,121.69,1.942,4259.14,2193.11,2066.03
MISS-10986,AG-15,CLI-116,CAND-1282,Intérim IA/Data,Terminée,2025-03-19,2025-04-08,140,38.63,75.34,1.95,10547.55,5408.11,5139.44
MISS-10987,AG-03,CLI-107,CAND-1421,Intérim IA/Data,Annulée,2026-01-06,2026-01-26,140,50.61,89.14,1.761,12479.1,7084.87,5394.23
MISS-10988,AG-11,CLI-162,CAND-1396,Intérim IA/Data,Terminée,2026-03-28,2026-06-26,630,39.75,71.18,1.79,44842.16,25044.71,19797.46
MISS-10989,AG-13,CLI-156,CAND-1018,Management Transition,Terminée,2025-02-07,2025-05-08,630,41.82,77.96,1.864,49114.93,26348.96,22765.97
MISS-10990,AG-12,CLI-165,CAND-1064,Intérim IA/Data,Terminée,2024-07-15,2024-10-13,630,54.48,97.61,1.792,61495.24,34321.82,27173.42
MISS-10991,AG-19,CLI-156,CAND-1223,Intérim IA/Data,Terminée,2026-01-08,2026-01-28,140,50.08,93.35,1.864,13068.62,7011.16,6057.46
MISS-10992,AG-17,CLI-111,CAND-1238,Recrutement CDI,Terminée,2025-06-08,2025-06-18,70,45.4,80.73,1.778,5650.85,3178.22,2472.63
MISS-10993,AG-16,CLI-102,CAND-1148,Intérim IA/Data,Terminée,2025-10-21,2025-12-20,420,68.0,140.09,2.06,58838.78,28561.21,30277.57
MISS-10994,AG-13,CLI-105,CAND-1130,Recrutement CDI,Terminée,2025-01-25,2025-02-14,140,54.34,98.73,1.817,13821.7,7607.18,6214.52
MISS-10995,AG-03,CLI-157,CAND-1201,Intérim IA/Data,Terminée,2025-06-10,2025-08-09,420,66.06,137.14,2.076,57599.23,27746.38,29852.85
MISS-10996,AG-21,CLI-131,CAND-1245,Intérim IA/Data,Terminée,2024-05-28,2024-07-27,420,47.99,87.38,1.821,36698.19,20154.48,16543.72
MISS-10997,AG-06,CLI-151,CAND-1021,Management Transition,En cours,2024-12-25,2025-01-14,140,60.67,106.79,1.76,14950.85,8493.26,6457.59
MISS-10998,AG-14,CLI-110,CAND-1401,Recrutement CDI,Terminée,2025-04-25,2025-05-15,140,41.5,79.01,1.904,11060.95,5809.68,5251.27
MISS-10999,AG-14,CLI-160,CAND-1305,Intérim IA/Data,Terminée,2025-06-12,2025-08-11,420,67.81,118.91,1.754,49942.71,28478.47,21464.23
MISS-11000,AG-07,CLI-147,CAND-1043,Management Transition,Terminée,2024-12-28,2025-01-02,35,39.03,79.83,2.045,2794.0,1365.98,1428.03
MISS-11001,AG-04,CLI-123,CAND-1332,Intérim IA/Data,Terminée,2025-03-08,2025-03-28,140,68.97,126.36,1.832,17690.89,9655.36,8035.53
MISS-11002,AG-21,CLI-134,CAND-1323,Intérim IA/Data,Terminée,2026-02-21,2026-03-13,140,61.45,110.99,1.806,15539.12,8603.37,6935.75
MISS-11003,AG-03,CLI-149,CAND-1127,Intérim IA/Data,Terminée,2024-05-25,2024-07-24,420,32.48,58.82,1.811,24704.07,13641.2,11062.86
MISS-11004,AG-07,CLI-141,CAND-1077,Intérim IA/Data,Terminée,2026-07-03,2026-07-13,70,34.15,68.53,2.007,4797.16,2390.34,2406.82
MISS-11005,AG-01,CLI-171,CAND-1327,Recrutement CDI,En cours,2024-06-21,2024-07-11,140,45.38,94.88,2.091,13282.87,6352.73,6930.14
MISS-11006,AG-12,CLI-138,CAND-1287,Intérim IA/Data,Terminée,2026-02-02,2026-08-01,1260,67.71,133.49,1.971,168201.16,85320.79,82880.37
MISS-11007,AG-17,CLI-176,CAND-1380,Intérim IA/Data,Terminée,2026-07-21,2026-09-19,420,65.9,116.73,1.771,49024.57,27677.01,21347.57
MISS-11008,AG-15,CLI-157,CAND-1474,Intérim IA/Data,Terminée,2025-07-02,2025-09-30,630,71.44,148.26,2.075,93402.09,45007.26,48394.83
MISS-11009,AG-20,CLI-152,CAND-1490,Recrutement CDI,Terminée,2024-10-20,2025-01-18,630,55.93,117.28,2.097,73886.75,35238.85,38647.91
MISS-11010,AG-20,CLI-119,CAND-1058,Intérim IA/Data,En cours,2024-01-04,2024-03-04,420,44.02,85.13,1.934,35753.42,18487.74,17265.68
MISS-11011,AG-13,CLI-100,CAND-1348,Intérim IA/Data,En cours,2024-04-09,2024-04-19,70,47.3,93.98,1.987,6578.48,3310.73,3267.75
MISS-11012,AG-21,CLI-141,CAND-1172,Intérim IA/Data,En cours,2025-01-08,2025-01-18,70,59.47,121.24,2.039,8486.47,4162.78,4323.7
MISS-11013,AG-10,CLI-100,CAND-1404,Intérim IA/Data,Terminée,2026-04-16,2026-10-13,1260,55.37,111.22,2.009,140131.78,69769.14,70362.63
MISS-11014,AG-16,CLI-131,CAND-1499,Management Transition,En cours,2026-03-14,2026-03-24,70,47.03,96.77,2.057,6773.6,3292.34,3481.26
MISS-11015,AG-06,CLI-147,CAND-1458,Recrutement CDI,Terminée,2024-04-07,2024-10-04,1260,73.44,133.44,1.817,168128.73,92538.05,75590.68
MISS-11016,AG-04,CLI-115,CAND-1088,Intérim IA/Data,Terminée,2026-05-15,2026-06-04,140,39.95,74.64,1.868,10449.84,5592.84,4856.99
MISS-11017,AG-11,CLI-140,CAND-1242,Intérim IA/Data,En cours,2024-06-25,2024-07-05,70,48.39,85.49,1.767,5984.44,3387.63,2596.81
MISS-11018,AG-13,CLI-104,CAND-1185,Recrutement CDI,Terminée,2024-04-19,2024-04-29,70,38.74,72.86,1.881,5100.39,2712.13,2388.26
MISS-11019,AG-10,CLI-119,CAND-1456,Intérim IA/Data,En cours,2025-12-05,2026-03-05,630,73.18,148.08,2.023,93288.52,46104.27,47184.25
MISS-11020,AG-08,CLI-164,CAND-1181,Intérim IA/Data,Terminée,2024-04-29,2024-05-09,70,43.65,84.33,1.932,5903.21,3055.35,2847.87
MISS-11021,AG-10,CLI-123,CAND-1174,Intérim IA/Data,Terminée,2026-05-28,2026-07-27,420,61.6,125.65,2.04,52771.43,25870.14,26901.3
MISS-11022,AG-17,CLI-175,CAND-1040,Intérim IA/Data,Terminée,2025-07-21,2025-08-10,140,46.92,92.55,1.973,12957.62,6568.55,6389.07
MISS-11023,AG-15,CLI-106,CAND-1025,Recrutement CDI,Terminée,2024-08-02,2024-10-01,420,51.34,96.6,1.881,40570.71,21563.47,19007.23
MISS-11024,AG-21,CLI-113,CAND-1165,Intérim IA/Data,Terminée,2026-06-11,2026-06-21,70,70.99,136.46,1.922,9552.23,4969.64,4582.58
MISS-11025,AG-19,CLI-156,CAND-1245,Recrutement CDI,En cours,2024-02-21,2024-08-19,1260,59.42,124.47,2.095,156833.59,74864.34,81969.25
MISS-11026,AG-01,CLI-106,CAND-1148,Management Transition,En cours,2025-04-12,2025-05-02,140,62.36,114.58,1.837,16041.33,8730.31,7311.02
MISS-11027,AG-13,CLI-162,CAND-1472,Intérim IA/Data,Terminée,2025-05-27,2025-08-25,630,70.68,144.19,2.04,90836.8,44528.34,46308.46
MISS-11028,AG-04,CLI-167,CAND-1385,Management Transition,Terminée,2025-01-27,2025-04-27,630,32.02,66.82,2.087,42095.9,20172.31,21923.59
MISS-11029,AG-03,CLI-101,CAND-1292,Intérim IA/Data,Terminée,2025-04-06,2025-10-03,1260,30.28,57.82,1.91,72858.94,38150.36,34708.58
MISS-11030,AG-13,CLI-148,CAND-1456,Recrutement CDI,Terminée,2026-06-06,2026-08-05,420,61.89,120.26,1.943,50511.16,25994.99,24516.17
MISS-11031,AG-18,CLI-134,CAND-1437,Intérim IA/Data,Terminée,2025-02-04,2025-02-24,140,44.19,88.52,2.003,12392.99,6186.08,6206.9
MISS-11032,AG-13,CLI-128,CAND-1235,Recrutement CDI,En cours,2026-03-29,2026-04-03,35,52.3,98.5,1.884,3447.61,1830.39,1617.22
MISS-11033,AG-07,CLI-154,CAND-1477,Intérim IA/Data,Terminée,2026-06-10,2026-12-07,1260,33.49,61.87,1.847,77955.62,42200.06,35755.56
MISS-11034,AG-14,CLI-149,CAND-1117,Intérim IA/Data,Terminée,2024-03-07,2024-03-17,70,65.51,119.38,1.822,8356.65,4585.59,3771.06
MISS-11035,AG-02,CLI-165,CAND-1043,Recrutement CDI,Terminée,2024-09-14,2024-12-13,630,72.11,136.98,1.9,86297.37,45430.95,40866.42
MISS-11036,AG-08,CLI-138,CAND-1443,Intérim IA/Data,En cours,2026-03-02,2026-03-12,70,66.54,116.85,1.756,8179.39,4657.59,3521.8
MISS-11037,AG-09,CLI-105,CAND-1107,Intérim IA/Data,Terminée,2026-05-09,2026-08-07,630,51.51,105.1,2.04,66210.13,32450.92,33759.2
MISS-11038,AG-12,CLI-117,CAND-1454,Intérim IA/Data,Terminée,2024-12-13,2024-12-23,70,45.84,96.01,2.095,6720.77,3208.59,3512.18
MISS-11039,AG-13,CLI-107,CAND-1386,Intérim IA/Data,Terminée,2024-05-28,2024-06-17,140,60.41,108.16,1.79,15141.72,8457.16,6684.56
MISS-11040,AG-11,CLI-159,CAND-1191,Intérim IA/Data,Terminée,2026-03-21,2026-03-31,70,41.6,78.41,1.885,5488.5,2912.13,2576.37
MISS-11041,AG-12,CLI-171,CAND-1354,Management Transition,Terminée,2026-03-16,2026-05-15,420,70.18,133.6,1.904,56110.08,29473.8,26636.28
MISS-11042,AG-16,CLI-163,CAND-1172,Intérim IA/Data,En cours,2026-01-18,2026-02-07,140,62.04,125.88,2.029,17623.08,8685.26,8937.82
MISS-11043,AG-09,CLI-171,CAND-1006,Management Transition,Terminée,2024-01-13,2024-02-02,140,53.69,103.26,1.923,14456.61,7516.87,6939.74
MISS-11044,AG-18,CLI-177,CAND-1294,Recrutement CDI,Terminée,2025-08-28,2025-10-27,420,55.36,101.02,1.825,42427.02,23250.17,19176.85
MISS-11045,AG-04,CLI-174,CAND-1088,Recrutement CDI,En cours,2026-07-15,2026-07-25,70,74.94,153.5,2.048,10745.15,5245.68,5499.47
MISS-11046,AG-22,CLI-150,CAND-1107,Intérim IA/Data,Terminée,2024-07-22,2024-08-01,70,66.8,122.35,1.832,8564.58,4676.21,3888.37
MISS-11047,AG-03,CLI-175,CAND-1265,Intérim IA/Data,Terminée,2026-04-01,2026-04-11,70,62.15,125.54,2.02,8788.11,4350.74,4437.38
MISS-11048,AG-14,CLI-123,CAND-1458,Intérim IA/Data,Terminée,2025-08-27,2025-10-26,420,43.4,85.01,1.959,35702.57,18228.1,17474.47
MISS-11049,AG-14,CLI-147,CAND-1488,Intérim IA/Data,En cours,2024-06-23,2024-12-20,1260,64.62,113.9,1.763,143516.19,81417.24,62098.95
MISS-11050,AG-09,CLI-174,CAND-1083,Management Transition,Terminée,2024-11-09,2024-11-29,140,70.82,130.32,1.84,18245.26,9914.61,8330.65
MISS-11051,AG-02,CLI-107,CAND-1024,Intérim IA/Data,Terminée,2024-02-27,2024-04-27,420,68.41,142.03,2.076,59650.74,28732.27,30918.47
MISS-11052,AG-04,CLI-116,CAND-1014,Intérim IA/Data,Terminée,2026-06-06,2026-12-03,1260,73.8,144.27,1.955,181780.71,92984.17,88796.54
MISS-11053,AG-14,CLI-125,CAND-1018,Intérim IA/Data,Terminée,2026-01-02,2026-07-01,1260,52.14,95.77,1.837,120671.63,65696.9,54974.72
MISS-11054,AG-13,CLI-108,CAND-1467,Intérim IA/Data,Annulée,2024-11-13,2025-02-11,630,41.16,79.76,1.938,50247.03,25928.81,24318.23
MISS-11055,AG-13,CLI-154,CAND-1477,Intérim IA/Data,Terminée,2025-05-04,2025-05-14,70,71.27,138.41,1.942,9688.76,4988.83,4699.93
MISS-11056,AG-01,CLI-109,CAND-1222,Intérim IA/Data,En cours,2025-06-28,2025-07-18,140,44.66,83.51,1.87,11691.26,6252.95,5438.31
MISS-11057,AG-07,CLI-149,CAND-1066,Management Transition,Terminée,2024-03-17,2024-04-06,140,40.45,72.94,1.803,10212.22,5663.66,4548.56
MISS-11058,AG-12,CLI-102,CAND-1075,Recrutement CDI,Terminée,2025-04-17,2025-04-22,35,49.51,98.52,1.99,3448.13,1733.02,1715.11
MISS-11059,AG-20,CLI-175,CAND-1431,Management Transition,Terminée,2024-04-15,2024-04-20,35,34.02,60.23,1.771,2108.21,1190.53,917.68
MISS-11060,AG-14,CLI-179,CAND-1211,Intérim IA/Data,Terminée,2024-02-01,2024-02-21,140,45.34,81.83,1.805,11456.89,6347.48,5109.4
MISS-11061,AG-02,CLI-101,CAND-1325,Intérim IA/Data,Terminée,2025-03-15,2025-04-04,140,33.63,59.69,1.775,8355.94,4708.38,3647.56
MISS-11062,AG-12,CLI-126,CAND-1046,Intérim IA/Data,Terminée,2024-08-22,2024-09-11,140,69.98,124.46,1.779,17424.9,9797.4,7627.5
MISS-11063,AG-09,CLI-117,CAND-1322,Intérim IA/Data,Terminée,2026-01-08,2026-01-28,140,58.52,114.4,1.955,16015.46,8193.18,7822.28
MISS-11064,AG-10,CLI-148,CAND-1262,Intérim IA/Data,Annulée,2025-06-04,2025-08-03,420,36.41,75.8,2.082,31837.24,15290.96,16546.28
MISS-11065,AG-22,CLI-177,CAND-1284,Intérim IA/Data,Terminée,2025-05-05,2025-07-04,420,46.3,83.35,1.8,35009.04,19446.77,15562.26
MISS-11066,AG-03,CLI-103,CAND-1208,Intérim IA/Data,Terminée,2024-06-26,2024-09-24,630,62.04,113.97,1.837,71800.01,39086.17,32713.84
MISS-11067,AG-17,CLI-144,CAND-1023,Intérim IA/Data,En cours,2025-08-03,2025-08-23,140,37.23,69.88,1.877,9783.22,5212.78,4570.44
MISS-11068,AG-01,CLI-178,CAND-1167,Recrutement CDI,En cours,2026-02-13,2026-02-18,35,33.36,62.32,1.868,2181.22,1167.45,1013.77
MISS-11069,AG-01,CLI-100,CAND-1030,Recrutement CDI,Terminée,2025-10-17,2025-12-16,420,55.09,106.8,1.939,44855.8,23138.9,21716.9
MISS-11070,AG-08,CLI-147,CAND-1059,Intérim IA/Data,En cours,2024-03-22,2024-04-11,140,40.52,83.46,2.06,11684.78,5673.44,6011.34
MISS-11071,AG-21,CLI-129,CAND-1315,Management Transition,Terminée,2024-01-05,2024-07-03,1260,49.25,89.26,1.812,112466.49,62055.58,50410.91
MISS-11072,AG-12,CLI-130,CAND-1204,Recrutement CDI,Terminée,2024-04-20,2024-10-17,1260,40.7,74.0,1.818,93245.64,51283.47,41962.17
MISS-11073,AG-05,CLI-161,CAND-1287,Intérim IA/Data,En cours,2025-04-12,2025-04-17,35,52.73,108.87,2.065,3810.42,1845.46,1964.96
MISS-11074,AG-10,CLI-171,CAND-1296,Intérim IA/Data,Terminée,2025-05-09,2025-05-29,140,59.59,122.26,2.052,17115.73,8342.05,8773.67
MISS-11075,AG-07,CLI-179,CAND-1079,Recrutement CDI,Terminée,2025-06-14,2025-06-24,70,62.37,125.95,2.019,8816.17,4366.16,4450.01
MISS-11076,AG-07,CLI-137,CAND-1116,Management Transition,Terminée,2025-06-03,2025-08-02,420,67.2,119.38,1.776,50139.98,28224.55,21915.43
MISS-11077,AG-05,CLI-129,CAND-1298,Intérim IA/Data,Terminée,2026-07-09,2026-07-19,70,56.15,105.71,1.883,7400.03,3930.64,3469.39
MISS-11078,AG-10,CLI-111,CAND-1124,Intérim IA/Data,Terminée,2025-07-30,2025-08-19,140,53.62,94.24,1.758,13193.78,7506.5,5687.29
MISS-11079,AG-15,CLI-145,CAND-1327,Intérim IA/Data,Terminée,2024-02-08,2024-05-08,630,70.85,129.23,1.824,81413.23,44634.87,36778.36
MISS-11080,AG-16,CLI-112,CAND-1056,Recrutement CDI,Terminée,2025-07-06,2025-07-26,140,35.89,64.75,1.804,9064.35,5024.65,4039.7
MISS-11081,AG-17,CLI-142,CAND-1164,Recrutement CDI,Terminée,2024-01-21,2024-04-20,630,38.19,70.9,1.857,44664.07,24056.64,20607.43
MISS-11082,AG-19,CLI-126,CAND-1413,Intérim IA/Data,Terminée,2024-04-27,2024-05-17,140,50.61,89.3,1.764,12501.71,7085.63,5416.08
MISS-11083,AG-12,CLI-144,CAND-1265,Intérim IA/Data,En cours,2025-07-27,2025-09-25,420,56.16,116.41,2.073,48892.36,23586.5,25305.85
MISS-11084,AG-04,CLI-156,CAND-1477,Intérim IA/Data,Terminée,2024-05-17,2024-06-06,140,59.44,108.05,1.818,15126.45,8321.42,6805.03
MISS-11085,AG-19,CLI-118,CAND-1452,Intérim IA/Data,Terminée,2026-04-05,2026-04-25,140,32.28,58.16,1.802,8142.58,4518.71,3623.87
MISS-11086,AG-17,CLI-128,CAND-1140,Intérim IA/Data,Annulée,2024-07-02,2024-07-22,140,55.38,101.17,1.827,14163.22,7752.54,6410.68
MISS-11087,AG-19,CLI-164,CAND-1453,Intérim IA/Data,Terminée,2025-05-20,2025-05-30,70,52.7,102.35,1.942,7164.4,3688.92,3475.47
MISS-11088,AG-03,CLI-129,CAND-1039,Intérim IA/Data,Terminée,2025-10-02,2025-12-01,420,58.44,105.68,1.809,44387.0,24543.09,19843.91
MISS-11089,AG-18,CLI-167,CAND-1084,Management Transition,En cours,2024-05-06,2024-05-26,140,66.43,130.38,1.963,18252.82,9299.69,8953.12
MISS-11090,AG-22,CLI-123,CAND-1342,Management Transition,Terminée,2026-01-18,2026-02-07,140,65.59,135.42,2.065,18959.05,9182.46,9776.59
MISS-11091,AG-03,CLI-154,CAND-1452,Intérim IA/Data,En cours,2026-06-10,2026-06-30,140,47.11,94.29,2.002,13200.27,6594.91,6605.36
MISS-11092,AG-18,CLI-172,CAND-1154,Intérim IA/Data,En cours,2025-07-15,2025-07-20,35,50.77,106.62,2.1,3731.86,1777.12,1954.74
MISS-11093,AG-17,CLI-111,CAND-1268,Intérim IA/Data,En cours,2025-05-19,2025-08-17,630,70.52,139.07,1.972,87611.15,44427.13,43184.01
MISS-11094,AG-13,CLI-152,CAND-1281,Intérim IA/Data,Terminée,2026-01-10,2026-01-20,70,74.79,151.11,2.021,10577.56,5235.09,5342.47
MISS-11095,AG-08,CLI-102,CAND-1263,Management Transition,Terminée,2026-08-05,2026-08-15,70,43.92,87.67,1.996,6136.84,3074.72,3062.11
MISS-11096,AG-11,CLI-171,CAND-1148,Intérim IA/Data,En cours,2024-12-26,2025-01-05,70,54.27,98.47,1.814,6893.05,3799.08,3093.97
MISS-11097,AG-01,CLI-101,CAND-1141,Management Transition,Terminée,2026-03-07,2026-05-06,420,57.22,117.6,2.055,49393.04,24031.35,25361.69
MISS-11098,AG-03,CLI-108,CAND-1006,Intérim IA/Data,En cours,2026-04-27,2026-05-07,70,67.2,118.57,1.764,8299.64,4704.22,3595.42
MISS-11099,AG-21,CLI-130,CAND-1370,Intérim IA/Data,Annulée,2025-08-07,2025-10-06,420,68.14,142.83,2.096,59990.01,28618.65,31371.36
MISS-11100,AG-11,CLI-146,CAND-1093,Intérim IA/Data,Terminée,2025-07-05,2026-01-01,1260,48.42,91.85,1.897,115727.76,61009.69,54718.07
MISS-11101,AG-19,CLI-103,CAND-1096,Intérim IA/Data,Terminée,2026-01-28,2026-04-28,630,32.17,65.49,2.036,41258.09,20264.28,20993.81
MISS-11102,AG-19,CLI-124,CAND-1381,Intérim IA/Data,Terminée,2024-02-22,2024-08-20,1260,70.35,143.45,2.039,180745.2,88641.18,92104.03
MISS-11103,AG-20,CLI-132,CAND-1308,Recrutement CDI,Terminée,2025-01-27,2025-03-28,420,45.32,89.72,1.98,37682.37,19033.31,18649.06
MISS-11104,AG-15,CLI-114,CAND-1250,Intérim IA/Data,Terminée,2025-12-26,2026-03-26,630,52.89,96.31,1.821,60677.21,33323.53,27353.68
MISS-11105,AG-02,CLI-124,CAND-1378,Recrutement CDI,En cours,2025-09-30,2025-10-05,35,43.75,86.78,1.983,3037.42,1531.37,1506.05
MISS-11106,AG-15,CLI-133,CAND-1237,Intérim IA/Data,Terminée,2024-01-19,2024-02-08,140,44.79,81.4,1.817,11396.23,6270.66,5125.57
MISS-11107,AG-02,CLI-138,CAND-1471,Recrutement CDI,En cours,2026-07-25,2026-10-23,630,30.13,62.67,2.08,39484.02,18984.29,20499.73
MISS-11108,AG-03,CLI-161,CAND-1169,Recrutement CDI,Terminée,2025-10-12,2026-01-10,630,52.96,100.54,1.898,63341.95,33367.84,29974.11
MISS-11109,AG-02,CLI-106,CAND-1160,Management Transition,Terminée,2024-08-18,2024-10-17,420,62.46,125.34,2.007,52644.33,26231.91,26412.42
MISS-11110,AG-01,CLI-157,CAND-1281,Intérim IA/Data,Terminée,2025-10-15,2025-11-04,140,62.62,113.38,1.811,15872.62,8766.34,7106.28
MISS-11111,AG-09,CLI-145,CAND-1327,Intérim IA/Data,Terminée,2025-09-26,2025-11-25,420,54.69,99.33,1.816,41718.63,22970.2,18748.43
MISS-11112,AG-14,CLI-107,CAND-1337,Intérim IA/Data,Terminée,2025-11-09,2026-05-08,1260,67.03,119.73,1.786,150865.99,84462.5,66403.49
MISS-11113,AG-04,CLI-145,CAND-1250,Intérim IA/Data,Terminée,2024-11-22,2025-01-21,420,70.1,127.01,1.812,53342.53,29440.19,23902.34
MISS-11114,AG-11,CLI-105,CAND-1001,Intérim IA/Data,Terminée,2025-04-30,2025-06-29,420,66.91,135.1,2.019,56740.54,28103.94,28636.6
MISS-11115,AG-02,CLI-122,CAND-1046,Intérim IA/Data,En cours,2025-06-08,2025-06-18,70,48.94,91.13,1.862,6379.02,3425.83,2953.19
MISS-11116,AG-19,CLI-132,CAND-1221,Intérim IA/Data,Terminée,2024-09-02,2024-09-07,35,64.28,127.83,1.989,4474.22,2249.9,2224.32
MISS-11117,AG-18,CLI-129,CAND-1467,Intérim IA/Data,Terminée,2024-04-18,2024-05-08,140,37.29,72.61,1.947,10164.85,5220.05,4944.8
MISS-11118,AG-05,CLI-151,CAND-1202,Intérim IA/Data,Terminée,2025-08-20,2025-08-30,70,49.02,91.4,1.865,6398.13,3431.35,2966.78
MISS-11119,AG-14,CLI-112,CAND-1052,Recrutement CDI,Terminée,2026-02-15,2026-05-16,630,53.42,95.76,1.793,60327.13,33651.53,26675.6
MISS-11120,AG-03,CLI-123,CAND-1330,Recrutement CDI,En cours,2026-03-05,2026-06-03,630,69.58,143.36,2.061,90319.79,43833.44,46486.35
MISS-11121,AG-10,CLI-137,CAND-1052,Intérim IA/Data,Terminée,2024-06-21,2024-08-20,420,54.03,111.96,2.072,47025.27,22691.73,24333.54
MISS-11122,AG-06,CLI-145,CAND-1135,Recrutement CDI,Annulée,2025-09-20,2025-10-10,140,30.04,54.49,1.814,7628.74,4205.38,3423.36
MISS-11123,AG-13,CLI-167,CAND-1007,Intérim IA/Data,Terminée,2025-04-05,2025-04-25,140,41.69,77.67,1.863,10873.44,5836.04,5037.4
MISS-11124,AG-13,CLI-119,CAND-1126,Intérim IA/Data,Terminée,2025-05-20,2025-07-19,420,52.89,93.1,1.76,39101.38,22215.25,16886.13
MISS-11125,AG-05,CLI-177,CAND-1062,Recrutement CDI,En cours,2024-03-27,2024-05-26,420,46.27,91.45,1.977,38407.57,19431.7,18975.87
MISS-11126,AG-06,CLI-119,CAND-1213,Intérim IA/Data,En cours,2025-05-31,2025-06-10,70,40.27,76.41,1.897,5348.46,2819.13,2529.33
MISS-11127,AG-15,CLI-140,CAND-1273,Recrutement CDI,Terminée,2024-06-07,2024-06-27,140,30.51,54.02,1.771,7563.11,4270.91,3292.2
MISS-11128,AG-20,CLI-153,CAND-1335,Intérim IA/Data,En cours,2025-07-26,2025-10-24,630,47.88,91.65,1.914,57736.69,30167.07,27569.62
MISS-11129,AG-08,CLI-126,CAND-1190,Recrutement CDI,Terminée,2024-07-11,2025-01-07,1260,73.35,134.63,1.835,169632.56,92425.88,77206.68
MISS-11130,AG-15,CLI-109,CAND-1214,Intérim IA/Data,Terminée,2024-11-08,2024-11-18,70,52.1,98.33,1.887,6883.19,3646.94,3236.25
MISS-11131,AG-12,CLI-175,CAND-1065,Recrutement CDI,Terminée,2026-01-16,2026-01-26,70,63.04,128.7,2.042,9009.31,4413.05,4596.26
MISS-11132,AG-09,CLI-139,CAND-1353,Recrutement CDI,En cours,2026-06-24,2026-07-04,70,44.97,91.84,2.042,6428.96,3147.93,3281.03
MISS-11133,AG-03,CLI-110,CAND-1227,Intérim IA/Data,En cours,2024-11-07,2025-05-06,1260,46.13,85.39,1.851,107587.19,58125.28,49461.92
MISS-11134,AG-06,CLI-114,CAND-1012,Intérim IA/Data,Terminée,2026-05-23,2026-07-22,420,69.89,143.58,2.054,60304.24,29355.43,30948.81
MISS-11135,AG-21,CLI-104,CAND-1203,Management Transition,Terminée,2026-05-02,2026-07-01,420,72.3,148.22,2.05,62251.38,30367.32,31884.06
MISS-11136,AG-03,CLI-118,CAND-1091,Intérim IA/Data,Terminée,2025-05-24,2025-07-23,420,64.07,128.5,2.006,53969.43,26907.7,27061.73
MISS-11137,AG-17,CLI-141,CAND-1200,Intérim IA/Data,En cours,2025-08-10,2025-08-20,70,52.42,103.12,1.967,7218.29,3669.56,3548.73
MISS-11138,AG-20,CLI-143,CAND-1018,Intérim IA/Data,Terminée,2025-12-04,2026-06-02,1260,44.16,88.06,1.994,110957.94,55647.23,55310.72
MISS-11139,AG-18,CLI-123,CAND-1493,Intérim IA/Data,Annulée,2024-08-01,2024-08-21,140,56.37,115.82,2.055,16215.11,7891.19,8323.92
MISS-11140,AG-16,CLI-173,CAND-1027,Recrutement CDI,Terminée,2024-03-24,2024-09-20,1260,70.94,136.14,1.919,171534.77,89386.0,82148.77
MISS-11141,AG-22,CLI-109,CAND-1028,Intérim IA/Data,Terminée,2026-05-08,2026-05-28,140,61.56,119.19,1.936,16686.33,8618.49,8067.84
MISS-11142,AG-16,CLI-104,CAND-1104,Intérim IA/Data,Terminée,2024-01-05,2024-03-05,420,31.35,64.87,2.069,27246.16,13165.96,14080.21
MISS-11143,AG-05,CLI-153,CAND-1493,Intérim IA/Data,Terminée,2024-12-18,2024-12-23,35,47.87,89.79,1.876,3142.59,1675.29,1467.3
MISS-11144,AG-08,CLI-124,CAND-1035,Intérim IA/Data,Terminée,2024-03-15,2024-04-04,140,69.04,141.94,2.056,19870.98,9665.94,10205.03
MISS-11145,AG-02,CLI-141,CAND-1157,Intérim IA/Data,En cours,2025-06-17,2025-07-07,140,61.42,127.65,2.078,17870.48,8599.0,9271.48
MISS-11146,AG-10,CLI-107,CAND-1262,Intérim IA/Data,En cours,2024-12-27,2025-02-25,420,47.77,92.62,1.939,38898.99,20064.16,18834.83
MISS-11147,AG-20,CLI-132,CAND-1292,Intérim IA/Data,Terminée,2024-03-31,2024-06-29,630,70.11,128.81,1.837,81149.69,44167.95,36981.74
MISS-11148,AG-10,CLI-138,CAND-1175,Intérim IA/Data,Terminée,2024-10-29,2025-01-27,630,31.62,56.77,1.796,35767.13,19920.17,15846.95
MISS-11149,AG-19,CLI-165,CAND-1343,Intérim IA/Data,Terminée,2026-07-17,2026-07-22,35,58.09,119.4,2.055,4178.91,2033.14,2145.78
MISS-11150,AG-11,CLI-155,CAND-1218,Intérim IA/Data,En cours,2026-01-19,2026-04-19,630,36.71,68.41,1.864,43100.47,23127.45,19973.02
MISS-11151,AG-14,CLI-123,CAND-1415,Management Transition,Terminée,2026-04-26,2026-06-25,420,73.07,136.41,1.867,57291.08,30687.9,26603.18
MISS-11152,AG-22,CLI-105,CAND-1175,Management Transition,Terminée,2024-05-22,2024-06-01,70,61.36,124.57,2.03,8719.94,4294.94,4425.0
MISS-11153,AG-01,CLI-111,CAND-1498,Intérim IA/Data,Terminée,2026-06-12,2026-06-17,35,32.6,60.17,1.846,2106.05,1140.9,965.15
MISS-11154,AG-22,CLI-143,CAND-1321,Recrutement CDI,Terminée,2024-06-06,2024-09-04,630,67.6,123.76,1.831,77969.7,42588.23,35381.47
MISS-11155,AG-18,CLI-153,CAND-1481,Intérim IA/Data,Terminée,2026-06-09,2026-06-29,140,49.09,101.36,2.065,14190.76,6872.86,7317.9
MISS-11156,AG-21,CLI-170,CAND-1122,Intérim IA/Data,Terminée,2026-04-27,2026-05-02,35,45.06,94.16,2.089,3295.61,1577.26,1718.35
MISS-11157,AG-21,CLI-128,CAND-1119,Recrutement CDI,Terminée,2026-02-13,2026-05-14,630,58.75,122.88,2.092,77412.76,37012.28,40400.49
MISS-11158,AG-04,CLI-135,CAND-1200,Recrutement CDI,Terminée,2024-11-15,2025-05-14,1260,30.67,54.95,1.792,69241.29,38639.85,30601.43
MISS-11159,AG-16,CLI-135,CAND-1268,Recrutement CDI,En cours,2024-01-02,2024-03-02,420,70.82,127.71,1.803,53637.04,29742.52,23894.52
MISS-11160,AG-03,CLI-178,CAND-1204,Intérim IA/Data,Terminée,2025-11-10,2026-01-09,420,50.3,92.38,1.836,38799.13,21127.97,17671.16
MISS-11161,AG-04,CLI-139,CAND-1103,Intérim IA/Data,En cours,2024-08-10,2024-08-30,140,72.52,130.84,1.804,18318.06,10152.76,8165.29
MISS-11162,AG-20,CLI-115,CAND-1036,Intérim IA/Data,Terminée,2026-04-25,2026-10-22,1260,74.93,148.73,1.985,187398.32,94406.68,92991.64
MISS-11163,AG-09,CLI-139,CAND-1359,Management Transition,Terminée,2025-09-28,2025-11-27,420,42.95,79.62,1.854,33441.33,18037.85,15403.48
MISS-11164,AG-20,CLI-115,CAND-1330,Management Transition,Terminée,2025-09-06,2025-09-16,70,69.19,136.9,1.979,9582.9,4843.25,4739.65
MISS-11165,AG-20,CLI-102,CAND-1299,Intérim IA/Data,En cours,2025-12-30,2026-01-19,140,66.79,126.72,1.897,17741.47,9350.12,8391.35
MISS-11166,AG-09,CLI-175,CAND-1395,Intérim IA/Data,Terminée,2025-07-17,2025-08-06,140,47.47,89.21,1.879,12489.24,6646.16,5843.08
MISS-11167,AG-18,CLI-178,CAND-1348,Intérim IA/Data,En cours,2026-01-31,2026-04-01,420,39.14,81.93,2.093,34409.0,16437.34,17971.65
MISS-11168,AG-06,CLI-117,CAND-1496,Intérim IA/Data,En cours,2025-12-11,2026-06-09,1260,36.65,71.21,1.943,89719.56,46177.3,43542.26
MISS-11169,AG-04,CLI-102,CAND-1006,Intérim IA/Data,Terminée,2025-06-16,2025-06-21,35,43.17,87.23,2.02,3053.13,1511.1,1542.03
MISS-11170,AG-13,CLI-131,CAND-1083,Intérim IA/Data,Terminée,2024-01-06,2024-01-16,70,59.32,121.81,2.054,8526.9,4152.36,4374.54
MISS-11171,AG-20,CLI-149,CAND-1098,Recrutement CDI,En cours,2024-04-04,2024-10-01,1260,31.47,62.89,1.999,79245.25,39650.75,39594.49
MISS-11172,AG-07,CLI-176,CAND-1414,Recrutement CDI,Terminée,2025-01-29,2025-03-30,420,66.01,130.82,1.982,54942.91,27722.27,27220.64
MISS-11173,AG-01,CLI-117,CAND-1294,Intérim IA/Data,En cours,2025-02-03,2025-04-04,420,40.11,81.85,2.041,34375.64,16844.82,17530.82
MISS-11174,AG-20,CLI-131,CAND-1170,Management Transition,En cours,2026-02-10,2026-03-02,140,66.11,123.03,1.861,17223.6,9254.8,7968.8
MISS-11175,AG-17,CLI-130,CAND-1317,Intérim IA/Data,Terminée,2024-04-03,2024-09-30,1260,47.33,97.1,2.052,122347.44,59636.34,62711.1
MISS-11176,AG-22,CLI-165,CAND-1444,Intérim IA/Data,Annulée,2025-07-20,2025-07-25,35,30.68,59.64,1.944,2087.25,1073.63,1013.63
MISS-11177,AG-05,CLI-171,CAND-1071,Intérim IA/Data,Terminée,2024-01-13,2024-03-13,420,62.1,129.4,2.084,54349.35,26082.16,28267.18
MISS-11178,AG-10,CLI-131,CAND-1345,Recrutement CDI,Terminée,2026-02-28,2026-08-27,1260,59.81,114.74,1.919,144574.65,75358.06,69216.59
MISS-11179,AG-12,CLI-165,CAND-1405,Intérim IA/Data,Terminée,2025-08-19,2025-09-08,140,44.63,86.06,1.928,12048.43,6248.9,5799.54
MISS-11180,AG-08,CLI-143,CAND-1111,Intérim IA/Data,Terminée,2026-03-27,2026-06-25,630,59.21,120.3,2.032,75787.23,37302.96,38484.27
MISS-11181,AG-10,CLI-153,CAND-1262,Intérim IA/Data,Terminée,2025-04-28,2025-05-18,140,52.88,96.66,1.828,13532.09,7403.55,6128.54
MISS-11182,AG-12,CLI-125,CAND-1192,Intérim IA/Data,En cours,2025-03-07,2025-05-06,420,42.51,84.48,1.987,35482.1,17853.9,17628.2
MISS-11183,AG-13,CLI-139,CAND-1325,Intérim IA/Data,Terminée,2024-06-04,2024-12-01,1260,32.73,57.97,1.771,73039.93,41241.85,31798.08
MISS-11184,AG-01,CLI-121,CAND-1241,Recrutement CDI,Terminée,2024-12-09,2024-12-29,140,63.85,120.41,1.886,16857.29,8939.22,7918.07
MISS-11185,AG-14,CLI-101,CAND-1221,Intérim IA/Data,Annulée,2025-04-26,2025-06-25,420,33.78,61.6,1.823,25872.49,14189.4,11683.1
MISS-11186,AG-21,CLI-163,CAND-1232,Intérim IA/Data,Terminée,2026-05-12,2026-06-01,140,50.83,95.11,1.871,13315.45,7115.8,6199.65
MISS-11187,AG-08,CLI-118,CAND-1326,Management Transition,Terminée,2024-04-14,2024-04-19,35,70.66,143.44,2.03,5020.27,2473.01,2547.25
MISS-11188,AG-12,CLI-106,CAND-1033,Intérim IA/Data,Terminée,2024-08-02,2024-10-01,420,51.31,106.35,2.073,44668.61,21550.32,23118.29
MISS-11189,AG-17,CLI-149,CAND-1011,Recrutement CDI,Terminée,2026-07-18,2026-07-28,70,59.13,119.23,2.016,8346.41,4139.13,4207.28
MISS-11190,AG-13,CLI-122,CAND-1145,Recrutement CDI,Terminée,2024-01-28,2024-03-28,420,49.43,98.39,1.991,41324.61,20758.65,20565.96
MISS-11191,AG-13,CLI-161,CAND-1304,Recrutement CDI,Terminée,2026-07-07,2027-01-03,1260,61.89,126.59,2.045,159500.25,77987.12,81513.13
MISS-11192,AG-19,CLI-141,CAND-1460,Intérim IA/Data,Terminée,2025-09-17,2025-10-07,140,72.08,132.3,1.836,18522.33,10091.02,8431.31
MISS-11193,AG-08,CLI-112,CAND-1482,Recrutement CDI,Terminée,2024-09-04,2024-09-24,140,62.64,115.13,1.838,16118.9,8769.86,7349.04
MISS-11194,AG-11,CLI-122,CAND-1102,Intérim IA/Data,Terminée,2025-03-04,2025-03-14,70,46.39,82.09,1.77,5746.62,3247.11,2499.51
MISS-11195,AG-19,CLI-170,CAND-1063,Management Transition,Terminée,2026-02-25,2026-03-02,35,55.89,101.38,1.814,3548.4,1956.13,1592.28
MISS-11196,AG-06,CLI-137,CAND-1209,Recrutement CDI,Terminée,2024-10-29,2025-01-27,630,37.25,74.76,2.007,47097.15,23464.83,23632.31
MISS-11197,AG-15,CLI-128,CAND-1329,Intérim IA/Data,Terminée,2026-02-27,2026-04-28,420,49.05,98.85,2.015,41516.48,20599.02,20917.46
MISS-11198,AG-17,CLI-167,CAND-1441,Intérim IA/Data,Terminée,2026-03-06,2026-09-02,1260,59.55,119.83,2.012,150983.77,75038.89,75944.88
MISS-11199,AG-17,CLI-103,CAND-1149,Intérim IA/Data,En cours,2025-11-06,2025-11-11,35,61.1,121.16,1.983,4240.5,2138.49,2102.01
MISS-11200,AG-21,CLI-103,CAND-1072,Intérim IA/Data,Terminée,2024-11-03,2025-05-02,1260,61.09,127.97,2.095,161235.95,76973.29,84262.66
MISS-11201,AG-22,CLI-165,CAND-1198,Intérim IA/Data,Terminée,2025-08-13,2025-10-12,420,74.95,152.4,2.034,64009.94,31477.49,32532.45
MISS-11202,AG-18,CLI-170,CAND-1271,Intérim IA/Data,Terminée,2025-06-07,2025-06-27,140,67.73,141.92,2.096,19868.91,9481.58,10387.33
MISS-11203,AG-10,CLI-119,CAND-1238,Recrutement CDI,Terminée,2024-02-10,2024-04-10,420,59.92,114.38,1.909,48041.08,25167.15,22873.93
MISS-11204,AG-12,CLI-102,CAND-1230,Management Transition,Terminée,2025-05-02,2025-07-01,420,45.55,87.84,1.928,36892.48,19132.39,17760.09
MISS-11205,AG-18,CLI-150,CAND-1249,Intérim IA/Data,Terminée,2024-09-07,2024-11-06,420,63.15,111.71,1.769,46917.64,26524.96,20392.67
MISS-11206,AG-22,CLI-109,CAND-1030,Recrutement CDI,Terminée,2025-05-15,2025-05-25,70,61.39,121.65,1.982,8515.84,4297.2,4218.64
MISS-11207,AG-03,CLI-108,CAND-1335,Intérim IA/Data,En cours,2024-06-23,2024-07-13,140,59.04,111.53,1.889,15613.84,8265.6,7348.24
MISS-11208,AG-18,CLI-178,CAND-1137,Intérim IA/Data,Terminée,2026-06-18,2026-08-17,420,40.51,73.22,1.807,30752.21,17013.96,13738.25
MISS-11209,AG-11,CLI-156,CAND-1002,Management Transition,Terminée,2025-05-08,2025-11-04,1260,71.25,133.01,1.867,167592.25,89775.97,77816.28
MISS-11210,AG-01,CLI-179,CAND-1365,Intérim IA/Data,Terminée,2024-01-13,2024-01-23,70,64.26,134.48,2.093,9413.77,4498.46,4915.31
MISS-11211,AG-03,CLI-133,CAND-1160,Recrutement CDI,En cours,2026-06-10,2026-08-09,420,60.45,110.73,1.832,46507.38,25387.57,21119.81
MISS-11212,AG-22,CLI-159,CAND-1062,Intérim IA/Data,Terminée,2025-09-27,2025-11-26,420,45.95,94.22,2.051,39572.92,19297.69,20275.23
MISS-11213,AG-14,CLI-124,CAND-1310,Management Transition,Terminée,2024-02-08,2024-08-06,1260,42.24,76.25,1.805,96070.23,53225.28,42844.95
MISS-11214,AG-22,CLI-142,CAND-1363,Intérim IA/Data,En cours,2025-10-04,2025-10-24,140,62.39,115.31,1.848,16143.84,8734.14,7409.7
MISS-11215,AG-22,CLI-109,CAND-1322,Intérim IA/Data,Terminée,2025-12-29,2026-01-18,140,43.12,77.09,1.788,10792.73,6037.32,4755.41
MISS-11216,AG-12,CLI-148,CAND-1075,Recrutement CDI,Terminée,2024-05-18,2024-06-07,140,49.89,102.76,2.06,14386.63,6984.66,7401.98
MISS-11217,AG-09,CLI-175,CAND-1058,Management Transition,Terminée,2025-05-10,2025-08-08,630,50.52,90.01,1.782,56704.02,31826.66,24877.36
MISS-11218,AG-04,CLI-165,CAND-1402,Recrutement CDI,Terminée,2024-04-08,2024-06-07,420,42.17,74.97,1.778,31488.49,17710.75,13777.74
MISS-11219,AG-06,CLI-158,CAND-1273,Intérim IA/Data,En cours,2026-01-18,2026-03-19,420,71.38,145.32,2.036,61034.38,29978.72,31055.66
MISS-11220,AG-05,CLI-158,CAND-1421,Intérim IA/Data,Terminée,2024-02-27,2024-03-03,35,30.56,61.95,2.027,2168.09,1069.48,1098.62
MISS-11221,AG-21,CLI-160,CAND-1235,Intérim IA/Data,Terminée,2025-05-14,2025-05-24,70,32.12,62.66,1.951,4386.43,2248.66,2137.77
MISS-11222,AG-04,CLI-113,CAND-1048,Intérim IA/Data,Terminée,2026-02-14,2026-02-24,70,48.59,90.85,1.87,6359.62,3401.36,2958.27
MISS-11223,AG-09,CLI-151,CAND-1034,Intérim IA/Data,Terminée,2025-11-17,2026-01-16,420,48.4,99.26,2.051,41689.5,20327.94,21361.57
MISS-11224,AG-08,CLI-141,CAND-1274,Recrutement CDI,En cours,2025-07-15,2026-01-11,1260,31.38,63.56,2.026,80080.02,39533.97,40546.06
MISS-11225,AG-12,CLI-172,CAND-1404,Recrutement CDI,Terminée,2026-06-27,2026-07-17,140,32.35,61.98,1.916,8677.43,4529.18,4148.26
MISS-11226,AG-22,CLI-144,CAND-1285,Intérim IA/Data,Terminée,2025-04-21,2025-05-01,70,43.98,79.22,1.801,5545.25,3078.95,2466.3
MISS-11227,AG-04,CLI-140,CAND-1269,Management Transition,Terminée,2025-04-03,2025-07-02,630,53.62,95.5,1.781,60161.86,33779.96,26381.9
MISS-11228,AG-22,CLI-146,CAND-1107,Intérim IA/Data,Terminée,2025-07-02,2025-12-29,1260,72.68,131.75,1.813,166002.6,91581.77,74420.83
MISS-11229,AG-09,CLI-114,CAND-1011,Intérim IA/Data,Terminée,2026-01-22,2026-02-11,140,40.76,77.33,1.897,10825.55,5706.56,5118.99
MISS-11230,AG-16,CLI-159,CAND-1161,Recrutement CDI,Terminée,2024-05-19,2024-07-18,420,46.18,91.08,1.972,38254.91,19394.35,18860.56
MISS-11231,AG-05,CLI-148,CAND-1069,Intérim IA/Data,Annulée,2025-07-05,2025-10-03,630,36.84,70.9,1.924,44665.58,23211.67,21453.91
MISS-11232,AG-07,CLI-149,CAND-1468,Intérim IA/Data,Terminée,2024-01-20,2024-02-09,140,71.8,141.87,1.976,19862.45,10051.45,9811.0
MISS-11233,AG-05,CLI-114,CAND-1430,Intérim IA/Data,Terminée,2024-12-28,2025-02-26,420,44.33,82.49,1.861,34645.01,18620.18,16024.83
MISS-11234,AG-14,CLI-167,CAND-1166,Management Transition,Terminée,2026-02-28,2026-04-29,420,74.11,148.52,2.004,62379.12,31126.54,31252.58
MISS-11235,AG-21,CLI-122,CAND-1452,Intérim IA/Data,Terminée,2026-06-03,2026-06-13,70,66.7,129.34,1.939,9053.83,4668.93,4384.9
MISS-11236,AG-01,CLI-103,CAND-1499,Management Transition,Terminée,2025-06-18,2025-08-17,420,74.23,154.06,2.075,64704.96,31178.22,33526.73
MISS-11237,AG-07,CLI-131,CAND-1221,Intérim IA/Data,Terminée,2026-08-04,2026-08-14,70,31.95,61.12,1.913,4278.27,2236.55,2041.72
MISS-11238,AG-14,CLI-159,CAND-1110,Recrutement CDI,Terminée,2025-02-11,2025-02-21,70,50.92,99.03,1.945,6932.13,3564.4,3367.73
MISS-11239,AG-11,CLI-117,CAND-1162,Intérim IA/Data,Annulée,2026-08-04,2026-08-24,140,49.86,102.17,2.049,14304.18,6980.79,7323.4
MISS-11240,AG-21,CLI-147,CAND-1268,Intérim IA/Data,Terminée,2025-06-14,2025-06-19,35,34.97,72.71,2.08,2544.91,1223.79,1321.12
MISS-11241,AG-09,CLI-170,CAND-1280,Management Transition,Terminée,2024-03-06,2024-09-02,1260,62.31,119.11,1.912,150083.48,78513.95,71569.53
MISS-11242,AG-11,CLI-138,CAND-1442,Intérim IA/Data,Terminée,2025-04-15,2025-05-05,140,65.41,132.32,2.023,18525.09,9157.51,9367.58
MISS-11243,AG-21,CLI-110,CAND-1320,Intérim IA/Data,Terminée,2026-07-23,2026-08-12,140,39.72,80.0,2.014,11200.08,5560.95,5639.14
MISS-11244,AG-04,CLI-147,CAND-1479,Intérim IA/Data,Annulée,2026-02-09,2026-05-10,630,49.14,101.53,2.066,63965.55,30959.23,33006.32
MISS-11245,AG-17,CLI-133,CAND-1129,Intérim IA/Data,Terminée,2024-12-08,2025-06-06,1260,51.39,92.45,1.799,116490.78,64754.28,51736.5
MISS-11246,AG-16,CLI-172,CAND-1004,Recrutement CDI,Terminée,2025-01-02,2025-03-03,420,54.19,110.7,2.043,46493.06,22760.41,23732.65
MISS-11247,AG-20,CLI-176,CAND-1257,Recrutement CDI,Terminée,2025-01-25,2025-02-04,70,43.81,82.88,1.892,5801.91,3066.55,2735.35
MISS-11248,AG-08,CLI-131,CAND-1228,Intérim IA/Data,Terminée,2025-08-04,2025-10-03,420,52.01,93.08,1.79,39094.58,21845.08,17249.5
MISS-11249,AG-20,CLI-114,CAND-1331,Recrutement CDI,En cours,2024-12-23,2025-02-21,420,52.35,95.61,1.826,40157.3,21988.72,18168.58
MISS-11250,AG-01,CLI-164,CAND-1272,Intérim IA/Data,En cours,2026-06-17,2026-07-07,140,59.45,112.01,1.884,15680.99,8323.4,7357.59
MISS-11251,AG-17,CLI-147,CAND-1045,Intérim IA/Data,Terminée,2026-06-17,2026-08-16,420,64.54,127.17,1.97,53410.17,27107.91,26302.26
MISS-11252,AG-07,CLI-114,CAND-1188,Recrutement CDI,En cours,2024-12-31,2025-01-20,140,43.23,87.84,2.032,12297.61,6052.15,6245.46
MISS-11253,AG-06,CLI-128,CAND-1120,Recrutement CDI,Terminée,2024-03-31,2024-04-20,140,32.26,57.43,1.78,8039.79,4516.62,3523.18
MISS-11254,AG-12,CLI-139,CAND-1434,Intérim IA/Data,Terminée,2025-03-08,2025-03-18,70,40.11,81.98,2.044,5738.43,2807.44,2930.99
MISS-11255,AG-11,CLI-146,CAND-1049,Management Transition,Terminée,2025-01-01,2025-03-02,420,63.83,127.69,2.0,53627.78,26808.97,26818.81
MISS-11256,AG-01,CLI-126,CAND-1336,Intérim IA/Data,Terminée,2026-04-15,2026-06-14,420,33.37,68.74,2.06,28870.45,14013.5,14856.94
MISS-11257,AG-05,CLI-106,CAND-1481,Recrutement CDI,Annulée,2025-12-13,2025-12-23,70,68.86,122.38,1.777,8566.46,4820.52,3745.94
MISS-11258,AG-15,CLI-162,CAND-1443,Intérim IA/Data,Terminée,2025-10-08,2026-04-06,1260,35.57,72.1,2.027,90849.25,44817.65,46031.6
MISS-11259,AG-12,CLI-173,CAND-1412,Intérim IA/Data,Terminée,2024-01-09,2024-04-08,630,53.98,105.2,1.949,66275.72,34009.23,32266.48
MISS-11260,AG-06,CLI-101,CAND-1413,Intérim IA/Data,Terminée,2025-07-22,2025-08-01,70,73.58,134.81,1.832,9436.49,5150.4,4286.1
MISS-11261,AG-01,CLI-163,CAND-1399,Recrutement CDI,Terminée,2026-07-12,2026-07-22,70,53.97,106.46,1.973,7452.15,3777.85,3674.3
MISS-11262,AG-21,CLI-160,CAND-1327,Management Transition,Terminée,2026-03-26,2026-03-31,35,57.68,113.88,1.974,3985.83,2018.87,1966.96
MISS-11263,AG-18,CLI-125,CAND-1138,Intérim IA/Data,Terminée,2024-06-08,2024-09-06,630,40.18,73.77,1.836,46472.13,25313.11,21159.02
MISS-11264,AG-12,CLI-137,CAND-1252,Intérim IA/Data,Annulée,2024-08-31,2024-10-30,420,61.19,114.21,1.866,47968.57,25700.11,22268.47
MISS-11265,AG-18,CLI-169,CAND-1052,Intérim IA/Data,Terminée,2025-09-28,2025-10-18,140,62.3,119.0,1.91,16659.76,8721.53,7938.24
MISS-11266,AG-05,CLI-166,CAND-1008,Intérim IA/Data,Terminée,2024-08-04,2024-08-24,140,44.54,83.22,1.869,11650.72,6235.14,5415.58
MISS-11267,AG-14,CLI-169,CAND-1363,Management Transition,Terminée,2024-10-18,2024-11-07,140,72.78,148.88,2.046,20843.75,10189.58,10654.16
MISS-11268,AG-15,CLI-158,CAND-1336,Intérim IA/Data,Terminée,2025-11-23,2026-01-22,420,46.28,84.62,1.829,35540.03,19435.94,16104.1
MISS-11269,AG-15,CLI-173,CAND-1373,Intérim IA/Data,Terminée,2024-07-22,2024-10-20,630,45.12,92.49,2.05,58271.55,28425.55,29846.01
MISS-11270,AG-14,CLI-106,CAND-1014,Intérim IA/Data,Terminée,2025-05-01,2025-05-11,70,62.11,128.59,2.07,9001.24,4347.85,4653.39
MISS-11271,AG-04,CLI-175,CAND-1496,Management Transition,Terminée,2025-04-04,2025-04-24,140,39.45,69.68,1.766,9755.0,5523.04,4231.96
MISS-11272,AG-10,CLI-152,CAND-1010,Intérim IA/Data,Terminée,2024-08-08,2024-08-28,140,62.26,114.61,1.841,16045.05,8715.9,7329.15
MISS-11273,AG-21,CLI-140,CAND-1105,Management Transition,En cours,2025-04-24,2025-04-29,35,57.39,103.37,1.801,3617.9,2008.8,1609.1
MISS-11274,AG-14,CLI-177,CAND-1206,Intérim IA/Data,Terminée,2026-01-10,2026-01-20,70,41.52,75.5,1.818,5284.8,2906.46,2378.33
MISS-11275,AG-10,CLI-144,CAND-1051,Intérim IA/Data,En cours,2024-02-03,2024-02-13,70,59.93,111.95,1.868,7836.49,4195.44,3641.05
MISS-11276,AG-19,CLI-119,CAND-1222,Recrutement CDI,Terminée,2026-07-09,2026-07-29,140,43.96,87.55,1.992,12256.41,6153.89,6102.52
MISS-11277,AG-12,CLI-163,CAND-1122,Management Transition,Terminée,2026-01-21,2026-03-22,420,63.24,113.71,1.798,47756.78,26559.47,21197.32
MISS-11278,AG-16,CLI-104,CAND-1159,Intérim IA/Data,Terminée,2024-11-13,2024-11-23,70,66.78,118.3,1.772,8281.19,4674.36,3606.83
MISS-11279,AG-05,CLI-125,CAND-1449,Intérim IA/Data,Annulée,2025-07-21,2025-09-19,420,68.27,130.94,1.918,54993.29,28674.06,26319.23
MISS-11280,AG-18,CLI-153,CAND-1456,Intérim IA/Data,Terminée,2025-07-17,2025-08-06,140,43.44,87.18,2.007,12204.59,6081.32,6123.27
MISS-11281,AG-16,CLI-167,CAND-1449,Intérim IA/Data,Terminée,2024-04-17,2024-07-16,630,32.94,62.99,1.912,39680.83,20754.34,18926.48
MISS-11282,AG-01,CLI-101,CAND-1405,Recrutement CDI,En cours,2024-05-10,2024-05-30,140,66.83,122.11,1.827,17094.82,9356.69,7738.14
MISS-11283,AG-07,CLI-173,CAND-1187,Intérim IA/Data,Terminée,2025-10-10,2025-10-20,70,53.52,99.62,1.861,6973.08,3746.33,3226.76
MISS-11284,AG-21,CLI-139,CAND-1406,Intérim IA/Data,En cours,2024-10-21,2024-10-31,70,62.86,116.73,1.857,8171.34,4400.41,3770.93
MISS-11285,AG-07,CLI-174,CAND-1232,Intérim IA/Data,Terminée,2026-04-02,2026-04-22,140,33.83,60.55,1.79,8476.88,4735.72,3741.17
MISS-11286,AG-08,CLI-137,CAND-1051,Intérim IA/Data,En cours,2024-07-19,2024-07-29,70,73.87,136.6,1.849,9562.04,5170.98,4391.06
MISS-11287,AG-14,CLI-134,CAND-1308,Intérim IA/Data,Terminée,2024-06-29,2024-07-19,140,69.27,124.61,1.799,17445.92,9698.4,7747.52
MISS-11288,AG-15,CLI-117,CAND-1439,Recrutement CDI,En cours,2026-06-09,2026-06-14,35,39.41,69.14,1.755,2419.95,1379.27,1040.68
MISS-11289,AG-19,CLI-114,CAND-1140,Intérim IA/Data,Terminée,2026-04-19,2026-05-09,140,61.84,110.88,1.793,15522.62,8656.93,6865.68
MISS-11290,AG-01,CLI-135,CAND-1106,Intérim IA/Data,Terminée,2024-01-09,2024-01-29,140,50.08,95.64,1.91,13389.42,7010.68,6378.74
MISS-11291,AG-16,CLI-178,CAND-1181,Intérim IA/Data,Terminée,2024-07-08,2024-07-28,140,74.46,153.09,2.056,21432.58,10424.75,11007.83
MISS-11292,AG-16,CLI-151,CAND-1161,Intérim IA/Data,Terminée,2026-06-29,2026-08-28,420,67.53,136.51,2.022,57334.43,28361.24,28973.19
MISS-11293,AG-15,CLI-159,CAND-1106,Intérim IA/Data,Terminée,2026-06-27,2026-08-26,420,43.23,88.43,2.046,37141.74,18155.01,18986.73
MISS-11294,AG-09,CLI-176,CAND-1205,Intérim IA/Data,Terminée,2024-06-21,2024-07-11,140,38.69,76.49,1.977,10708.71,5416.74,5291.96
MISS-11295,AG-06,CLI-161,CAND-1224,Intérim IA/Data,Terminée,2026-05-28,2026-07-27,420,62.15,117.06,1.884,49165.44,26101.55,23063.89
MISS-11296,AG-20,CLI-137,CAND-1339,Intérim IA/Data,Terminée,2024-03-16,2024-04-05,140,64.78,123.27,1.903,17257.5,9069.28,8188.23
MISS-11297,AG-03,CLI-127,CAND-1499,Intérim IA/Data,Terminée,2024-09-23,2024-10-03,70,38.76,74.92,1.933,5244.6,2713.38,2531.22
MISS-11298,AG-07,CLI-121,CAND-1387,Recrutement CDI,En cours,2024-07-31,2024-08-20,140,50.45,98.07,1.944,13729.38,7063.41,6665.96
MISS-11299,AG-17,CLI-114,CAND-1469,Recrutement CDI,En cours,2025-02-18,2025-04-19,420,37.26,68.39,1.835,28722.12,15651.2,13070.92
MISS-11300,AG-18,CLI-106,CAND-1344,Intérim IA/Data,En cours,2025-10-01,2025-11-30,420,71.98,130.42,1.812,54774.79,30232.32,24542.46
MISS-11301,AG-21,CLI-167,CAND-1061,Intérim IA/Data,Terminée,2026-05-30,2026-07-29,420,32.12,59.46,1.851,24975.18,13492.12,11483.06
MISS-11302,AG-17,CLI-112,CAND-1350,Intérim IA/Data,Annulée,2025-06-25,2025-07-15,140,48.19,89.43,1.856,12520.3,6746.99,5773.3
MISS-11303,AG-21,CLI-171,CAND-1208,Recrutement CDI,Terminée,2025-01-07,2025-01-17,70,69.45,137.37,1.978,9616.02,4861.51,4754.52
MISS-11304,AG-15,CLI-155,CAND-1349,Intérim IA/Data,En cours,2026-04-18,2026-04-28,70,59.19,118.58,2.003,8300.74,4143.45,4157.28
MISS-11305,AG-20,CLI-159,CAND-1102,Intérim IA/Data,Annulée,2025-10-25,2025-12-24,420,32.13,59.13,1.84,24835.45,13495.42,11340.03
MISS-11306,AG-19,CLI-177,CAND-1353,Recrutement CDI,Terminée,2026-03-13,2026-03-23,70,45.74,81.88,1.79,5731.29,3202.14,2529.15
MISS-11307,AG-06,CLI-141,CAND-1180,Management Transition,Terminée,2026-03-09,2026-03-29,140,47.89,92.09,1.923,12892.34,6704.87,6187.47
MISS-11308,AG-17,CLI-161,CAND-1224,Intérim IA/Data,Terminée,2026-02-20,2026-05-21,630,38.17,74.4,1.949,46870.55,24049.45,22821.09
MISS-11309,AG-15,CLI-102,CAND-1064,Intérim IA/Data,Terminée,2024-04-06,2024-04-16,70,62.76,112.17,1.787,7852.13,4393.35,3458.78
MISS-11310,AG-08,CLI-160,CAND-1450,Intérim IA/Data,Terminée,2026-02-16,2026-03-08,140,42.85,77.01,1.797,10781.86,5999.44,4782.43
MISS-11311,AG-01,CLI-162,CAND-1281,Intérim IA/Data,En cours,2026-02-24,2026-04-25,420,51.91,107.65,2.074,45213.85,21802.96,23410.89
MISS-11312,AG-02,CLI-126,CAND-1245,Intérim IA/Data,En cours,2025-06-29,2025-08-28,420,70.85,148.15,2.091,62223.98,29755.43,32468.55
MISS-11313,AG-11,CLI-161,CAND-1346,Intérim IA/Data,En cours,2025-03-27,2025-09-23,1260,56.65,100.34,1.771,126430.38,71373.21,55057.16
MISS-11314,AG-13,CLI-143,CAND-1359,Intérim IA/Data,Terminée,2025-12-19,2026-02-17,420,66.69,119.07,1.785,50011.05,28009.7,22001.35
MISS-11315,AG-20,CLI-145,CAND-1047,Intérim IA/Data,Terminée,2024-02-09,2024-02-19,70,61.38,109.73,1.788,7681.35,4296.37,3384.99
MISS-11316,AG-09,CLI-166,CAND-1151,Intérim IA/Data,Terminée,2026-02-04,2026-02-24,140,72.26,145.24,2.01,20334.27,10116.59,10217.67
MISS-11317,AG-04,CLI-105,CAND-1484,Intérim IA/Data,En cours,2026-03-18,2026-05-17,420,30.07,57.56,1.914,24176.3,12629.88,11546.42
MISS-11318,AG-15,CLI-153,CAND-1079,Intérim IA/Data,Terminée,2026-08-03,2026-10-02,420,53.27,94.24,1.769,39579.66,22374.8,17204.86
MISS-11319,AG-06,CLI-134,CAND-1344,Recrutement CDI,Terminée,2026-04-15,2026-10-12,1260,32.04,64.42,2.011,81172.63,40372.49,40800.14
MISS-11320,AG-11,CLI-136,CAND-1310,Intérim IA/Data,En cours,2025-10-03,2025-12-02,420,73.39,152.96,2.084,64244.44,30825.81,33418.63
MISS-11321,AG-11,CLI-164,CAND-1009,Management Transition,Terminée,2026-04-09,2026-07-08,630,40.27,73.79,1.832,46484.7,25367.87,21116.82
MISS-11322,AG-13,CLI-137,CAND-1044,Management Transition,Terminée,2024-11-20,2024-11-30,70,60.09,125.15,2.083,8760.74,4206.25,4554.49
MISS-11323,AG-04,CLI-117,CAND-1213,Intérim IA/Data,Terminée,2026-07-14,2026-09-12,420,73.46,154.19,2.099,64760.53,30853.21,33907.32
MISS-11324,AG-01,CLI-108,CAND-1414,Intérim IA/Data,Terminée,2025-01-06,2025-07-05,1260,71.05,142.91,2.011,180069.97,89528.08,90541.89
MISS-11325,AG-08,CLI-172,CAND-1071,Recrutement CDI,En cours,2024-09-21,2025-03-20,1260,65.25,122.08,1.871,153825.88,82218.34,71607.55
MISS-11326,AG-01,CLI-102,CAND-1431,Intérim IA/Data,Terminée,2026-06-08,2026-06-18,70,46.81,84.86,1.813,5939.91,3276.56,2663.35
MISS-11327,AG-16,CLI-142,CAND-1136,Intérim IA/Data,Annulée,2025-08-06,2025-10-05,420,34.78,63.93,1.838,26851.26,14609.32,12241.93
MISS-11328,AG-14,CLI-166,CAND-1249,Intérim IA/Data,Terminée,2024-08-11,2024-11-09,630,42.79,84.52,1.975,53247.43,26955.02,26292.41
MISS-11329,AG-04,CLI-179,CAND-1063,Intérim IA/Data,En cours,2025-01-04,2025-01-24,140,39.61,78.53,1.983,10994.8,5545.77,5449.03
MISS-11330,AG-02,CLI-177,CAND-1221,Intérim IA/Data,En cours,2025-03-29,2025-09-25,1260,35.77,65.79,1.839,82894.58,45076.1,37818.49
MISS-11331,AG-13,CLI-103,CAND-1200,Management Transition,Terminée,2026-08-05,2026-08-25,140,40.93,80.22,1.96,11231.27,5729.74,5501.53
MISS-11332,AG-12,CLI-158,CAND-1192,Intérim IA/Data,En cours,2026-07-15,2026-07-20,35,62.5,113.24,1.812,3963.3,2187.44,1775.87
MISS-11333,AG-06,CLI-177,CAND-1326,Intérim IA/Data,En cours,2026-03-13,2026-06-11,630,30.79,62.91,2.043,39630.41,19396.49,20233.92
MISS-11334,AG-11,CLI-166,CAND-1362,Recrutement CDI,En cours,2026-01-15,2026-02-04,140,31.88,64.46,2.022,9023.78,4462.58,4561.2
MISS-11335,AG-06,CLI-147,CAND-1222,Intérim IA/Data,En cours,2025-08-14,2025-08-24,70,72.28,131.35,1.817,9194.81,5059.59,4135.22
MISS-11336,AG-22,CLI-103,CAND-1153,Intérim IA/Data,Annulée,2025-06-04,2025-06-24,140,34.93,64.7,1.852,9058.33,4890.54,4167.8
MISS-11337,AG-14,CLI-156,CAND-1477,Intérim IA/Data,En cours,2024-06-21,2024-07-11,140,65.64,128.94,1.964,18051.74,9190.23,8861.51
MISS-11338,AG-05,CLI-162,CAND-1384,Intérim IA/Data,En cours,2024-09-09,2024-11-08,420,73.51,148.3,2.017,62285.28,30875.47,31409.81
MISS-11339,AG-01,CLI-143,CAND-1079,Intérim IA/Data,Terminée,2025-02-03,2025-05-04,630,32.93,65.77,1.997,41438.24,20747.64,20690.6
MISS-11340,AG-17,CLI-155,CAND-1083,Intérim IA/Data,Terminée,2025-02-07,2025-02-17,70,42.69,86.33,2.022,6043.24,2988.38,3054.86
MISS-11341,AG-14,CLI-134,CAND-1333,Intérim IA/Data,Terminée,2025-01-08,2025-07-07,1260,69.07,123.63,1.79,155778.28,87025.9,68752.38
MISS-11342,AG-07,CLI-142,CAND-1350,Management Transition,Terminée,2026-03-01,2026-04-30,420,41.93,84.77,2.022,35604.12,17612.11,17992.0
MISS-11343,AG-07,CLI-101,CAND-1430,Intérim IA/Data,En cours,2026-05-09,2026-05-29,140,39.87,72.6,1.821,10164.32,5582.35,4581.96
MISS-11344,AG-09,CLI-155,CAND-1292,Intérim IA/Data,Terminée,2025-08-11,2025-10-10,420,33.5,68.01,2.03,28563.85,14068.55,14495.3
MISS-11345,AG-06,CLI-125,CAND-1046,Management Transition,Terminée,2024-10-04,2024-10-14,70,58.42,121.55,2.08,8508.65,4089.73,4418.91
MISS-11346,AG-19,CLI-173,CAND-1434,Intérim IA/Data,Terminée,2026-07-02,2026-07-22,140,72.54,131.23,1.809,18372.56,10155.47,8217.09
MISS-11347,AG-11,CLI-112,CAND-1224,Intérim IA/Data,Terminée,2025-06-16,2025-06-26,70,55.71,104.63,1.878,7324.0,3899.74,3424.26
MISS-11348,AG-16,CLI-179,CAND-1234,Recrutement CDI,Terminée,2024-07-07,2024-07-27,140,60.97,109.7,1.799,15357.7,8536.39,6821.32
MISS-11349,AG-05,CLI-167,CAND-1219,Intérim IA/Data,Terminée,2025-10-17,2025-12-16,420,68.35,123.22,1.803,51751.9,28707.23,23044.67
MISS-11350,AG-15,CLI-133,CAND-1417,Intérim IA/Data,En cours,2024-10-01,2024-10-06,35,58.13,103.97,1.789,3638.78,2034.42,1604.36
MISS-11351,AG-17,CLI-116,CAND-1442,Intérim IA/Data,Terminée,2026-04-29,2026-06-28,420,32.16,63.81,1.984,26798.28,13509.06,13289.22
MISS-11352,AG-14,CLI-129,CAND-1275,Intérim IA/Data,Terminée,2024-09-18,2025-03-17,1260,70.68,127.82,1.808,161047.08,89057.81,71989.26
MISS-11353,AG-08,CLI-150,CAND-1480,Intérim IA/Data,En cours,2025-05-10,2025-05-20,70,39.55,73.91,1.869,5173.39,2768.36,2405.04
MISS-11354,AG-05,CLI-128,CAND-1341,Recrutement CDI,Terminée,2026-06-30,2026-08-29,420,52.97,93.75,1.77,39375.34,22246.84,17128.5
MISS-11355,AG-19,CLI-148,CAND-1229,Recrutement CDI,En cours,2025-09-09,2026-03-08,1260,57.74,120.29,2.083,151567.07,72755.6,78811.47
MISS-11356,AG-02,CLI-168,CAND-1078,Intérim IA/Data,Terminée,2026-02-24,2026-03-06,70,47.24,92.11,1.95,6447.69,3306.45,3141.23
MISS-11357,AG-19,CLI-145,CAND-1359,Intérim IA/Data,Terminée,2025-10-14,2026-04-12,1260,45.82,91.1,1.988,114784.05,57738.16,57045.89
MISS-11358,AG-05,CLI-134,CAND-1480,Intérim IA/Data,En cours,2024-01-22,2024-02-11,140,67.23,139.64,2.077,19549.18,9412.88,10136.3
MISS-11359,AG-06,CLI-143,CAND-1481,Management Transition,En cours,2025-11-30,2026-01-29,420,36.79,66.48,1.807,27921.84,15453.84,12468.0
MISS-11360,AG-18,CLI-108,CAND-1277,Intérim IA/Data,Terminée,2025-08-29,2025-09-08,70,40.84,81.47,1.995,5702.6,2858.69,2843.91
MISS-11361,AG-20,CLI-179,CAND-1401,Intérim IA/Data,En cours,2024-03-28,2024-09-24,1260,51.45,95.34,1.853,120126.18,64826.17,55300.0
MISS-11362,AG-07,CLI-164,CAND-1454,Intérim IA/Data,Terminée,2024-08-12,2024-09-01,140,31.68,65.52,2.068,9172.17,4435.38,4736.79
MISS-11363,AG-15,CLI-166,CAND-1413,Intérim IA/Data,En cours,2025-10-29,2025-11-03,35,43.81,83.48,1.905,2921.63,1533.28,1388.35
MISS-11364,AG-07,CLI-140,CAND-1248,Intérim IA/Data,Terminée,2024-04-11,2024-05-01,140,39.08,81.61,2.088,11425.69,5471.02,5954.67
MISS-11365,AG-15,CLI-123,CAND-1242,Recrutement CDI,Terminée,2025-05-13,2025-05-23,70,72.53,131.92,1.819,9234.25,5076.75,4157.5
MISS-11366,AG-21,CLI-174,CAND-1157,Intérim IA/Data,Terminée,2025-03-22,2025-04-01,70,55.7,115.72,2.077,8100.19,3899.03,4201.17
MISS-11367,AG-08,CLI-112,CAND-1335,Intérim IA/Data,Terminée,2024-08-06,2024-08-16,70,38.23,78.92,2.065,5524.34,2675.86,2848.48
MISS-11368,AG-05,CLI-144,CAND-1450,Intérim IA/Data,En cours,2026-03-09,2026-06-07,630,41.09,79.35,1.931,49991.82,25886.13,24105.69
MISS-11369,AG-04,CLI-129,CAND-1291,Recrutement CDI,Terminée,2024-10-08,2025-01-06,630,52.95,101.72,1.921,64085.59,33359.89,30725.7
MISS-11370,AG-13,CLI-141,CAND-1377,Intérim IA/Data,Terminée,2026-05-30,2026-06-09,70,48.32,87.31,1.807,6111.54,3382.28,2729.26
MISS-11371,AG-09,CLI-144,CAND-1418,Intérim IA/Data,Terminée,2026-05-22,2026-06-11,140,60.63,119.12,1.965,16676.78,8488.16,8188.62
MISS-11372,AG-08,CLI-107,CAND-1097,Intérim IA/Data,En cours,2024-12-29,2025-02-27,420,61.0,119.31,1.956,50110.94,25620.61,24490.33
MISS-11373,AG-22,CLI-119,CAND-1004,Intérim IA/Data,Terminée,2026-01-08,2026-03-09,420,66.12,128.85,1.949,54117.01,27771.66,26345.36
MISS-11374,AG-01,CLI-104,CAND-1011,Recrutement CDI,Terminée,2024-12-23,2024-12-28,35,46.04,95.41,2.072,3339.38,1611.37,1728.01
MISS-11375,AG-10,CLI-114,CAND-1471,Management Transition,Terminée,2024-03-27,2024-09-23,1260,64.89,134.04,2.066,168888.52,81758.85,87129.67
MISS-11376,AG-01,CLI-148,CAND-1343,Intérim IA/Data,Terminée,2026-03-19,2026-05-18,420,37.4,68.32,1.827,28696.02,15707.83,12988.19
MISS-11377,AG-17,CLI-148,CAND-1145,Intérim IA/Data,En cours,2026-01-23,2026-02-02,70,56.48,113.78,2.015,7964.88,3953.38,4011.5
MISS-11378,AG-07,CLI-109,CAND-1150,Recrutement CDI,Annulée,2026-03-24,2026-03-29,35,64.24,122.1,1.901,4273.53,2248.54,2024.99
MISS-11379,AG-14,CLI-149,CAND-1081,Intérim IA/Data,Terminée,2024-01-31,2024-07-29,1260,72.48,144.75,1.997,182386.49,91329.07,91057.43
MISS-11380,AG-01,CLI-157,CAND-1212,Intérim IA/Data,Terminée,2026-07-07,2026-09-05,420,62.95,119.56,1.899,50215.79,26440.22,23775.57
MISS-11381,AG-13,CLI-161,CAND-1389,Management Transition,En cours,2024-10-17,2024-11-06,140,72.87,142.94,1.962,20012.02,10201.17,9810.85
MISS-11382,AG-21,CLI-168,CAND-1174,Intérim IA/Data,En cours,2024-10-23,2024-11-12,140,70.29,126.41,1.798,17697.64,9840.37,7857.27
MISS-11383,AG-18,CLI-112,CAND-1087,Intérim IA/Data,En cours,2024-10-20,2024-10-30,70,58.79,103.73,1.765,7261.0,4115.03,3145.97
MISS-11384,AG-17,CLI-155,CAND-1183,Intérim IA/Data,Terminée,2025-06-09,2025-06-29,140,70.27,127.62,1.816,17867.36,9838.18,8029.18
MISS-11385,AG-12,CLI-111,CAND-1247,Intérim IA/Data,En cours,2025-03-09,2025-03-19,70,74.07,129.95,1.754,9096.8,5184.95,3911.85
MISS-11386,AG-07,CLI-126,CAND-1344,Intérim IA/Data,Terminée,2024-03-27,2024-09-23,1260,36.16,67.27,1.86,84761.42,45565.19,39196.23
MISS-11387,AG-09,CLI-107,CAND-1469,Management Transition,Terminée,2024-07-10,2024-10-08,630,71.24,134.12,1.883,84498.59,44879.23,39619.36
MISS-11388,AG-22,CLI-158,CAND-1229,Intérim IA/Data,Terminée,2025-03-06,2025-03-26,140,53.16,103.42,1.946,14479.02,7441.82,7037.2
MISS-11389,AG-12,CLI-138,CAND-1266,Intérim IA/Data,Terminée,2024-06-03,2024-06-13,70,31.68,61.93,1.955,4335.21,2217.53,2117.68
MISS-11390,AG-22,CLI-156,CAND-1388,Intérim IA/Data,Terminée,2025-06-05,2025-08-04,420,65.05,126.82,1.95,53262.34,27319.14,25943.2
MISS-11391,AG-02,CLI-136,CAND-1287,Intérim IA/Data,Terminée,2025-06-18,2025-07-08,140,64.08,123.6,1.929,17304.35,8970.85,8333.51
MISS-11392,AG-20,CLI-123,CAND-1197,Intérim IA/Data,En cours,2024-03-18,2024-04-07,140,67.57,127.76,1.891,17885.9,9460.18,8425.72
MISS-11393,AG-12,CLI-111,CAND-1334,Intérim IA/Data,Terminée,2024-09-06,2024-12-05,630,45.33,86.63,1.911,54579.69,28554.8,26024.88
MISS-11394,AG-02,CLI-122,CAND-1184,Intérim IA/Data,Terminée,2025-04-24,2025-10-21,1260,60.29,119.62,1.984,150723.17,75965.31,74757.86
MISS-11395,AG-02,CLI-160,CAND-1298,Management Transition,Terminée,2025-10-05,2026-04-03,1260,30.08,58.42,1.942,73609.04,37903.9,35705.14
MISS-11396,AG-20,CLI-159,CAND-1356,Management Transition,En cours,2024-04-21,2024-05-01,70,63.43,114.48,1.805,8013.67,4439.88,3573.79
MISS-11397,AG-04,CLI-125,CAND-1175,Intérim IA/Data,Terminée,2025-07-14,2026-01-10,1260,74.8,141.49,1.891,178274.89,94253.54,84021.35
MISS-11398,AG-06,CLI-107,CAND-1349,Management Transition,En cours,2024-06-06,2024-09-04,630,69.69,138.63,1.989,87335.5,43903.11,43432.39
MISS-11399,AG-02,CLI-150,CAND-1408,Intérim IA/Data,En cours,2024-12-23,2025-01-12,140,60.18,122.77,2.04,17187.69,8425.55,8762.14
MISS-11400,AG-10,CLI-128,CAND-1177,Intérim IA/Data,En cours,2025-08-23,2025-09-02,70,36.29,69.53,1.916,4867.03,2540.44,2326.59
MISS-11401,AG-10,CLI-178,CAND-1131,Intérim IA/Data,Terminée,2025-03-19,2025-04-08,140,46.5,84.13,1.809,11778.56,6509.56,5269.0
MISS-11402,AG-21,CLI-154,CAND-1459,Recrutement CDI,Terminée,2026-02-01,2026-04-02,420,60.63,119.01,1.963,49985.91,25466.59,24519.32
MISS-11403,AG-03,CLI-143,CAND-1106,Management Transition,Terminée,2025-10-06,2026-01-04,630,68.9,132.15,1.918,83256.28,43405.68,39850.61
MISS-11404,AG-22,CLI-178,CAND-1307,Intérim IA/Data,Terminée,2026-04-30,2026-05-20,140,59.46,104.26,1.754,14596.96,8323.96,6273.0
MISS-11405,AG-17,CLI-175,CAND-1269,Intérim IA/Data,Terminée,2024-05-30,2024-06-19,140,56.64,100.96,1.782,14133.73,7929.23,6204.5
MISS-11406,AG-11,CLI-128,CAND-1096,Intérim IA/Data,Terminée,2024-08-12,2024-10-11,420,54.92,110.14,2.005,46257.9,23068.4,23189.5
MISS-11407,AG-10,CLI-146,CAND-1379,Management Transition,Terminée,2024-06-13,2024-08-12,420,34.7,70.32,2.026,29535.71,14576.01,14959.71
MISS-11408,AG-19,CLI-147,CAND-1013,Intérim IA/Data,Annulée,2024-07-18,2024-07-28,70,53.11,98.3,1.851,6880.81,3717.78,3163.03
MISS-11409,AG-14,CLI-125,CAND-1373,Recrutement CDI,Terminée,2026-05-11,2026-07-10,420,51.3,107.6,2.098,45192.07,21544.22,23647.85
MISS-11410,AG-18,CLI-136,CAND-1134,Intérim IA/Data,Terminée,2025-11-21,2026-01-20,420,35.15,63.19,1.798,26541.0,14761.89,11779.11
MISS-11411,AG-01,CLI-124,CAND-1117,Recrutement CDI,Terminée,2025-10-30,2025-12-29,420,33.36,58.76,1.761,24678.17,14012.39,10665.78
MISS-11412,AG-19,CLI-141,CAND-1492,Intérim IA/Data,En cours,2024-02-06,2024-08-04,1260,72.93,149.97,2.056,188968.34,91893.63,97074.71
MISS-11413,AG-21,CLI-127,CAND-1330,Intérim IA/Data,En cours,2024-11-10,2024-11-30,140,34.07,68.84,2.021,9637.27,4769.57,4867.69
MISS-11414,AG-09,CLI-112,CAND-1449,Recrutement CDI,Terminée,2025-05-21,2025-07-20,420,42.72,79.09,1.851,33219.77,17943.66,15276.1
MISS-11415,AG-02,CLI-129,CAND-1309,Intérim IA/Data,Annulée,2024-12-03,2025-03-03,630,50.19,96.66,1.926,60894.43,31619.04,29275.39
MISS-11416,AG-08,CLI-146,CAND-1253,Recrutement CDI,En cours,2024-07-03,2024-07-13,70,42.01,79.77,1.899,5584.11,2940.41,2643.7
MISS-11417,AG-01,CLI-119,CAND-1363,Intérim IA/Data,Terminée,2024-10-04,2024-10-24,140,36.4,74.69,2.052,10456.69,5096.12,5360.57
MISS-11418,AG-01,CLI-152,CAND-1377,Intérim IA/Data,Terminée,2025-04-03,2025-04-23,140,72.32,136.85,1.892,19158.59,10124.77,9033.82
MISS-11419,AG-16,CLI-149,CAND-1324,Intérim IA/Data,Terminée,2024-08-13,2024-11-11,630,56.09,102.16,1.821,64362.52,35337.71,29024.82
MISS-11420,AG-03,CLI-126,CAND-1339,Management Transition,Terminée,2025-07-17,2025-10-15,630,58.06,105.07,1.81,66192.85,36577.73,29615.13
MISS-11421,AG-21,CLI-108,CAND-1342,Intérim IA/Data,En cours,2024-07-02,2024-07-22,140,39.28,81.34,2.071,11387.58,5499.46,5888.12
MISS-11422,AG-05,CLI-103,CAND-1128,Recrutement CDI,Terminée,2026-06-17,2026-06-22,35,48.72,101.64,2.086,3557.29,1705.27,1852.02
MISS-11423,AG-09,CLI-119,CAND-1358,Intérim IA/Data,Terminée,2024-03-19,2024-05-18,420,57.04,109.66,1.922,46057.61,23958.39,22099.22
MISS-11424,AG-12,CLI-162,CAND-1004,Intérim IA/Data,Terminée,2026-01-16,2026-01-21,35,50.76,101.94,2.008,3567.88,1776.44,1791.44
MISS-11425,AG-15,CLI-140,CAND-1394,Intérim IA/Data,En cours,2025-08-27,2025-09-06,70,30.89,59.88,1.938,4191.49,2162.54,2028.95
MISS-11426,AG-19,CLI-141,CAND-1327,Intérim IA/Data,Terminée,2025-01-03,2025-01-23,140,34.09,62.77,1.841,8787.5,4772.48,4015.01
MISS-11427,AG-22,CLI-105,CAND-1111,Recrutement CDI,Terminée,2024-10-13,2025-04-11,1260,59.75,106.12,1.776,133710.76,75285.66,58425.11
MISS-11428,AG-14,CLI-122,CAND-1199,Intérim IA/Data,Terminée,2024-03-05,2024-06-03,630,69.53,132.05,1.899,83193.07,43806.38,39386.68
MISS-11429,AG-01,CLI-113,CAND-1043,Recrutement CDI,Terminée,2025-08-08,2026-02-04,1260,35.18,69.97,1.989,88167.0,44322.34,43844.66
MISS-11430,AG-04,CLI-106,CAND-1174,Intérim IA/Data,Terminée,2024-09-16,2024-10-06,140,65.71,137.13,2.087,19197.58,9199.64,9997.94
MISS-11431,AG-19,CLI-122,CAND-1343,Intérim IA/Data,Terminée,2025-03-29,2025-04-08,70,40.03,70.73,1.767,4950.76,2802.45,2148.32
MISS-11432,AG-21,CLI-175,CAND-1270,Intérim IA/Data,Terminée,2026-06-10,2026-09-08,630,50.74,106.52,2.099,67104.48,31964.85,35139.63
MISS-11433,AG-14,CLI-141,CAND-1367,Intérim IA/Data,Terminée,2025-03-13,2025-05-12,420,33.44,64.96,1.943,27282.67,14044.82,13237.86
MISS-11434,AG-04,CLI-115,CAND-1020,Intérim IA/Data,Terminée,2024-07-07,2024-07-17,70,56.76,99.44,1.752,6961.1,3972.93,2988.16
MISS-11435,AG-01,CLI-154,CAND-1247,Recrutement CDI,Terminée,2024-02-08,2024-04-08,420,66.17,122.05,1.844,51259.51,27793.05,23466.45
MISS-11436,AG-08,CLI-147,CAND-1298,Intérim IA/Data,Terminée,2024-10-24,2024-12-23,420,55.64,113.53,2.04,47682.59,23368.3,24314.29
MISS-11437,AG-10,CLI-147,CAND-1325,Recrutement CDI,Terminée,2026-07-09,2026-09-07,420,64.18,117.42,1.83,49317.89,26956.01,22361.89
MISS-11438,AG-13,CLI-110,CAND-1377,Intérim IA/Data,Terminée,2026-07-10,2026-07-20,70,71.48,138.54,1.938,9697.66,5003.41,4694.26
MISS-11439,AG-14,CLI-174,CAND-1231,Intérim IA/Data,Terminée,2026-01-06,2026-03-07,420,52.8,94.07,1.782,39509.74,22175.86,17333.88
MISS-11440,AG-19,CLI-110,CAND-1329,Intérim IA/Data,Terminée,2025-02-09,2025-02-19,70,52.22,99.24,1.901,6946.8,3655.09,3291.71
MISS-11441,AG-05,CLI-100,CAND-1106,Intérim IA/Data,Terminée,2026-07-03,2026-10-01,630,35.52,70.23,1.977,44246.82,22378.47,21868.35
MISS-11442,AG-01,CLI-115,CAND-1041,Intérim IA/Data,Terminée,2025-11-18,2025-11-28,70,33.62,64.06,1.906,4484.52,2353.1,2131.42
MISS-11443,AG-14,CLI-152,CAND-1195,Recrutement CDI,Terminée,2025-09-30,2025-10-05,35,57.55,107.61,1.87,3766.31,2014.31,1751.99
MISS-11444,AG-21,CLI-161,CAND-1011,Intérim IA/Data,En cours,2024-09-04,2024-09-09,35,64.15,125.31,1.954,4385.97,2245.11,2140.87
MISS-11445,AG-16,CLI-115,CAND-1292,Intérim IA/Data,Terminée,2024-06-25,2024-07-05,70,45.17,92.39,2.046,6467.44,3161.67,3305.77
MISS-11446,AG-21,CLI-115,CAND-1056,Intérim IA/Data,Terminée,2024-03-20,2024-03-25,35,37.15,78.01,2.1,2730.19,1300.16,1430.03
MISS-11447,AG-21,CLI-104,CAND-1340,Intérim IA/Data,Terminée,2025-05-12,2025-06-01,140,59.65,108.77,1.823,15227.59,8351.18,6876.41
MISS-11448,AG-02,CLI-113,CAND-1342,Intérim IA/Data,Terminée,2024-12-16,2024-12-21,35,48.29,96.64,2.001,3382.53,1690.25,1692.28
MISS-11449,AG-17,CLI-141,CAND-1024,Intérim IA/Data,Terminée,2026-05-14,2026-06-03,140,64.98,115.57,1.779,16179.14,9096.74,7082.4
MISS-11450,AG-18,CLI-120,CAND-1232,Recrutement CDI,Terminée,2024-10-09,2025-01-07,630,70.25,125.56,1.787,79103.81,44256.21,34847.6
MISS-11451,AG-21,CLI-162,CAND-1283,Intérim IA/Data,Terminée,2026-02-12,2026-08-11,1260,48.1,97.62,2.029,123006.0,60609.87,62396.13
MISS-11452,AG-22,CLI-154,CAND-1153,Intérim IA/Data,En cours,2025-11-14,2025-11-24,70,33.6,69.14,2.058,4840.13,2352.33,2487.8
MISS-11453,AG-16,CLI-167,CAND-1032,Intérim IA/Data,Terminée,2024-10-05,2024-10-15,70,68.4,139.7,2.042,9778.95,4787.84,4991.1
MISS-11454,AG-17,CLI-126,CAND-1365,Intérim IA/Data,Terminée,2025-07-14,2025-09-12,420,39.93,77.1,1.931,32381.36,16771.31,15610.06
MISS-11455,AG-21,CLI-129,CAND-1290,Intérim IA/Data,Terminée,2025-02-02,2025-02-07,35,62.88,122.3,1.945,4280.59,2200.7,2079.89
MISS-11456,AG-20,CLI-157,CAND-1395,Intérim IA/Data,Terminée,2025-12-22,2026-01-01,70,57.2,108.7,1.9,7608.99,4003.97,3605.02
MISS-11457,AG-08,CLI-139,CAND-1223,Management Transition,Terminée,2025-10-02,2025-10-07,35,48.05,94.23,1.961,3297.91,1681.73,1616.18
MISS-11458,AG-05,CLI-100,CAND-1227,Intérim IA/Data,Terminée,2025-05-14,2025-05-19,35,33.28,69.2,2.079,2421.99,1164.71,1257.27
MISS-11459,AG-12,CLI-127,CAND-1269,Recrutement CDI,Terminée,2026-03-01,2026-03-11,70,51.11,91.83,1.797,6427.95,3577.98,2849.97
MISS-11460,AG-19,CLI-157,CAND-1453,Recrutement CDI,Terminée,2024-02-14,2024-02-24,70,70.87,130.15,1.837,9110.56,4960.57,4149.98
MISS-11461,AG-19,CLI-158,CAND-1452,Intérim IA/Data,Terminée,2026-05-25,2026-06-04,70,64.43,123.59,1.918,8651.36,4510.19,4141.17
MISS-11462,AG-07,CLI-117,CAND-1113,Intérim IA/Data,Terminée,2025-11-17,2025-12-07,140,62.7,131.58,2.098,18421.0,8778.25,9642.75
MISS-11463,AG-08,CLI-104,CAND-1307,Intérim IA/Data,En cours,2024-04-09,2024-06-08,420,59.44,105.33,1.772,44238.19,24963.65,19274.54
MISS-11464,AG-11,CLI-162,CAND-1317,Recrutement CDI,Terminée,2025-02-05,2025-02-10,35,33.54,61.58,1.836,2155.17,1173.99,981.17
MISS-11465,AG-18,CLI-126,CAND-1426,Intérim IA/Data,Terminée,2024-01-21,2024-02-10,140,33.54,65.82,1.962,9214.97,4696.17,4518.8
MISS-11466,AG-02,CLI-126,CAND-1103,Recrutement CDI,Annulée,2024-12-08,2024-12-28,140,46.07,91.25,1.981,12774.92,6449.44,6325.47
MISS-11467,AG-20,CLI-137,CAND-1252,Intérim IA/Data,En cours,2024-11-04,2024-11-14,70,74.29,136.99,1.844,9589.42,5200.47,4388.95
MISS-11468,AG-15,CLI-157,CAND-1119,Intérim IA/Data,Terminée,2026-01-06,2026-01-16,70,62.29,112.06,1.799,7844.35,4360.18,3484.17
MISS-11469,AG-21,CLI-145,CAND-1105,Recrutement CDI,Terminée,2025-09-01,2025-09-21,140,53.66,111.01,2.069,15540.84,7511.75,8029.09
MISS-11470,AG-01,CLI-170,CAND-1364,Intérim IA/Data,Terminée,2024-04-23,2024-05-13,140,48.95,97.14,1.984,13599.34,6853.55,6745.79
MISS-11471,AG-14,CLI-105,CAND-1041,Intérim IA/Data,Terminée,2024-07-02,2024-08-31,420,61.77,129.14,2.09,54237.17,25944.68,28292.49
MISS-11472,AG-03,CLI-160,CAND-1191,Intérim IA/Data,Annulée,2025-04-30,2025-07-29,630,50.04,92.33,1.845,58170.73,31525.03,26645.7
MISS-11473,AG-10,CLI-163,CAND-1034,Intérim IA/Data,Terminée,2025-05-22,2025-06-01,70,52.46,103.5,1.973,7244.96,3672.29,3572.68
MISS-11474,AG-22,CLI-100,CAND-1215,Management Transition,Terminée,2024-09-24,2024-12-23,630,46.4,84.76,1.827,53396.97,29230.16,24166.81
MISS-11475,AG-21,CLI-113,CAND-1052,Intérim IA/Data,Terminée,2025-05-23,2025-06-12,140,51.03,106.17,2.08,14863.49,7144.54,7718.95
MISS-11476,AG-10,CLI-130,CAND-1069,Management Transition,Annulée,2026-07-27,2026-09-25,420,54.98,103.32,1.879,43395.35,23091.39,20303.96
MISS-11477,AG-04,CLI-122,CAND-1015,Intérim IA/Data,Terminée,2025-09-28,2025-12-27,630,73.85,141.69,1.919,89266.0,46525.66,42740.33
MISS-11478,AG-01,CLI-179,CAND-1303,Management Transition,Annulée,2025-12-06,2025-12-16,70,37.8,76.66,2.028,5366.25,2646.04,2720.21
MISS-11479,AG-21,CLI-114,CAND-1012,Intérim IA/Data,En cours,2024-01-16,2024-01-26,70,65.46,135.59,2.071,9491.16,4582.53,4908.63
MISS-11480,AG-02,CLI-149,CAND-1451,Intérim IA/Data,Terminée,2026-02-04,2026-08-03,1260,43.75,82.99,1.897,104565.54,55122.12,49443.42
MISS-11481,AG-22,CLI-117,CAND-1196,Management Transition,Terminée,2026-03-29,2026-05-28,420,41.48,79.89,1.926,33554.62,17423.15,16131.47
MISS-11482,AG-17,CLI-173,CAND-1335,Intérim IA/Data,Terminée,2025-07-10,2025-07-15,35,33.62,65.85,1.959,2304.62,1176.58,1128.05
MISS-11483,AG-12,CLI-125,CAND-1080,Intérim IA/Data,Terminée,2025-07-29,2026-01-25,1260,72.1,131.61,1.825,165833.06,90849.43,74983.63
MISS-11484,AG-03,CLI-114,CAND-1386,Intérim IA/Data,Terminée,2024-06-16,2024-06-26,70,58.53,118.87,2.031,8321.0,4097.39,4223.62
MISS-11485,AG-17,CLI-165,CAND-1089,Intérim IA/Data,Terminée,2025-10-27,2025-12-26,420,36.2,66.2,1.829,27802.7,15204.66,12598.04
MISS-11486,AG-10,CLI-102,CAND-1220,Intérim IA/Data,En cours,2024-02-14,2024-04-14,420,72.24,146.66,2.03,61596.11,30340.02,31256.09
MISS-11487,AG-01,CLI-150,CAND-1223,Management Transition,Terminée,2025-11-29,2025-12-09,70,73.74,130.82,1.774,9157.45,5162.14,3995.31
MISS-11488,AG-20,CLI-127,CAND-1307,Intérim IA/Data,Terminée,2026-04-10,2026-04-30,140,70.04,143.34,2.046,20067.55,9806.14,10261.41
MISS-11489,AG-16,CLI-131,CAND-1228,Intérim IA/Data,En cours,2024-07-16,2024-07-26,70,42.82,86.21,2.013,6034.74,2997.48,3037.26
MISS-11490,AG-11,CLI-148,CAND-1343,Intérim IA/Data,Terminée,2025-08-31,2025-09-10,70,31.09,63.06,2.029,4414.17,2176.05,2238.12
MISS-11491,AG-10,CLI-163,CAND-1091,Recrutement CDI,Terminée,2025-06-19,2025-07-09,140,39.78,72.45,1.821,10143.28,5569.36,4573.92
MISS-11492,AG-22,CLI-141,CAND-1209,Intérim IA/Data,En cours,2026-04-14,2026-10-11,1260,37.91,76.15,2.009,95950.2,47760.95,48189.25
MISS-11493,AG-17,CLI-143,CAND-1458,Intérim IA/Data,Terminée,2026-03-05,2026-03-25,140,70.61,123.97,1.756,17355.26,9884.89,7470.37
MISS-11494,AG-14,CLI-152,CAND-1412,Intérim IA/Data,Terminée,2026-01-22,2026-02-11,140,55.72,108.34,1.944,15168.19,7800.74,7367.45
MISS-11495,AG-18,CLI-131,CAND-1208,Recrutement CDI,Terminée,2025-07-12,2025-08-01,140,60.8,107.85,1.774,15098.62,8512.03,6586.58
MISS-11496,AG-09,CLI-149,CAND-1341,Intérim IA/Data,En cours,2025-08-13,2025-10-12,420,35.76,71.57,2.001,30058.85,15018.81,15040.05
MISS-11497,AG-06,CLI-135,CAND-1086,Intérim IA/Data,Terminée,2024-07-27,2024-08-16,140,60.65,118.81,1.959,16633.59,8490.78,8142.81
MISS-11498,AG-21,CLI-108,CAND-1221,Management Transition,Terminée,2024-09-18,2024-09-28,70,68.22,132.38,1.941,9266.7,4775.38,4491.32
MISS-11499,AG-22,CLI-153,CAND-1166,Management Transition,En cours,2024-06-07,2024-08-06,420,52.68,108.21,2.054,45449.66,22124.0,23325.66
MISS-11500,AG-03,CLI-142,CAND-1438,Intérim IA/Data,Annulée,2026-05-18,2026-08-16,630,52.48,99.64,1.899,62770.37,33060.88,29709.49
MISS-11501,AG-04,CLI-111,CAND-1429,Management Transition,En cours,2026-05-26,2026-06-05,70,63.51,120.94,1.904,8466.03,4445.7,4020.32
MISS-11502,AG-18,CLI-123,CAND-1177,Intérim IA/Data,Terminée,2024-05-04,2024-08-02,630,71.29,144.4,2.026,90972.11,44911.24,46060.87
MISS-11503,AG-06,CLI-128,CAND-1077,Intérim IA/Data,Terminée,2026-08-05,2026-10-04,420,60.33,109.75,1.819,46096.22,25338.89,20757.33
MISS-11504,AG-18,CLI-112,CAND-1238,Intérim IA/Data,Terminée,2024-09-07,2024-09-12,35,36.57,66.8,1.827,2338.06,1279.98,1058.08
MISS-11505,AG-10,CLI-155,CAND-1222,Intérim IA/Data,Terminée,2024-05-24,2024-06-13,140,59.21,123.17,2.08,17243.44,8289.74,8953.7
MISS-11506,AG-21,CLI-155,CAND-1261,Intérim IA/Data,Terminée,2024-10-16,2025-01-14,630,62.29,109.84,1.763,69197.34,39240.46,29956.88
MISS-11507,AG-15,CLI-103,CAND-1454,Recrutement CDI,Annulée,2025-06-26,2025-07-01,35,63.66,121.0,1.901,4234.94,2228.18,2006.76
MISS-11508,AG-04,CLI-115,CAND-1350,Intérim IA/Data,En cours,2026-07-11,2026-10-09,630,39.14,74.64,1.907,47024.19,24657.97,22366.23
MISS-11509,AG-19,CLI-118,CAND-1222,Management Transition,Terminée,2025-09-22,2025-10-12,140,57.12,102.92,1.802,14408.43,7996.46,6411.97
MISS-11510,AG-06,CLI-154,CAND-1243,Intérim IA/Data,En cours,2026-05-18,2026-06-07,140,65.7,115.13,1.752,16117.69,9198.24,6919.44
MISS-11511,AG-15,CLI-174,CAND-1494,Intérim IA/Data,En cours,2024-05-26,2024-07-25,420,72.58,137.78,1.898,57867.61,30484.88,27382.73
MISS-11512,AG-05,CLI-179,CAND-1484,Intérim IA/Data,Terminée,2026-07-02,2026-07-12,70,74.71,142.26,1.904,9958.15,5229.96,4728.19
MISS-11513,AG-04,CLI-169,CAND-1472,Intérim IA/Data,Annulée,2026-07-13,2026-09-11,420,60.23,110.52,1.835,46419.68,25295.03,21124.65
MISS-11514,AG-09,CLI-149,CAND-1496,Recrutement CDI,Terminée,2024-12-23,2025-01-12,140,60.01,125.22,2.087,17530.29,8400.92,9129.37
MISS-11515,AG-22,CLI-124,CAND-1048,Intérim IA/Data,Terminée,2024-07-08,2024-09-06,420,63.38,127.11,2.005,53386.2,26620.89,26765.31
MISS-11516,AG-08,CLI-153,CAND-1395,Management Transition,Terminée,2024-06-07,2024-06-27,140,40.74,83.1,2.04,11633.9,5703.24,5930.66
MISS-11517,AG-13,CLI-133,CAND-1117,Intérim IA/Data,Terminée,2026-06-07,2026-12-04,1260,49.23,103.16,2.095,129978.65,62030.07,67948.57
MISS-11518,AG-05,CLI-110,CAND-1472,Intérim IA/Data,Terminée,2024-05-25,2024-06-14,140,44.46,90.05,2.025,12607.55,6224.98,6382.57
MISS-11519,AG-09,CLI-121,CAND-1458,Intérim IA/Data,Terminée,2024-03-29,2024-04-08,70,48.08,100.31,2.086,7021.6,3365.76,3655.84
MISS-11520,AG-20,CLI-160,CAND-1201,Recrutement CDI,Terminée,2025-07-07,2026-01-03,1260,68.45,140.78,2.057,177388.29,86245.92,91142.36
MISS-11521,AG-22,CLI-131,CAND-1436,Intérim IA/Data,Terminée,2025-10-25,2025-11-14,140,60.58,121.48,2.005,17006.99,8481.5,8525.49
MISS-11522,AG-07,CLI-101,CAND-1227,Intérim IA/Data,En cours,2026-06-10,2026-09-08,630,44.5,83.99,1.887,52910.56,28034.1,24876.46
MISS-11523,AG-05,CLI-158,CAND-1383,Intérim IA/Data,En cours,2026-06-08,2026-06-28,140,36.77,69.49,1.89,9728.59,5147.72,4580.87
MISS-11524,AG-18,CLI-112,CAND-1085,Management Transition,Terminée,2025-05-20,2025-07-19,420,40.68,75.07,1.846,31531.49,17084.64,14446.85
MISS-11525,AG-08,CLI-140,CAND-1278,Intérim IA/Data,Terminée,2025-04-06,2025-04-26,140,37.6,76.28,2.029,10679.41,5263.52,5415.89
MISS-11526,AG-18,CLI-140,CAND-1461,Intérim IA/Data,Terminée,2024-12-05,2025-02-03,420,44.33,81.17,1.831,34090.68,18618.24,15472.44
MISS-11527,AG-19,CLI-120,CAND-1060,Intérim IA/Data,Terminée,2024-04-17,2024-07-16,630,30.79,59.56,1.935,37524.85,19397.26,18127.59
MISS-11528,AG-19,CLI-175,CAND-1360,Intérim IA/Data,Terminée,2025-01-05,2025-03-06,420,32.65,60.67,1.858,25482.28,13714.6,11767.69
MISS-11529,AG-05,CLI-173,CAND-1368,Recrutement CDI,Terminée,2024-05-28,2024-06-17,140,65.14,115.37,1.771,16152.12,9119.89,7032.22
MISS-11530,AG-06,CLI-163,CAND-1289,Intérim IA/Data,Terminée,2025-12-30,2026-03-30,630,51.18,98.69,1.928,62176.66,32242.5,29934.16
MISS-11531,AG-03,CLI-135,CAND-1093,Intérim IA/Data,En cours,2026-07-10,2026-07-30,140,47.02,88.43,1.881,12380.14,6583.32,5796.82
MISS-11532,AG-14,CLI-158,CAND-1223,Intérim IA/Data,Terminée,2025-06-24,2025-07-04,70,53.65,110.8,2.065,7756.3,3755.77,4000.53
MISS-11533,AG-20,CLI-135,CAND-1214,Intérim IA/Data,Terminée,2026-07-30,2026-09-28,420,37.98,79.37,2.09,33337.49,15950.68,17386.81
MISS-11534,AG-05,CLI-154,CAND-1468,Intérim IA/Data,En cours,2025-06-08,2025-06-18,70,71.98,130.35,1.811,9124.55,5038.72,4085.84
MISS-11535,AG-05,CLI-170,CAND-1161,Recrutement CDI,Terminée,2024-01-25,2024-02-14,140,44.38,80.29,1.809,11241.09,6213.34,5027.75
MISS-11536,AG-10,CLI-133,CAND-1329,Recrutement CDI,En cours,2025-05-22,2025-11-18,1260,47.85,97.58,2.039,122954.92,60287.34,62667.57
MISS-11537,AG-02,CLI-150,CAND-1420,Intérim IA/Data,Terminée,2024-05-14,2024-06-03,140,49.94,99.01,1.982,13860.72,6992.19,6868.53
MISS-11538,AG-18,CLI-159,CAND-1012,Intérim IA/Data,Terminée,2026-06-04,2026-06-14,70,59.1,107.06,1.811,7494.21,4137.32,3356.89
MISS-11539,AG-03,CLI-109,CAND-1164,Intérim IA/Data,En cours,2026-05-23,2026-06-12,140,37.71,71.82,1.905,10055.33,5279.73,4775.6
MISS-11540,AG-01,CLI-172,CAND-1014,Intérim IA/Data,Terminée,2025-12-21,2026-03-21,630,47.39,83.28,1.757,52467.44,29858.41,22609.03
MISS-11541,AG-08,CLI-119,CAND-1237,Recrutement CDI,Terminée,2025-03-26,2025-09-22,1260,30.93,56.34,1.821,70982.66,38974.57,32008.09
MISS-11542,AG-17,CLI-129,CAND-1404,Intérim IA/Data,En cours,2025-05-08,2025-05-18,70,42.5,78.38,1.844,5486.39,2975.18,2511.21
MISS-11543,AG-11,CLI-127,CAND-1269,Management Transition,Terminée,2025-09-14,2025-10-04,140,32.87,66.47,2.022,9305.54,4601.31,4704.23
MISS-11544,AG-02,CLI-170,CAND-1083,Intérim IA/Data,Terminée,2025-04-25,2025-05-15,140,55.13,106.78,1.937,14949.57,7717.88,7231.69
MISS-11545,AG-19,CLI-153,CAND-1137,Management Transition,Terminée,2025-09-03,2025-09-23,140,71.47,132.23,1.85,18512.64,10005.75,8506.89
MISS-11546,AG-02,CLI-154,CAND-1018,Intérim IA/Data,En cours,2024-11-09,2024-11-14,35,47.92,100.34,2.094,3511.94,1677.33,1834.61
MISS-11547,AG-08,CLI-141,CAND-1133,Intérim IA/Data,Terminée,2024-09-09,2024-09-14,35,47.52,91.17,1.918,3190.93,1663.25,1527.67
MISS-11548,AG-01,CLI-163,CAND-1254,Intérim IA/Data,Terminée,2025-07-05,2025-09-03,420,31.21,61.2,1.961,25704.94,13108.43,12596.52
MISS-11549,AG-19,CLI-145,CAND-1072,Intérim IA/Data,Terminée,2026-01-22,2026-04-22,630,52.45,92.21,1.758,58093.03,33041.03,25052.0
MISS-11550,AG-10,CLI-103,CAND-1417,Intérim IA/Data,Terminée,2024-01-17,2024-03-17,420,37.72,70.78,1.876,29727.05,15843.22,13883.83
MISS-11551,AG-20,CLI-137,CAND-1449,Intérim IA/Data,En cours,2024-08-05,2024-08-15,70,63.29,121.71,1.923,8519.46,4430.07,4089.4
MISS-11552,AG-12,CLI-159,CAND-1392,Intérim IA/Data,Terminée,2026-04-10,2026-06-09,420,57.98,115.16,1.986,48365.76,24352.79,24012.97
MISS-11553,AG-17,CLI-110,CAND-1221,Intérim IA/Data,Annulée,2026-02-10,2026-04-11,420,36.81,69.0,1.875,28981.57,15459.68,13521.89
MISS-11554,AG-11,CLI-162,CAND-1287,Intérim IA/Data,Terminée,2024-11-30,2024-12-20,140,43.38,80.29,1.851,11240.98,6072.8,5168.18
MISS-11555,AG-01,CLI-135,CAND-1373,Intérim IA/Data,En cours,2024-05-08,2024-07-07,420,37.01,66.36,1.793,27872.87,15543.99,12328.87
MISS-11556,AG-20,CLI-157,CAND-1362,Intérim IA/Data,Terminée,2024-10-25,2024-12-24,420,58.26,120.38,2.066,50560.7,24470.38,26090.32
MISS-11557,AG-13,CLI-141,CAND-1158,Intérim IA/Data,Terminée,2024-11-01,2025-04-30,1260,63.65,117.62,1.848,148202.17,80193.91,68008.26
MISS-11558,AG-15,CLI-159,CAND-1092,Intérim IA/Data,Terminée,2026-04-29,2026-05-19,140,46.6,86.42,1.855,12098.72,6523.51,5575.21
MISS-11559,AG-11,CLI-167,CAND-1446,Management Transition,Terminée,2025-06-29,2025-09-27,630,68.83,125.16,1.818,78850.0,43362.74,35487.26
MISS-11560,AG-18,CLI-102,CAND-1407,Intérim IA/Data,Terminée,2026-05-28,2026-08-26,630,32.45,60.99,1.88,38422.49,20441.12,17981.37
MISS-11561,AG-15,CLI-111,CAND-1388,Management Transition,Terminée,2025-09-04,2025-12-03,630,47.66,97.33,2.042,61318.82,30028.46,31290.36
MISS-11562,AG-13,CLI-130,CAND-1232,Intérim IA/Data,En cours,2025-07-21,2025-07-26,35,48.92,88.46,1.808,3096.2,1712.27,1383.93
MISS-11563,AG-21,CLI-150,CAND-1212,Intérim IA/Data,Terminée,2025-07-08,2025-07-28,140,57.42,110.88,1.931,15523.07,8038.94,7484.13
MISS-11564,AG-12,CLI-146,CAND-1383,Intérim IA/Data,En cours,2024-09-06,2024-09-16,70,42.68,78.62,1.842,5503.49,2987.91,2515.58
MISS-11565,AG-16,CLI-145,CAND-1456,Intérim IA/Data,Terminée,2024-01-26,2024-02-15,140,43.07,87.98,2.042,12316.91,6030.39,6286.52
MISS-11566,AG-01,CLI-100,CAND-1282,Intérim IA/Data,En cours,2024-07-30,2024-10-28,630,68.6,139.16,2.029,87672.26,43219.25,44453.01
MISS-11567,AG-17,CLI-150,CAND-1151,Intérim IA/Data,Terminée,2025-03-06,2025-03-16,70,65.43,124.15,1.897,8690.64,4580.31,4110.32
MISS-11568,AG-14,CLI-137,CAND-1357,Intérim IA/Data,Terminée,2026-05-16,2026-07-15,420,58.03,107.53,1.853,45161.43,24370.65,20790.78
MISS-11569,AG-12,CLI-137,CAND-1051,Intérim IA/Data,Terminée,2025-01-27,2025-03-28,420,71.56,145.19,2.029,60977.84,30054.37,30923.47
MISS-11570,AG-18,CLI-173,CAND-1220,Intérim IA/Data,En cours,2024-02-12,2024-02-17,35,57.45,106.92,1.861,3742.13,2010.84,1731.29
MISS-11571,AG-19,CLI-169,CAND-1001,Intérim IA/Data,Terminée,2024-12-12,2025-02-10,420,38.0,72.81,1.916,30579.46,15960.17,14619.29
MISS-11572,AG-20,CLI-145,CAND-1184,Intérim IA/Data,En cours,2024-11-02,2025-05-01,1260,33.28,59.51,1.788,74987.51,41939.06,33048.44
MISS-11573,AG-16,CLI-112,CAND-1327,Intérim IA/Data,Terminée,2024-03-25,2024-04-14,140,35.8,62.99,1.759,8818.19,5011.87,3806.32
MISS-11574,AG-21,CLI-159,CAND-1367,Intérim IA/Data,Terminée,2025-06-23,2025-07-13,140,55.9,112.08,2.005,15691.5,7825.93,7865.57
MISS-11575,AG-13,CLI-119,CAND-1372,Recrutement CDI,Terminée,2025-01-01,2025-03-02,420,70.43,124.44,1.767,52265.64,29579.2,22686.44
MISS-11576,AG-20,CLI-174,CAND-1059,Intérim IA/Data,Terminée,2024-04-01,2024-04-21,140,59.11,104.66,1.771,14652.64,8275.62,6377.02
MISS-11577,AG-01,CLI-122,CAND-1037,Recrutement CDI,Terminée,2024-03-28,2024-09-24,1260,49.09,90.67,1.847,114242.4,61851.48,52390.92
MISS-11578,AG-11,CLI-172,CAND-1475,Management Transition,En cours,2024-11-28,2025-01-27,420,51.9,106.26,2.048,44630.94,21796.56,22834.38
MISS-11579,AG-09,CLI-135,CAND-1470,Intérim IA/Data,Terminée,2024-03-30,2024-09-26,1260,65.7,128.5,1.956,161911.4,82783.4,79128.0
MISS-11580,AG-14,CLI-166,CAND-1008,Intérim IA/Data,Terminée,2025-01-20,2025-01-30,70,56.06,104.36,1.861,7305.47,3924.53,3380.94
MISS-11581,AG-22,CLI-119,CAND-1344,Intérim IA/Data,Terminée,2024-09-09,2024-12-08,630,68.91,140.08,2.033,88247.5,43415.62,44831.88
MISS-11582,AG-03,CLI-120,CAND-1266,Intérim IA/Data,Annulée,2024-01-06,2024-03-06,420,31.81,66.63,2.095,27986.01,13360.78,14625.23
MISS-11583,AG-10,CLI-106,CAND-1135,Recrutement CDI,Terminée,2026-05-12,2026-05-17,35,67.86,133.91,1.973,4687.01,2375.06,2311.94
MISS-11584,AG-08,CLI-140,CAND-1303,Intérim IA/Data,Terminée,2024-12-15,2025-01-04,140,34.42,65.24,1.895,9133.03,4819.34,4313.7
MISS-11585,AG-20,CLI-166,CAND-1035,Intérim IA/Data,Terminée,2024-12-28,2025-01-17,140,34.36,63.43,1.846,8879.74,4810.73,4069.01
MISS-11586,AG-06,CLI-107,CAND-1411,Intérim IA/Data,Terminée,2024-03-25,2024-04-04,70,55.97,98.37,1.757,6885.9,3918.1,2967.8
MISS-11587,AG-13,CLI-139,CAND-1035,Intérim IA/Data,Terminée,2025-09-29,2025-10-09,70,51.64,97.83,1.895,6848.08,3614.69,3233.39
MISS-11588,AG-13,CLI-108,CAND-1333,Recrutement CDI,Terminée,2024-08-06,2024-08-16,70,69.92,139.83,2.0,9788.1,4894.51,4893.59
MISS-11589,AG-04,CLI-109,CAND-1171,Intérim IA/Data,Terminée,2025-10-23,2025-12-22,420,66.65,134.85,2.023,56636.54,27994.84,28641.7
MISS-11590,AG-03,CLI-148,CAND-1055,Intérim IA/Data,Terminée,2024-10-09,2024-10-14,35,33.82,66.13,1.955,2314.69,1183.74,1130.95
MISS-11591,AG-02,CLI-108,CAND-1025,Intérim IA/Data,En cours,2026-04-23,2026-06-22,420,32.95,61.88,1.878,25989.01,13840.13,12148.88
MISS-11592,AG-05,CLI-100,CAND-1244,Intérim IA/Data,Terminée,2026-04-04,2026-04-24,140,54.71,102.48,1.873,14347.8,7659.49,6688.32
MISS-11593,AG-01,CLI-103,CAND-1137,Recrutement CDI,Terminée,2025-12-21,2025-12-26,35,35.86,68.25,1.903,2388.85,1255.14,1133.71
MISS-11594,AG-03,CLI-176,CAND-1087,Management Transition,Terminée,2024-12-04,2024-12-14,70,38.0,69.72,1.835,4880.42,2659.76,2220.66
MISS-11595,AG-12,CLI-138,CAND-1488,Management Transition,En cours,2024-06-30,2024-12-27,1260,34.83,61.38,1.762,77340.73,43888.83,33451.9
MISS-11596,AG-18,CLI-148,CAND-1281,Intérim IA/Data,Terminée,2025-05-20,2025-06-09,140,68.58,133.78,1.951,18729.09,9601.12,9127.97
MISS-11597,AG-14,CLI-120,CAND-1017,Intérim IA/Data,Terminée,2025-03-21,2025-05-20,420,31.11,60.81,1.955,25540.99,13066.94,12474.05
MISS-11598,AG-09,CLI-107,CAND-1069,Intérim IA/Data,Terminée,2025-08-08,2026-02-04,1260,67.57,124.99,1.85,157486.65,85143.04,72343.61
MISS-11599,AG-12,CLI-105,CAND-1184,Recrutement CDI,Terminée,2026-03-25,2026-09-21,1260,30.97,57.11,1.844,71954.99,39027.44,32927.55
MISS-11600,AG-09,CLI-143,CAND-1044,Management Transition,Terminée,2024-06-30,2024-12-27,1260,38.57,74.68,1.936,94097.97,48594.46,45503.52
MISS-11601,AG-01,CLI-178,CAND-1442,Intérim IA/Data,Terminée,2025-12-23,2026-01-12,140,58.72,110.72,1.886,15501.47,8220.58,7280.89
MISS-11602,AG-04,CLI-105,CAND-1200,Intérim IA/Data,Terminée,2025-02-27,2025-03-09,70,35.62,65.18,1.83,4562.33,2493.26,2069.08
MISS-11603,AG-14,CLI-166,CAND-1348,Intérim IA/Data,Terminée,2025-06-20,2025-07-10,140,65.05,125.88,1.935,17622.88,9106.85,8516.03
MISS-11604,AG-04,CLI-143,CAND-1378,Intérim IA/Data,Terminée,2026-03-11,2026-09-07,1260,43.25,76.14,1.76,95934.57,54497.1,41437.47
MISS-11605,AG-12,CLI-115,CAND-1134,Recrutement CDI,Terminée,2026-06-08,2026-08-07,420,50.49,104.58,2.071,43924.22,21206.34,22717.88
MISS-11606,AG-07,CLI-174,CAND-1334,Recrutement CDI,Terminée,2024-12-13,2024-12-23,70,45.98,89.49,1.946,6264.64,3218.53,3046.1
MISS-11607,AG-02,CLI-149,CAND-1384,Intérim IA/Data,Terminée,2026-04-07,2026-04-12,35,41.39,73.79,1.783,2582.78,1448.76,1134.02
MISS-11608,AG-12,CLI-168,CAND-1124,Intérim IA/Data,Annulée,2025-03-20,2025-09-16,1260,59.69,112.33,1.882,141533.06,75207.36,66325.7
MISS-11609,AG-19,CLI-179,CAND-1284,Intérim IA/Data,En cours,2024-09-03,2025-03-02,1260,46.29,89.28,1.929,112487.15,58327.81,54159.34
MISS-11610,AG-10,CLI-164,CAND-1305,Intérim IA/Data,Terminée,2024-04-11,2024-04-21,70,72.55,138.28,1.906,9679.87,5078.59,4601.28
MISS-11611,AG-07,CLI-108,CAND-1233,Intérim IA/Data,Terminée,2026-07-13,2026-09-11,420,71.5,149.66,2.093,62858.02,30031.96,32826.06
MISS-11612,AG-10,CLI-126,CAND-1457,Intérim IA/Data,Terminée,2025-01-09,2025-01-29,140,41.58,86.09,2.071,12053.11,5821.23,6231.88
MISS-11613,AG-18,CLI-168,CAND-1368,Recrutement CDI,Terminée,2026-01-09,2026-03-10,420,58.76,105.86,1.801,44459.16,24680.69,19778.47
MISS-11614,AG-02,CLI-146,CAND-1178,Intérim IA/Data,Terminée,2024-02-08,2024-04-08,420,33.66,65.63,1.95,27566.08,14137.54,13428.54
MISS-11615,AG-11,CLI-174,CAND-1236,Intérim IA/Data,En cours,2026-03-08,2026-03-13,35,61.42,121.21,1.973,4242.46,2149.78,2092.68
MISS-11616,AG-13,CLI-120,CAND-1270,Recrutement CDI,Terminée,2025-09-04,2025-12-03,630,63.14,115.09,1.823,72504.64,39779.68,32724.96
MISS-11617,AG-22,CLI-179,CAND-1165,Intérim IA/Data,Terminée,2025-01-01,2025-01-21,140,37.66,77.5,2.058,10849.94,5273.06,5576.88
MISS-11618,AG-02,CLI-130,CAND-1234,Intérim IA/Data,Terminée,2025-11-02,2026-01-01,420,32.66,57.21,1.752,24026.79,13716.96,10309.83
MISS-11619,AG-17,CLI-177,CAND-1006,Intérim IA/Data,Terminée,2024-02-14,2024-04-14,420,71.24,144.18,2.024,60557.65,29920.31,30637.34
MISS-11620,AG-02,CLI-143,CAND-1400,Recrutement CDI,En cours,2025-05-27,2025-06-16,140,64.55,125.06,1.937,17508.64,9037.04,8471.6
MISS-11621,AG-03,CLI-107,CAND-1460,Intérim IA/Data,Terminée,2024-07-18,2024-10-16,630,63.2,124.9,1.976,78688.66,39813.96,38874.69
MISS-11622,AG-10,CLI-159,CAND-1305,Intérim IA/Data,Terminée,2024-04-03,2024-04-13,70,51.78,104.32,2.015,7302.23,3624.62,3677.61
MISS-11623,AG-12,CLI-158,CAND-1022,Intérim IA/Data,Annulée,2024-01-05,2024-01-10,35,54.93,98.68,1.796,3453.81,1922.72,1531.09
MISS-11624,AG-21,CLI-143,CAND-1001,Recrutement CDI,Terminée,2024-12-16,2025-02-14,420,35.26,69.0,1.957,28978.35,14810.38,14167.97
MISS-11625,AG-03,CLI-118,CAND-1462,Intérim IA/Data,Terminée,2024-04-05,2024-04-10,35,33.65,64.38,1.913,2253.2,1177.74,1075.46
MISS-11626,AG-07,CLI-102,CAND-1054,Intérim IA/Data,Terminée,2026-01-25,2026-02-14,140,49.62,99.07,1.997,13869.78,6946.16,6923.62
MISS-11627,AG-03,CLI-121,CAND-1182,Recrutement CDI,En cours,2025-01-26,2025-01-31,35,46.58,83.85,1.8,2934.82,1630.34,1304.48
MISS-11628,AG-10,CLI-162,CAND-1025,Intérim IA/Data,Terminée,2025-11-15,2025-11-25,70,49.91,95.47,1.913,6682.99,3493.71,3189.28
MISS-11629,AG-07,CLI-159,CAND-1025,Recrutement CDI,Terminée,2024-03-20,2024-04-09,140,73.09,149.13,2.04,20878.12,10232.22,10645.9
MISS-11630,AG-02,CLI-122,CAND-1165,Recrutement CDI,Terminée,2026-06-27,2026-07-17,140,48.71,89.56,1.838,12538.07,6819.87,5718.2
MISS-11631,AG-12,CLI-134,CAND-1375,Intérim IA/Data,En cours,2024-03-28,2024-04-02,35,61.89,126.85,2.05,4439.84,2166.1,2273.74
MISS-11632,AG-03,CLI-133,CAND-1151,Intérim IA/Data,Terminée,2024-04-11,2024-10-08,1260,70.1,135.58,1.934,170836.39,88321.11,82515.28
MISS-11633,AG-17,CLI-175,CAND-1453,Recrutement CDI,Terminée,2025-08-14,2025-10-13,420,58.77,112.81,1.92,47382.28,24683.18,22699.1
MISS-11634,AG-19,CLI-142,CAND-1169,Intérim IA/Data,Terminée,2025-03-31,2025-06-29,630,37.95,70.25,1.851,44259.01,23910.84,20348.17
MISS-11635,AG-04,CLI-102,CAND-1274,Intérim IA/Data,Terminée,2025-12-09,2025-12-29,140,74.91,133.16,1.778,18642.6,10486.87,8155.74
MISS-11636,AG-16,CLI-168,CAND-1212,Intérim IA/Data,Terminée,2025-07-03,2025-07-13,70,50.5,91.39,1.81,6397.04,3534.96,2862.07
MISS-11637,AG-13,CLI-169,CAND-1260,Intérim IA/Data,Terminée,2025-09-17,2026-03-16,1260,36.67,73.07,1.993,92072.8,46204.89,45867.91
MISS-11638,AG-11,CLI-105,CAND-1234,Recrutement CDI,Terminée,2024-09-24,2024-10-14,140,63.6,115.11,1.81,16115.94,8903.99,7211.96
MISS-11639,AG-10,CLI-155,CAND-1099,Intérim IA/Data,Terminée,2025-10-19,2026-04-17,1260,71.52,143.03,2.0,180216.04,90115.11,90100.92
MISS-11640,AG-17,CLI-122,CAND-1114,Intérim IA/Data,Terminée,2024-05-02,2024-07-01,420,44.51,80.28,1.804,33716.43,18692.67,15023.76
MISS-11641,AG-06,CLI-127,CAND-1144,Intérim IA/Data,En cours,2025-07-13,2025-07-23,70,40.51,79.05,1.951,5533.38,2835.74,2697.64
MISS-11642,AG-04,CLI-115,CAND-1007,Intérim IA/Data,Terminée,2024-03-11,2024-03-21,70,31.95,58.44,1.829,4090.98,2236.27,1854.71
MISS-11643,AG-12,CLI-123,CAND-1174,Intérim IA/Data,En cours,2024-08-26,2025-02-22,1260,42.23,81.56,1.931,102768.68,53215.77,49552.91
MISS-11644,AG-14,CLI-126,CAND-1066,Recrutement CDI,Terminée,2025-01-01,2025-01-11,70,57.0,100.31,1.76,7021.88,3989.92,3031.96
MISS-11645,AG-06,CLI-151,CAND-1169,Intérim IA/Data,Terminée,2024-04-04,2024-04-24,140,72.36,127.42,1.761,17838.66,10130.25,7708.4
MISS-11646,AG-10,CLI-112,CAND-1462,Recrutement CDI,Terminée,2026-05-13,2026-06-02,140,59.63,111.9,1.877,15666.59,8348.14,7318.45
MISS-11647,AG-13,CLI-133,CAND-1413,Intérim IA/Data,Terminée,2026-05-24,2026-06-03,70,57.71,104.43,1.81,7309.93,4039.45,3270.47
MISS-11648,AG-17,CLI-153,CAND-1384,Intérim IA/Data,Terminée,2025-04-10,2025-06-09,420,62.88,116.54,1.853,48945.35,26407.79,22537.56
MISS-11649,AG-09,CLI-174,CAND-1038,Recrutement CDI,En cours,2025-03-06,2025-06-04,630,68.8,143.99,2.093,90710.58,43342.66,47367.91
MISS-11650,AG-06,CLI-151,CAND-1327,Intérim IA/Data,Terminée,2024-06-03,2024-08-02,420,67.75,129.12,1.906,54230.36,28455.0,25775.36
MISS-11651,AG-20,CLI-113,CAND-1393,Intérim IA/Data,Terminée,2024-10-21,2024-11-10,140,56.88,113.96,2.004,15954.32,7963.09,7991.23
MISS-11652,AG-06,CLI-159,CAND-1146,Management Transition,Terminée,2024-10-21,2025-04-19,1260,31.32,59.68,1.906,75197.7,39458.04,35739.66
MISS-11653,AG-01,CLI-123,CAND-1039,Intérim IA/Data,Terminée,2024-07-19,2024-09-17,420,37.35,73.85,1.977,31017.98,15687.6,15330.39
MISS-11654,AG-07,CLI-170,CAND-1190,Intérim IA/Data,Terminée,2026-02-14,2026-02-24,70,41.31,76.49,1.852,5354.25,2891.64,2462.61
MISS-11655,AG-17,CLI-136,CAND-1208,Management Transition,Terminée,2024-07-14,2024-07-24,70,65.59,131.47,2.004,9202.95,4591.29,4611.66
MISS-11656,AG-03,CLI-109,CAND-1265,Intérim IA/Data,Terminée,2024-10-19,2024-12-18,420,33.91,70.94,2.092,29796.53,14241.52,15555.01
MISS-11657,AG-12,CLI-165,CAND-1053,Recrutement CDI,Terminée,2025-06-06,2025-06-26,140,30.91,55.28,1.789,7739.78,4326.86,3412.92
MISS-11658,AG-20,CLI-124,CAND-1434,Intérim IA/Data,En cours,2025-06-17,2025-07-07,140,63.75,126.26,1.981,17676.63,8924.49,8752.13
MISS-11659,AG-17,CLI-170,CAND-1379,Intérim IA/Data,Terminée,2024-06-20,2024-07-10,140,54.49,98.03,1.799,13723.9,7628.82,6095.08
MISS-11660,AG-12,CLI-106,CAND-1119,Intérim IA/Data,Annulée,2026-03-27,2026-05-26,420,33.38,59.66,1.787,25055.5,14020.85,11034.66
MISS-11661,AG-15,CLI-137,CAND-1291,Intérim IA/Data,Annulée,2024-05-03,2024-05-13,70,35.03,68.23,1.948,4776.43,2451.99,2324.44
MISS-11662,AG-05,CLI-135,CAND-1440,Intérim IA/Data,En cours,2025-11-22,2026-05-21,1260,69.61,142.85,2.052,179986.69,87704.35,92282.35
MISS-11663,AG-07,CLI-171,CAND-1155,Intérim IA/Data,Terminée,2026-03-25,2026-04-04,70,36.7,76.96,2.097,5387.31,2568.98,2818.33
MISS-11664,AG-10,CLI-115,CAND-1152,Recrutement CDI,Terminée,2026-06-17,2026-08-16,420,43.34,84.72,1.955,35582.36,18201.47,17380.89
MISS-11665,AG-11,CLI-156,CAND-1424,Intérim IA/Data,Terminée,2024-10-17,2024-11-06,140,71.9,140.55,1.955,19676.3,10065.96,9610.34
MISS-11666,AG-01,CLI-151,CAND-1381,Recrutement CDI,Terminée,2025-10-27,2025-11-16,140,73.0,132.51,1.815,18551.44,10219.52,8331.92
MISS-11667,AG-01,CLI-126,CAND-1211,Intérim IA/Data,Terminée,2024-10-30,2024-11-19,140,36.35,65.13,1.792,9118.25,5088.47,4029.78
MISS-11668,AG-19,CLI-162,CAND-1005,Intérim IA/Data,Terminée,2026-03-08,2026-03-28,140,61.41,111.52,1.816,15612.31,8597.56,7014.75
MISS-11669,AG-11,CLI-122,CAND-1364,Intérim IA/Data,Terminée,2024-11-09,2024-11-29,140,63.27,116.92,1.848,16369.01,8858.18,7510.83
MISS-11670,AG-02,CLI-159,CAND-1495,Intérim IA/Data,En cours,2025-11-09,2025-11-29,140,65.91,128.64,1.952,18009.52,9226.97,8782.55
MISS-11671,AG-05,CLI-168,CAND-1374,Intérim IA/Data,Terminée,2026-05-25,2026-06-14,140,47.61,91.7,1.926,12837.6,6666.03,6171.57
MISS-11672,AG-09,CLI-104,CAND-1286,Intérim IA/Data,Terminée,2024-09-07,2024-11-06,420,51.72,90.91,1.758,38183.91,21722.17,16461.73
MISS-11673,AG-01,CLI-143,CAND-1327,Recrutement CDI,Terminée,2026-08-02,2026-08-22,140,67.23,122.84,1.827,17197.73,9412.59,7785.14
MISS-11674,AG-06,CLI-106,CAND-1005,Intérim IA/Data,Terminée,2025-12-06,2026-06-04,1260,37.19,73.45,1.975,92545.61,46857.92,45687.69
MISS-11675,AG-20,CLI-101,CAND-1246,Intérim IA/Data,Terminée,2025-02-20,2025-02-25,35,32.29,62.4,1.933,2184.02,1130.03,1053.99
MISS-11676,AG-13,CLI-145,CAND-1146,Intérim IA/Data,Annulée,2025-04-09,2025-06-08,420,74.17,145.71,1.964,61199.84,31153.26,30046.58
MISS-11677,AG-05,CLI-146,CAND-1429,Intérim IA/Data,Terminée,2025-09-16,2025-09-21,35,51.44,98.55,1.916,3449.25,1800.44,1648.81
MISS-11678,AG-14,CLI-140,CAND-1035,Intérim IA/Data,En cours,2025-04-15,2025-04-20,35,32.4,63.0,1.944,2204.91,1134.12,1070.79
MISS-11679,AG-03,CLI-169,CAND-1498,Intérim IA/Data,Terminée,2026-04-24,2026-05-14,140,72.65,142.19,1.957,19905.98,10171.43,9734.56
MISS-11680,AG-17,CLI-179,CAND-1311,Management Transition,Terminée,2025-11-01,2025-11-21,140,46.22,85.21,1.843,11928.86,6471.27,5457.59
MISS-11681,AG-21,CLI-107,CAND-1360,Intérim IA/Data,Terminée,2024-01-28,2024-07-26,1260,67.08,139.08,2.073,175246.78,84521.49,90725.3
MISS-11682,AG-12,CLI-114,CAND-1163,Intérim IA/Data,En cours,2026-07-19,2026-09-17,420,37.5,70.82,1.889,29744.63,15747.92,13996.71
MISS-11683,AG-16,CLI-135,CAND-1445,Intérim IA/Data,En cours,2024-05-07,2024-05-17,70,48.37,94.4,1.952,6608.26,3386.17,3222.09
MISS-11684,AG-20,CLI-115,CAND-1035,Recrutement CDI,Terminée,2024-03-26,2024-04-15,140,36.59,69.1,1.888,9674.06,5122.96,4551.1
MISS-11685,AG-14,CLI-145,CAND-1338,Recrutement CDI,Terminée,2024-07-21,2024-07-31,70,49.95,93.87,1.879,6570.88,3496.38,3074.5
MISS-11686,AG-12,CLI-167,CAND-1475,Intérim IA/Data,Terminée,2026-02-13,2026-05-14,630,57.3,116.36,2.031,73304.0,36098.32,37205.68
MISS-11687,AG-11,CLI-117,CAND-1058,Intérim IA/Data,Terminée,2024-09-22,2024-11-21,420,32.12,62.93,1.959,26430.29,13490.61,12939.68
MISS-11688,AG-15,CLI-115,CAND-1139,Intérim IA/Data,Terminée,2026-05-31,2026-06-20,140,72.24,151.21,2.093,21168.97,10114.11,11054.85
MISS-11689,AG-15,CLI-101,CAND-1340,Recrutement CDI,En cours,2024-09-26,2024-11-25,420,71.04,148.57,2.092,62400.45,29835.21,32565.23
MISS-11690,AG-11,CLI-164,CAND-1041,Intérim IA/Data,Terminée,2025-12-10,2025-12-30,140,40.73,84.54,2.076,11835.65,5701.66,6133.99
MISS-11691,AG-02,CLI-116,CAND-1256,Intérim IA/Data,Terminée,2026-07-28,2027-01-24,1260,34.69,72.3,2.084,91091.98,43705.32,47386.66
MISS-11692,AG-13,CLI-115,CAND-1233,Management Transition,En cours,2026-03-04,2026-03-14,70,43.71,87.37,1.999,6116.25,3059.92,3056.32
MISS-11693,AG-04,CLI-165,CAND-1497,Intérim IA/Data,Terminée,2025-12-25,2025-12-30,35,67.57,139.4,2.063,4878.96,2365.01,2513.95
MISS-11694,AG-05,CLI-100,CAND-1124,Intérim IA/Data,Terminée,2026-01-12,2026-01-22,70,55.78,100.22,1.797,7015.47,3904.69,3110.78
MISS-11695,AG-03,CLI-124,CAND-1212,Recrutement CDI,Terminée,2024-12-27,2025-06-25,1260,56.85,109.53,1.927,138003.82,71630.88,66372.95
MISS-11696,AG-17,CLI-160,CAND-1398,Intérim IA/Data,Terminée,2025-07-13,2025-07-23,70,56.44,106.71,1.891,7469.95,3950.64,3519.31
MISS-11697,AG-01,CLI-101,CAND-1144,Recrutement CDI,Terminée,2024-02-25,2024-03-06,70,34.19,64.42,1.884,4509.44,2393.42,2116.02
MISS-11698,AG-17,CLI-150,CAND-1019,Intérim IA/Data,Terminée,2026-07-09,2026-07-29,140,42.07,76.64,1.822,10730.16,5889.28,4840.88
MISS-11699,AG-19,CLI-145,CAND-1191,Intérim IA/Data,Terminée,2025-10-12,2025-11-01,140,64.77,124.87,1.928,17481.56,9068.42,8413.14
MISS-11700,AG-12,CLI-175,CAND-1496,Intérim IA/Data,Terminée,2024-03-03,2024-06-01,630,52.89,98.38,1.86,61979.71,33321.12,28658.59
MISS-11701,AG-04,CLI-120,CAND-1247,Intérim IA/Data,En cours,2026-02-21,2026-08-20,1260,59.38,104.04,1.752,131090.88,74823.52,56267.36
MISS-11702,AG-16,CLI-106,CAND-1097,Intérim IA/Data,Terminée,2024-08-20,2024-09-09,140,40.67,79.12,1.945,11077.29,5694.05,5383.24
MISS-11703,AG-02,CLI-140,CAND-1031,Intérim IA/Data,Annulée,2024-06-07,2024-08-06,420,58.12,107.82,1.855,45282.43,24409.48,20872.94
MISS-11704,AG-11,CLI-112,CAND-1355,Intérim IA/Data,Terminée,2025-12-04,2025-12-14,70,45.67,94.4,2.067,6608.19,3197.08,3411.11
MISS-11705,AG-21,CLI-110,CAND-1351,Management Transition,Terminée,2024-08-02,2024-08-22,140,60.87,120.18,1.974,16825.17,8522.44,8302.73
MISS-11706,AG-14,CLI-116,CAND-1192,Recrutement CDI,Terminée,2026-03-14,2026-05-13,420,38.89,80.47,2.069,33795.61,16333.93,17461.68
MISS-11707,AG-16,CLI-126,CAND-1355,Intérim IA/Data,En cours,2025-07-29,2025-08-18,140,35.04,65.99,1.883,9238.87,4905.81,4333.06
MISS-11708,AG-18,CLI-113,CAND-1127,Recrutement CDI,Annulée,2025-05-20,2025-06-09,140,34.42,69.97,2.033,9796.15,4819.17,4976.98
MISS-11709,AG-14,CLI-113,CAND-1035,Intérim IA/Data,Annulée,2026-05-09,2026-05-14,35,66.73,135.39,2.029,4738.69,2335.38,2403.31
MISS-11710,AG-17,CLI-106,CAND-1290,Intérim IA/Data,Terminée,2025-07-10,2025-07-15,35,69.1,144.53,2.092,5058.52,2418.33,2640.19
MISS-11711,AG-12,CLI-114,CAND-1225,Intérim IA/Data,Terminée,2026-06-28,2026-09-26,630,56.66,117.68,2.077,74135.62,35693.61,38442.01
MISS-11712,AG-06,CLI-165,CAND-1452,Management Transition,En cours,2025-09-28,2025-12-27,630,73.09,139.93,1.915,88155.81,46043.96,42111.84
MISS-11713,AG-07,CLI-156,CAND-1392,Intérim IA/Data,Terminée,2024-07-23,2025-01-19,1260,50.26,89.9,1.789,113279.89,63322.75,49957.15
MISS-11714,AG-06,CLI-127,CAND-1387,Intérim IA/Data,Terminée,2026-07-26,2026-07-31,35,48.76,94.46,1.937,3306.03,1706.47,1599.56
MISS-11715,AG-20,CLI-121,CAND-1136,Intérim IA/Data,Terminée,2025-02-04,2025-02-24,140,52.37,95.65,1.826,13390.68,7331.91,6058.77
MISS-11716,AG-02,CLI-106,CAND-1378,Management Transition,Terminée,2024-02-10,2024-03-01,140,63.24,123.26,1.949,17256.46,8853.75,8402.71
MISS-11717,AG-17,CLI-145,CAND-1208,Intérim IA/Data,Terminée,2026-07-22,2026-09-20,420,41.74,77.1,1.847,32381.8,17528.71,14853.09
MISS-11718,AG-14,CLI-171,CAND-1021,Intérim IA/Data,Terminée,2025-11-27,2026-02-25,630,67.65,138.46,2.047,87226.88,42616.56,44610.32
MISS-11719,AG-12,CLI-116,CAND-1124,Intérim IA/Data,Terminée,2026-03-19,2026-04-08,140,34.0,68.75,2.022,9624.59,4760.13,4864.46
MISS-11720,AG-03,CLI-137,CAND-1405,Recrutement CDI,Terminée,2024-01-19,2024-01-24,35,62.83,110.81,1.764,3878.33,2199.04,1679.3
MISS-11721,AG-06,CLI-142,CAND-1093,Management Transition,Terminée,2024-06-08,2024-06-28,140,71.17,148.39,2.085,20774.61,9964.38,10810.23
MISS-11722,AG-14,CLI-141,CAND-1387,Intérim IA/Data,Terminée,2024-08-19,2024-08-29,70,64.68,115.26,1.782,8068.19,4527.5,3540.68
MISS-11723,AG-12,CLI-123,CAND-1343,Intérim IA/Data,Terminée,2025-06-12,2025-07-02,140,56.81,107.56,1.893,15058.54,7953.36,7105.18
MISS-11724,AG-21,CLI-118,CAND-1363,Intérim IA/Data,Annulée,2025-04-23,2025-05-03,70,54.95,98.7,1.796,6908.75,3846.4,3062.35
MISS-11725,AG-12,CLI-117,CAND-1180,Recrutement CDI,Terminée,2024-04-01,2024-04-06,35,72.54,132.29,1.824,4630.01,2538.85,2091.16
MISS-11726,AG-01,CLI-173,CAND-1471,Intérim IA/Data,Terminée,2024-11-26,2024-12-16,140,31.41,65.11,2.073,9115.81,4397.26,4718.55
MISS-11727,AG-19,CLI-110,CAND-1173,Recrutement CDI,En cours,2024-10-11,2024-10-31,140,48.25,87.65,1.817,12271.4,6754.75,5516.65
MISS-11728,AG-07,CLI-172,CAND-1373,Intérim IA/Data,Terminée,2025-11-12,2025-12-02,140,74.12,136.24,1.838,19073.14,10376.75,8696.39
MISS-11729,AG-17,CLI-159,CAND-1165,Intérim IA/Data,Terminée,2024-03-11,2024-03-31,140,67.17,119.13,1.774,16678.51,9403.31,7275.19
MISS-11730,AG-09,CLI-110,CAND-1232,Intérim IA/Data,Terminée,2026-07-13,2026-08-02,140,60.49,110.99,1.835,15538.87,8468.14,7070.74
MISS-11731,AG-08,CLI-167,CAND-1187,Intérim IA/Data,En cours,2026-07-03,2026-09-01,420,48.14,98.72,2.051,41463.07,20217.92,21245.15
MISS-11732,AG-09,CLI-129,CAND-1037,Intérim IA/Data,Terminée,2025-02-06,2025-04-07,420,73.09,130.66,1.788,54877.52,30697.31,24180.21
MISS-11733,AG-02,CLI-139,CAND-1403,Recrutement CDI,Terminée,2026-01-09,2026-03-10,420,31.2,56.07,1.797,23550.48,13105.2,10445.28
MISS-11734,AG-21,CLI-125,CAND-1338,Intérim IA/Data,Terminée,2026-07-05,2026-07-15,70,59.55,116.18,1.951,8132.31,4168.84,3963.47
MISS-11735,AG-21,CLI-146,CAND-1386,Intérim IA/Data,Terminée,2026-06-29,2026-07-19,140,53.26,102.18,1.918,14304.81,7456.68,6848.13
MISS-11736,AG-01,CLI-117,CAND-1155,Recrutement CDI,Terminée,2026-01-09,2026-01-14,35,72.13,138.18,1.916,4836.17,2524.39,2311.78
MISS-11737,AG-15,CLI-174,CAND-1361,Intérim IA/Data,Terminée,2025-03-16,2025-04-05,140,55.37,101.48,1.833,14206.99,7752.33,6454.66
MISS-11738,AG-17,CLI-115,CAND-1217,Intérim IA/Data,Annulée,2026-04-18,2026-05-08,140,31.79,56.95,1.792,7973.19,4450.13,3523.06
MISS-11739,AG-01,CLI-151,CAND-1461,Intérim IA/Data,En cours,2025-03-10,2025-05-09,420,36.88,75.83,2.056,31849.17,15488.32,16360.84
MISS-11740,AG-03,CLI-105,CAND-1424,Recrutement CDI,Terminée,2026-07-29,2026-10-27,630,58.11,116.63,2.007,73474.19,36608.08,36866.11
MISS-11741,AG-03,CLI-174,CAND-1454,Intérim IA/Data,Terminée,2025-08-23,2025-09-12,140,65.6,127.98,1.951,17916.6,9184.16,8732.44
MISS-11742,AG-22,CLI-147,CAND-1051,Recrutement CDI,Terminée,2026-04-26,2026-06-25,420,40.01,82.3,2.057,34566.2,16803.42,17762.77
MISS-11743,AG-22,CLI-111,CAND-1281,Intérim IA/Data,Terminée,2024-11-29,2024-12-19,140,34.93,62.72,1.796,8780.81,4890.43,3890.38
MISS-11744,AG-12,CLI-126,CAND-1131,Intérim IA/Data,Terminée,2025-12-24,2026-01-03,70,61.04,116.48,1.908,8153.84,4272.55,3881.29
MISS-11745,AG-18,CLI-140,CAND-1453,Intérim IA/Data,Terminée,2025-12-15,2026-02-13,420,73.98,138.65,1.874,58231.81,31073.08,27158.73
MISS-11746,AG-18,CLI-164,CAND-1162,Intérim IA/Data,Terminée,2024-04-24,2024-10-21,1260,66.44,128.26,1.93,161602.51,83712.25,77890.26
MISS-11747,AG-11,CLI-126,CAND-1141,Intérim IA/Data,Terminée,2024-10-22,2024-10-27,35,33.21,58.23,1.753,2037.98,1162.38,875.6
MISS-11748,AG-18,CLI-129,CAND-1321,Intérim IA/Data,Terminée,2025-08-13,2025-10-12,420,45.47,93.6,2.058,39310.95,19097.14,20213.81
MISS-11749,AG-12,CLI-130,CAND-1384,Intérim IA/Data,Terminée,2024-09-11,2024-11-10,420,52.42,96.84,1.847,40670.77,22016.1,18654.67
MISS-11750,AG-01,CLI-143,CAND-1194,Intérim IA/Data,Terminée,2024-07-23,2024-09-21,420,58.71,115.5,1.967,48508.24,24660.0,23848.23
MISS-11751,AG-11,CLI-136,CAND-1381,Recrutement CDI,Terminée,2024-05-09,2024-05-19,70,72.1,148.99,2.066,10429.47,5047.07,5382.4
MISS-11752,AG-08,CLI-146,CAND-1266,Intérim IA/Data,Terminée,2026-04-27,2026-05-17,140,36.36,72.84,2.003,10197.54,5090.22,5107.32
MISS-11753,AG-19,CLI-162,CAND-1211,Intérim IA/Data,En cours,2026-07-02,2026-07-12,70,34.42,65.06,1.89,4554.46,2409.37,2145.09
MISS-11754,AG-07,CLI-145,CAND-1314,Intérim IA/Data,Terminée,2024-10-09,2024-12-08,420,64.59,134.58,2.084,56523.76,27128.04,29395.72
MISS-11755,AG-14,CLI-143,CAND-1272,Intérim IA/Data,Terminée,2026-02-19,2026-04-20,420,37.58,68.4,1.82,28728.62,15782.55,12946.06
MISS-11756,AG-16,CLI-142,CAND-1383,Intérim IA/Data,Terminée,2024-10-02,2024-10-22,140,63.27,123.76,1.956,17326.43,8857.43,8469.0
MISS-11757,AG-04,CLI-154,CAND-1380,Intérim IA/Data,Terminée,2026-06-30,2026-12-27,1260,41.48,79.3,1.912,99913.65,52262.15,47651.5
MISS-11758,AG-21,CLI-113,CAND-1451,Recrutement CDI,Terminée,2024-04-30,2024-07-29,630,47.64,90.79,1.906,57198.12,30014.43,27183.69
MISS-11759,AG-13,CLI-159,CAND-1236,Recrutement CDI,En cours,2025-10-19,2025-10-24,35,40.71,81.96,2.014,2868.72,1424.71,1444.01
MISS-11760,AG-10,CLI-118,CAND-1156,Intérim IA/Data,Terminée,2026-07-11,2026-10-09,630,35.82,70.06,1.956,44138.64,22568.56,21570.08
MISS-11761,AG-16,CLI-122,CAND-1102,Intérim IA/Data,En cours,2024-11-04,2025-01-03,420,40.12,77.98,1.944,32751.06,16850.93,15900.13
MISS-11762,AG-07,CLI-107,CAND-1319,Intérim IA/Data,En cours,2025-02-15,2025-04-16,420,36.64,74.84,2.042,31430.84,15389.7,16041.14
MISS-11763,AG-11,CLI-123,CAND-1044,Intérim IA/Data,Terminée,2024-12-08,2024-12-28,140,47.86,91.24,1.906,12773.12,6700.55,6072.57
MISS-11764,AG-16,CLI-145,CAND-1188,Intérim IA/Data,En cours,2024-03-14,2024-03-19,35,30.67,62.33,2.032,2181.63,1073.43,1108.2
MISS-11765,AG-18,CLI-128,CAND-1189,Management Transition,Terminée,2026-04-14,2026-05-04,140,61.97,121.57,1.962,17019.44,8675.19,8344.25
MISS-11766,AG-19,CLI-156,CAND-1402,Intérim IA/Data,Terminée,2024-05-07,2024-05-27,140,71.02,127.34,1.793,17827.95,9943.19,7884.76
MISS-11767,AG-18,CLI-112,CAND-1141,Intérim IA/Data,Terminée,2024-07-15,2024-07-20,35,68.47,122.77,1.793,4296.93,2396.6,1900.33
MISS-11768,AG-12,CLI-144,CAND-1256,Recrutement CDI,Terminée,2025-08-21,2025-09-10,140,30.19,55.94,1.853,7831.02,4226.22,3604.8
MISS-11769,AG-20,CLI-166,CAND-1318,Intérim IA/Data,Annulée,2025-06-15,2025-07-05,140,55.49,97.53,1.758,13653.86,7768.85,5885.01
MISS-11770,AG-12,CLI-108,CAND-1121,Recrutement CDI,Terminée,2026-06-01,2026-11-28,1260,46.8,86.73,1.853,109281.96,58968.82,50313.14
MISS-11771,AG-21,CLI-130,CAND-1014,Intérim IA/Data,Terminée,2025-11-08,2025-11-28,140,73.57,147.05,1.999,20587.47,10300.16,10287.31
MISS-11772,AG-21,CLI-133,CAND-1470,Intérim IA/Data,Terminée,2025-01-17,2025-01-22,35,70.39,146.21,2.077,5117.39,2463.48,2653.9
MISS-11773,AG-19,CLI-146,CAND-1104,Intérim IA/Data,Terminée,2024-08-23,2024-09-12,140,52.8,108.48,2.055,15186.76,7391.36,7795.4
MISS-11774,AG-22,CLI-156,CAND-1223,Intérim IA/Data,En cours,2025-01-15,2025-02-04,140,59.76,125.12,2.094,17516.45,8366.54,9149.91
MISS-11775,AG-12,CLI-125,CAND-1222,Recrutement CDI,Terminée,2025-11-25,2025-12-15,140,57.5,116.44,2.025,16301.92,8049.57,8252.34
MISS-11776,AG-20,CLI-126,CAND-1196,Intérim IA/Data,Terminée,2025-03-22,2025-06-20,630,46.57,86.37,1.855,54412.82,29336.17,25076.65
MISS-11777,AG-11,CLI-114,CAND-1174,Management Transition,Annulée,2025-12-13,2025-12-23,70,46.21,96.98,2.099,6788.26,3234.37,3553.9
MISS-11778,AG-12,CLI-167,CAND-1198,Recrutement CDI,Terminée,2024-06-12,2024-12-09,1260,63.12,130.39,2.066,164291.41,79532.56,84758.84
MISS-11779,AG-10,CLI-171,CAND-1184,Intérim IA/Data,Terminée,2025-11-17,2025-12-07,140,48.85,93.45,1.913,13083.21,6839.28,6243.93
MISS-11780,AG-18,CLI-168,CAND-1144,Intérim IA/Data,En cours,2026-05-05,2026-07-04,420,40.21,74.75,1.859,31392.94,16887.1,14505.85
MISS-11781,AG-05,CLI-155,CAND-1185,Intérim IA/Data,En cours,2025-07-13,2026-01-09,1260,37.04,71.41,1.928,89981.05,46672.21,43308.85
MISS-11782,AG-19,CLI-176,CAND-1050,Intérim IA/Data,Terminée,2025-08-12,2025-09-01,140,54.85,98.7,1.799,13817.74,7679.31,6138.43
MISS-11783,AG-17,CLI-153,CAND-1251,Intérim IA/Data,Terminée,2026-05-31,2026-11-27,1260,54.49,103.13,1.892,129939.01,68660.58,61278.43
MISS-11784,AG-14,CLI-144,CAND-1035,Management Transition,Terminée,2026-05-15,2026-07-14,420,46.77,94.97,2.03,39887.46,19644.94,20242.52
MISS-11785,AG-09,CLI-136,CAND-1173,Intérim IA/Data,Terminée,2025-06-04,2025-06-24,140,74.92,135.41,1.807,18956.76,10489.16,8467.6
MISS-11786,AG-08,CLI-141,CAND-1340,Intérim IA/Data,Terminée,2024-08-11,2024-08-21,70,60.01,106.72,1.778,7470.24,4200.78,3269.46
MISS-11787,AG-09,CLI-116,CAND-1400,Recrutement CDI,Terminée,2025-03-22,2025-04-11,140,67.88,119.6,1.762,16744.49,9502.6,7241.9
MISS-11788,AG-04,CLI-128,CAND-1361,Recrutement CDI,Terminée,2025-07-31,2025-08-20,140,53.7,98.97,1.843,13855.96,7518.19,6337.77
MISS-11789,AG-15,CLI-145,CAND-1163,Intérim IA/Data,En cours,2024-08-22,2024-11-20,630,43.66,85.99,1.969,54171.88,27507.41,26664.47
MISS-11790,AG-03,CLI-132,CAND-1277,Recrutement CDI,En cours,2025-05-24,2025-05-29,35,48.48,93.21,1.923,3262.44,1696.79,1565.65
MISS-11791,AG-11,CLI-133,CAND-1140,Intérim IA/Data,Terminée,2026-03-06,2026-03-16,70,42.15,80.13,1.901,5609.09,2950.36,2658.74
MISS-11792,AG-21,CLI-138,CAND-1377,Intérim IA/Data,En cours,2025-09-21,2025-12-20,630,43.75,76.83,1.756,48400.35,27562.17,20838.18
MISS-11793,AG-19,CLI-151,CAND-1391,Intérim IA/Data,Terminée,2026-02-28,2026-03-20,140,51.97,99.74,1.919,13964.23,7275.97,6688.26
MISS-11794,AG-10,CLI-109,CAND-1277,Intérim IA/Data,En cours,2024-12-25,2025-02-23,420,69.31,124.33,1.794,52218.87,29111.3,23107.58
MISS-11795,AG-11,CLI-100,CAND-1426,Intérim IA/Data,Annulée,2024-06-23,2024-06-28,35,39.97,80.66,2.018,2823.06,1399.09,1423.97
MISS-11796,AG-22,CLI-103,CAND-1048,Intérim IA/Data,Annulée,2026-07-04,2026-07-14,70,32.04,56.36,1.759,3945.26,2242.66,1702.6
MISS-11797,AG-05,CLI-161,CAND-1369,Intérim IA/Data,Annulée,2025-09-12,2025-10-02,140,54.83,98.16,1.79,13742.29,7675.8,6066.49
MISS-11798,AG-05,CLI-105,CAND-1158,Intérim IA/Data,Terminée,2024-08-31,2024-10-30,420,37.45,74.78,1.997,31408.51,15727.43,15681.08
MISS-11799,AG-09,CLI-159,CAND-1345,Intérim IA/Data,Terminée,2025-05-05,2025-05-15,70,43.24,83.85,1.939,5869.57,3026.8,2842.77
MISS-11800,AG-16,CLI-143,CAND-1190,Intérim IA/Data,En cours,2026-07-15,2026-07-25,70,62.31,124.12,1.992,8688.63,4361.48,4327.14
MISS-11801,AG-04,CLI-105,CAND-1499,Recrutement CDI,Terminée,2024-07-14,2024-07-24,70,60.97,125.09,2.052,8756.04,4268.08,4487.96
MISS-11802,AG-09,CLI-170,CAND-1262,Intérim IA/Data,Terminée,2025-01-05,2025-01-25,140,45.33,79.5,1.754,11129.51,6346.8,4782.71
MISS-11803,AG-11,CLI-134,CAND-1451,Intérim IA/Data,Terminée,2026-04-29,2026-06-28,420,39.53,77.65,1.964,32613.5,16604.6,16008.9
MISS-11804,AG-08,CLI-164,CAND-1367,Intérim IA/Data,Annulée,2025-05-17,2025-05-27,70,54.16,99.8,1.843,6986.24,3791.01,3195.22
MISS-11805,AG-17,CLI-140,CAND-1031,Intérim IA/Data,Terminée,2025-04-05,2025-10-02,1260,49.04,94.46,1.926,119015.94,61786.6,57229.33
MISS-11806,AG-12,CLI-115,CAND-1136,Intérim IA/Data,Terminée,2026-06-07,2026-06-27,140,69.85,129.55,1.855,18136.69,9779.35,8357.35
MISS-11807,AG-20,CLI-139,CAND-1421,Intérim IA/Data,Terminée,2026-03-27,2026-05-26,420,43.23,76.16,1.762,31986.65,18156.14,13830.5
MISS-11808,AG-02,CLI-135,CAND-1084,Intérim IA/Data,Terminée,2026-06-09,2026-06-29,140,70.69,123.9,1.753,17346.36,9897.06,7449.3
MISS-11809,AG-04,CLI-146,CAND-1201,Intérim IA/Data,Terminée,2025-02-20,2025-03-12,140,47.64,92.09,1.933,12892.92,6670.0,6222.92
MISS-11810,AG-03,CLI-113,CAND-1386,Recrutement CDI,Terminée,2026-07-02,2026-08-31,420,46.08,92.14,2.0,38696.88,19352.62,19344.26
MISS-11811,AG-17,CLI-129,CAND-1108,Intérim IA/Data,Terminée,2026-05-10,2026-11-06,1260,41.63,86.72,2.083,109268.94,52450.57,56818.37
MISS-11812,AG-01,CLI-143,CAND-1392,Intérim IA/Data,En cours,2025-08-10,2025-10-09,420,49.8,101.79,2.044,42752.12,20916.85,21835.27
MISS-11813,AG-19,CLI-152,CAND-1398,Intérim IA/Data,Terminée,2024-06-23,2024-06-28,35,69.12,142.29,2.059,4979.99,2419.06,2560.92
MISS-11814,AG-08,CLI-128,CAND-1142,Intérim IA/Data,En cours,2025-06-12,2025-08-11,420,52.95,105.19,1.987,44179.22,22236.96,21942.25
MISS-11815,AG-02,CLI-129,CAND-1043,Recrutement CDI,Terminée,2025-04-29,2025-05-09,70,62.38,119.92,1.922,8394.2,4366.82,4027.38
MISS-11816,AG-06,CLI-158,CAND-1118,Intérim IA/Data,Annulée,2024-04-03,2024-04-23,140,35.16,71.29,2.028,9980.26,4922.4,5057.86
MISS-11817,AG-01,CLI-105,CAND-1235,Intérim IA/Data,En cours,2025-08-29,2025-10-28,420,58.51,118.21,2.02,49647.35,24576.08,25071.27
MISS-11818,AG-17,CLI-155,CAND-1104,Recrutement CDI,Terminée,2025-08-22,2026-02-18,1260,42.13,73.96,1.756,93191.66,53079.98,40111.68
MISS-11819,AG-02,CLI-132,CAND-1232,Recrutement CDI,En cours,2026-01-23,2026-02-12,140,44.54,86.57,1.944,12120.0,6235.65,5884.35
MISS-11820,AG-20,CLI-106,CAND-1138,Intérim IA/Data,En cours,2025-02-14,2025-03-06,140,64.71,114.76,1.774,16067.03,9059.31,7007.72
MISS-11821,AG-15,CLI-170,CAND-1111,Recrutement CDI,Terminée,2025-03-15,2025-05-14,420,63.24,129.22,2.043,54272.44,26562.2,27710.25
MISS-11822,AG-18,CLI-118,CAND-1418,Recrutement CDI,Terminée,2025-07-23,2025-08-12,140,59.06,109.12,1.848,15276.53,8268.39,7008.14
MISS-11823,AG-11,CLI-107,CAND-1415,Intérim IA/Data,Terminée,2024-08-31,2024-09-20,140,64.91,113.89,1.755,15944.25,9086.94,6857.32
MISS-11824,AG-03,CLI-174,CAND-1338,Intérim IA/Data,Terminée,2026-04-26,2026-05-01,35,57.0,102.37,1.796,3582.95,1994.83,1588.12
MISS-11825,AG-16,CLI-149,CAND-1027,Management Transition,En cours,2024-09-08,2024-09-28,140,52.51,106.56,2.029,14918.89,7352.09,7566.8
MISS-11826,AG-17,CLI-121,CAND-1300,Intérim IA/Data,Terminée,2024-12-20,2024-12-30,70,36.54,68.82,1.883,4817.67,2557.95,2259.72
MISS-11827,AG-02,CLI-109,CAND-1481,Intérim IA/Data,Terminée,2026-06-12,2026-06-22,70,71.3,129.63,1.818,9073.94,4991.07,4082.87
MISS-11828,AG-12,CLI-177,CAND-1312,Recrutement CDI,Terminée,2026-05-21,2026-07-20,420,73.81,131.37,1.78,55176.19,31001.19,24175.0
MISS-11829,AG-07,CLI-178,CAND-1386,Intérim IA/Data,Terminée,2026-04-23,2026-06-22,420,30.44,62.92,2.067,26427.96,12785.81,13642.15
MISS-11830,AG-05,CLI-108,CAND-1376,Intérim IA/Data,Terminée,2024-07-14,2024-07-19,35,53.72,111.55,2.076,3904.17,1880.18,2023.99
MISS-11831,AG-02,CLI-178,CAND-1399,Intérim IA/Data,Terminée,2024-07-21,2024-09-19,420,45.75,90.42,1.976,37974.7,19214.49,18760.21
MISS-11832,AG-02,CLI-125,CAND-1201,Intérim IA/Data,Terminée,2025-06-28,2025-07-18,140,44.2,90.44,2.046,12661.5,6187.73,6473.77
MISS-11833,AG-01,CLI-160,CAND-1260,Recrutement CDI,Terminée,2026-03-02,2026-03-07,35,40.41,77.41,1.916,2709.34,1414.34,1294.99
MISS-11834,AG-11,CLI-169,CAND-1405,Recrutement CDI,En cours,2025-02-18,2025-03-10,140,68.57,134.61,1.963,18845.2,9599.94,9245.25
MISS-11835,AG-19,CLI-127,CAND-1312,Intérim IA/Data,Terminée,2024-06-30,2024-08-29,420,32.32,65.32,2.021,27436.2,13574.73,13861.46
MISS-11836,AG-03,CLI-171,CAND-1034,Management Transition,En cours,2024-02-01,2024-02-06,35,62.26,118.16,1.898,4135.66,2179.01,1956.65
MISS-11837,AG-01,CLI-167,CAND-1132,Recrutement CDI,En cours,2025-09-04,2025-09-24,140,52.87,108.03,2.043,15123.93,7401.86,7722.07
MISS-11838,AG-09,CLI-147,CAND-1468,Intérim IA/Data,En cours,2024-10-31,2024-11-05,35,38.39,72.72,1.894,2545.15,1343.62,1201.53
MISS-11839,AG-01,CLI-110,CAND-1454,Intérim IA/Data,Terminée,2024-11-15,2025-01-14,420,46.91,94.21,2.008,39567.58,19700.73,19866.85
MISS-11840,AG-08,CLI-121,CAND-1074,Intérim IA/Data,Terminée,2024-01-03,2024-01-23,140,49.22,99.16,2.014,13881.78,6891.12,6990.66
MISS-11841,AG-03,CLI-155,CAND-1144,Recrutement CDI,Terminée,2026-03-03,2026-05-02,420,74.52,135.31,1.816,56828.15,31298.18,25529.97
MISS-11842,AG-15,CLI-158,CAND-1393,Intérim IA/Data,Annulée,2024-11-19,2024-12-09,140,42.2,80.75,1.913,11304.7,5907.89,5396.81
MISS-11843,AG-20,CLI-179,CAND-1102,Intérim IA/Data,Terminée,2026-07-23,2026-09-21,420,57.75,119.49,2.069,50186.39,24255.54,25930.85
MISS-11844,AG-22,CLI-168,CAND-1149,Intérim IA/Data,Terminée,2025-09-02,2025-09-22,140,55.6,104.49,1.879,14628.71,7784.5,6844.21
MISS-11845,AG-14,CLI-117,CAND-1181,Intérim IA/Data,Terminée,2024-08-18,2024-09-07,140,39.66,78.36,1.976,10970.27,5553.04,5417.24
MISS-11846,AG-08,CLI-104,CAND-1216,Intérim IA/Data,Terminée,2024-07-22,2024-09-20,420,55.14,114.86,2.083,48242.51,23157.82,25084.69
MISS-11847,AG-01,CLI-142,CAND-1172,Intérim IA/Data,Terminée,2024-12-02,2025-03-02,630,46.61,95.36,2.046,60075.94,29363.66,30712.28
MISS-11848,AG-02,CLI-178,CAND-1193,Management Transition,Terminée,2025-08-16,2025-08-26,70,32.81,66.09,2.015,4626.43,2296.52,2329.91
MISS-11849,AG-08,CLI-164,CAND-1123,Intérim IA/Data,Terminée,2024-07-07,2025-01-03,1260,44.79,80.9,1.806,101930.63,56440.64,45489.99
MISS-11850,AG-12,CLI-136,CAND-1128,Recrutement CDI,Terminée,2026-06-03,2026-08-02,420,54.0,109.18,2.022,45856.5,22679.57,23176.92
MISS-11851,AG-02,CLI-100,CAND-1259,Recrutement CDI,Terminée,2024-04-14,2024-05-04,140,65.23,133.54,2.047,18695.47,9132.32,9563.15
MISS-11852,AG-02,CLI-179,CAND-1385,Intérim IA/Data,Terminée,2024-07-01,2024-09-29,630,54.75,101.72,1.858,64081.28,34492.42,29588.85
MISS-11853,AG-22,CLI-118,CAND-1217,Recrutement CDI,Terminée,2024-05-24,2024-06-13,140,55.6,116.06,2.087,16249.0,7784.36,8464.65
MISS-11854,AG-13,CLI-130,CAND-1173,Intérim IA/Data,Terminée,2025-10-09,2025-10-29,140,39.84,72.65,1.824,10171.36,5577.05,4594.31
MISS-11855,AG-11,CLI-152,CAND-1279,Intérim IA/Data,Terminée,2025-11-16,2025-11-26,70,33.56,68.83,2.051,4818.02,2349.26,2468.76
MISS-11856,AG-12,CLI-148,CAND-1061,Recrutement CDI,Terminée,2025-05-10,2025-05-30,140,38.28,73.4,1.918,10276.36,5358.87,4917.49
MISS-11857,AG-15,CLI-129,CAND-1491,Intérim IA/Data,Terminée,2026-03-21,2026-04-10,140,59.71,115.14,1.928,16119.63,8359.52,7760.11
MISS-11858,AG-16,CLI-121,CAND-1117,Intérim IA/Data,Terminée,2026-01-01,2026-01-21,140,48.04,94.3,1.963,13201.94,6725.13,6476.8
MISS-11859,AG-22,CLI-121,CAND-1425,Management Transition,Terminée,2024-08-20,2024-09-09,140,31.75,62.44,1.966,8742.19,4445.59,4296.6
MISS-11860,AG-16,CLI-136,CAND-1425,Intérim IA/Data,Terminée,2025-01-20,2025-02-09,140,59.86,110.64,1.848,15489.9,8380.34,7109.56
MISS-11861,AG-05,CLI-134,CAND-1027,Intérim IA/Data,Terminée,2025-07-21,2025-08-10,140,68.68,128.68,1.874,18015.84,9615.01,8400.83
MISS-11862,AG-19,CLI-136,CAND-1271,Recrutement CDI,Terminée,2024-06-26,2024-07-16,140,73.73,133.52,1.811,18692.45,10321.86,8370.59
MISS-11863,AG-18,CLI-128,CAND-1172,Recrutement CDI,En cours,2024-10-05,2024-10-25,140,63.16,119.9,1.898,16785.4,8842.39,7943.01
MISS-11864,AG-07,CLI-118,CAND-1413,Intérim IA/Data,Terminée,2025-10-24,2025-11-03,70,47.53,89.68,1.887,6277.36,3327.44,2949.92
MISS-11865,AG-06,CLI-103,CAND-1255,Intérim IA/Data,Terminée,2025-03-09,2025-03-29,140,72.97,131.41,1.801,18396.97,10215.6,8181.37
MISS-11866,AG-11,CLI-146,CAND-1334,Intérim IA/Data,Terminée,2024-09-11,2024-10-01,140,73.48,131.34,1.788,18388.05,10286.62,8101.44
MISS-11867,AG-06,CLI-159,CAND-1299,Intérim IA/Data,Terminée,2025-09-23,2025-11-22,420,65.18,125.67,1.928,52782.01,27374.8,25407.2
MISS-11868,AG-08,CLI-137,CAND-1266,Intérim IA/Data,Annulée,2026-04-30,2026-05-10,70,62.63,113.04,1.805,7912.67,4384.35,3528.32
MISS-11869,AG-08,CLI-159,CAND-1285,Management Transition,Terminée,2025-12-22,2026-01-11,140,73.22,152.56,2.084,21358.82,10251.24,11107.58
MISS-11870,AG-05,CLI-114,CAND-1446,Intérim IA/Data,Terminée,2026-04-19,2026-04-29,70,55.32,99.9,1.806,6993.02,3872.47,3120.55
MISS-11871,AG-15,CLI-103,CAND-1269,Intérim IA/Data,Terminée,2026-04-12,2026-04-22,70,73.84,147.93,2.003,10355.28,5168.69,5186.59
MISS-11872,AG-21,CLI-151,CAND-1164,Intérim IA/Data,Terminée,2025-11-17,2025-11-27,70,63.11,110.77,1.755,7753.81,4417.42,3336.39
MISS-11873,AG-02,CLI-157,CAND-1029,Intérim IA/Data,Terminée,2025-04-19,2025-06-18,420,49.43,99.1,2.005,41621.51,20761.35,20860.16
MISS-11874,AG-22,CLI-137,CAND-1041,Intérim IA/Data,En cours,2025-11-30,2026-01-29,420,52.03,93.4,1.795,39226.21,21851.82,17374.39
MISS-11875,AG-18,CLI-121,CAND-1345,Intérim IA/Data,Terminée,2026-02-22,2026-03-14,140,34.92,69.13,1.98,9677.64,4888.68,4788.97
MISS-11876,AG-21,CLI-120,CAND-1425,Intérim IA/Data,Terminée,2025-01-22,2025-01-27,35,46.8,92.47,1.976,3236.37,1637.85,1598.52
MISS-11877,AG-18,CLI-130,CAND-1244,Intérim IA/Data,En cours,2024-01-17,2024-02-06,140,45.42,79.94,1.76,11191.37,6358.82,4832.55
MISS-11878,AG-17,CLI-128,CAND-1077,Intérim IA/Data,Terminée,2025-06-05,2025-08-04,420,67.32,128.92,1.915,54148.35,28276.03,25872.32
MISS-11879,AG-18,CLI-150,CAND-1444,Intérim IA/Data,En cours,2024-08-23,2025-02-19,1260,65.89,124.76,1.894,157203.83,83017.79,74186.04
MISS-11880,AG-08,CLI-140,CAND-1414,Intérim IA/Data,Terminée,2026-05-09,2026-05-14,35,31.58,64.65,2.047,2262.81,1105.44,1157.37
MISS-11881,AG-13,CLI-176,CAND-1140,Intérim IA/Data,Terminée,2024-01-30,2024-03-30,420,70.09,128.24,1.83,53860.4,29437.18,24423.23
MISS-11882,AG-07,CLI-166,CAND-1125,Recrutement CDI,Annulée,2026-03-26,2026-04-15,140,54.41,104.47,1.92,14626.18,7616.74,7009.44
MISS-11883,AG-13,CLI-162,CAND-1263,Intérim IA/Data,En cours,2024-10-19,2024-10-29,70,39.92,76.42,1.914,5349.3,2794.27,2555.03
MISS-11884,AG-06,CLI-133,CAND-1312,Intérim IA/Data,Terminée,2026-03-04,2026-05-03,420,61.68,123.44,2.001,51842.95,25906.8,25936.15
MISS-11885,AG-11,CLI-132,CAND-1322,Intérim IA/Data,Terminée,2025-09-03,2025-09-08,35,46.84,92.58,1.977,3240.39,1639.24,1601.15
MISS-11886,AG-04,CLI-119,CAND-1396,Intérim IA/Data,En cours,2026-07-24,2026-08-13,140,60.79,122.02,2.007,17083.11,8510.77,8572.34
MISS-11887,AG-02,CLI-109,CAND-1442,Management Transition,En cours,2024-07-17,2024-07-22,35,42.51,76.26,1.794,2669.26,1487.86,1181.4
MISS-11888,AG-14,CLI-176,CAND-1115,Management Transition,En cours,2025-09-12,2025-11-11,420,38.8,68.71,1.771,28856.27,16296.71,12559.56
MISS-11889,AG-16,CLI-135,CAND-1097,Recrutement CDI,Terminée,2024-08-02,2024-08-12,70,50.58,101.68,2.01,7117.6,3540.37,3577.23
MISS-11890,AG-21,CLI-163,CAND-1280,Intérim IA/Data,Terminée,2025-09-12,2026-03-11,1260,63.93,113.06,1.769,142457.65,80551.9,61905.75
MISS-11891,AG-01,CLI-152,CAND-1059,Intérim IA/Data,En cours,2025-11-04,2025-11-09,35,45.49,90.93,1.999,3182.39,1592.03,1590.37
MISS-11892,AG-10,CLI-118,CAND-1081,Recrutement CDI,Terminée,2026-01-21,2026-01-26,35,38.29,74.05,1.934,2591.74,1340.07,1251.67
MISS-11893,AG-21,CLI-163,CAND-1052,Intérim IA/Data,Terminée,2024-08-20,2024-10-19,420,40.08,74.66,1.863,31357.8,16833.19,14524.61
MISS-11894,AG-09,CLI-146,CAND-1482,Intérim IA/Data,Terminée,2024-06-24,2024-08-23,420,60.85,110.54,1.817,46427.47,25557.33,20870.14
MISS-11895,AG-04,CLI-150,CAND-1212,Intérim IA/Data,En cours,2024-07-18,2024-07-23,35,74.41,133.02,1.788,4655.75,2604.31,2051.44
MISS-11896,AG-19,CLI-170,CAND-1080,Recrutement CDI,Terminée,2025-08-31,2025-10-30,420,42.04,85.7,2.038,35992.23,17658.51,18333.72
MISS-11897,AG-02,CLI-104,CAND-1157,Intérim IA/Data,Terminée,2025-06-02,2025-06-12,70,74.07,136.69,1.845,9568.26,5184.78,4383.48
MISS-11898,AG-09,CLI-132,CAND-1450,Recrutement CDI,Terminée,2025-03-11,2025-03-21,70,40.99,77.28,1.885,5409.33,2869.41,2539.93
MISS-11899,AG-12,CLI-172,CAND-1392,Recrutement CDI,En cours,2024-04-05,2024-10-02,1260,54.62,97.9,1.792,123347.82,68827.42,54520.4
MISS-11900,AG-05,CLI-113,CAND-1043,Intérim IA/Data,Terminée,2025-07-04,2025-07-14,70,46.6,97.63,2.095,6833.81,3261.96,3571.85
MISS-11901,AG-02,CLI-158,CAND-1446,Intérim IA/Data,En cours,2024-03-22,2024-03-27,35,57.68,119.39,2.07,4178.77,2018.8,2159.97
MISS-11902,AG-02,CLI-112,CAND-1495,Management Transition,Terminée,2025-02-08,2025-02-13,35,65.12,114.8,1.763,4018.09,2279.12,1738.97
MISS-11903,AG-14,CLI-149,CAND-1083,Intérim IA/Data,Terminée,2025-07-05,2025-07-10,35,48.33,97.16,2.011,3400.77,1691.38,1709.4
MISS-11904,AG-05,CLI-137,CAND-1299,Recrutement CDI,Terminée,2025-05-20,2025-07-19,420,60.99,127.99,2.099,53754.09,25615.17,28138.92
MISS-11905,AG-08,CLI-127,CAND-1446,Intérim IA/Data,Terminée,2024-08-17,2024-11-15,630,67.27,131.53,1.955,82863.28,42377.69,40485.59
MISS-11906,AG-17,CLI-161,CAND-1359,Intérim IA/Data,Terminée,2024-12-22,2025-06-20,1260,39.35,82.6,2.099,104074.17,49585.45,54488.72
MISS-11907,AG-05,CLI-101,CAND-1189,Intérim IA/Data,Terminée,2026-02-07,2026-04-08,420,33.25,66.94,2.013,28115.79,13964.59,14151.2
MISS-11908,AG-21,CLI-126,CAND-1271,Intérim IA/Data,Terminée,2025-01-01,2025-06-30,1260,68.38,130.49,1.908,164417.24,86157.7,78259.54
MISS-11909,AG-08,CLI-136,CAND-1102,Recrutement CDI,En cours,2025-12-22,2026-03-22,630,43.81,79.25,1.809,49930.54,27599.71,22330.83
MISS-11910,AG-03,CLI-139,CAND-1362,Management Transition,Terminée,2024-10-10,2024-12-09,420,48.0,94.86,1.976,39841.24,20158.75,19682.49
MISS-11911,AG-14,CLI-156,CAND-1157,Intérim IA/Data,Terminée,2024-01-13,2024-02-02,140,64.35,133.73,2.078,18722.68,9008.64,9714.05
MISS-11912,AG-05,CLI-103,CAND-1396,Management Transition,En cours,2024-03-11,2024-03-16,35,71.15,147.3,2.07,5155.46,2490.25,2665.21
MISS-11913,AG-01,CLI-108,CAND-1189,Recrutement CDI,Terminée,2025-02-23,2025-02-28,35,62.49,110.82,1.773,3878.56,2187.04,1691.53
MISS-11914,AG-22,CLI-165,CAND-1199,Intérim IA/Data,En cours,2024-08-29,2024-09-18,140,64.36,134.66,2.092,18852.54,9009.94,9842.6
MISS-11915,AG-07,CLI-109,CAND-1333,Intérim IA/Data,Terminée,2025-09-29,2025-10-19,140,72.92,132.19,1.813,18506.8,10208.89,8297.91
MISS-11916,AG-09,CLI-148,CAND-1018,Intérim IA/Data,Terminée,2025-05-22,2025-07-21,420,71.91,139.93,1.946,58769.41,30203.55,28565.87
MISS-11917,AG-17,CLI-136,CAND-1210,Intérim IA/Data,En cours,2025-06-26,2025-12-23,1260,31.81,62.76,1.973,79076.08,40084.91,38991.18
MISS-11918,AG-15,CLI-108,CAND-1144,Management Transition,Annulée,2024-11-04,2024-11-24,140,33.77,60.94,1.805,8532.02,4727.39,3804.63
MISS-11919,AG-02,CLI-178,CAND-1416,Intérim IA/Data,Annulée,2025-11-03,2025-11-13,70,55.07,108.86,1.977,7620.11,3854.78,3765.34
MISS-11920,AG-02,CLI-138,CAND-1240,Intérim IA/Data,Terminée,2024-02-28,2024-03-19,140,65.78,118.97,1.809,16655.43,9209.51,7445.92
MISS-11921,AG-04,CLI-114,CAND-1424,Intérim IA/Data,Terminée,2024-09-06,2024-09-11,35,66.11,116.8,1.767,4088.06,2313.97,1774.09
MISS-11922,AG-16,CLI-164,CAND-1393,Recrutement CDI,En cours,2026-05-30,2026-06-04,35,61.69,109.79,1.78,3842.58,2159.25,1683.34
MISS-11923,AG-13,CLI-166,CAND-1368,Intérim IA/Data,Terminée,2025-08-25,2025-09-04,70,42.09,75.42,1.792,5279.22,2946.52,2332.7
MISS-11924,AG-03,CLI-163,CAND-1227,Intérim IA/Data,Terminée,2025-06-05,2025-12-02,1260,59.02,118.25,2.004,149001.02,74365.53,74635.49
MISS-11925,AG-08,CLI-111,CAND-1452,Intérim IA/Data,Terminée,2025-06-25,2025-07-05,70,54.56,114.41,2.097,8008.38,3819.28,4189.1
MISS-11926,AG-01,CLI-154,CAND-1003,Recrutement CDI,En cours,2025-06-19,2025-08-18,420,72.53,140.31,1.935,58929.74,30461.94,28467.8
MISS-11927,AG-14,CLI-126,CAND-1456,Recrutement CDI,Terminée,2025-07-03,2025-07-23,140,67.77,130.71,1.929,18299.17,9487.82,8811.35
MISS-11928,AG-21,CLI-160,CAND-1105,Intérim IA/Data,Terminée,2025-12-11,2026-03-11,630,56.72,108.6,1.915,68417.62,35731.47,32686.16
MISS-11929,AG-14,CLI-178,CAND-1155,Management Transition,Terminée,2025-08-23,2025-08-28,35,35.13,66.72,1.9,2335.37,1229.45,1105.93
MISS-11930,AG-01,CLI-103,CAND-1014,Management Transition,Terminée,2025-10-15,2026-04-13,1260,45.44,90.47,1.991,113989.2,57250.04,56739.16
MISS-11931,AG-17,CLI-149,CAND-1042,Recrutement CDI,Terminée,2024-10-31,2024-11-05,35,54.52,111.19,2.04,3891.53,1908.04,1983.49
MISS-11932,AG-03,CLI-170,CAND-1329,Management Transition,En cours,2025-04-20,2025-10-17,1260,58.84,114.17,1.94,143853.84,74134.48,69719.36
MISS-11933,AG-06,CLI-104,CAND-1127,Recrutement CDI,Terminée,2025-07-21,2025-08-10,140,44.04,92.28,2.095,12918.8,6166.22,6752.59
MISS-11934,AG-22,CLI-166,CAND-1280,Intérim IA/Data,En cours,2024-04-12,2024-10-09,1260,43.25,86.2,1.993,108615.51,54489.31,54126.2
MISS-11935,AG-14,CLI-155,CAND-1282,Intérim IA/Data,Terminée,2026-01-07,2026-07-06,1260,47.28,90.41,1.912,113914.27,59570.6,54343.67
MISS-11936,AG-07,CLI-143,CAND-1443,Intérim IA/Data,Terminée,2025-01-12,2025-04-12,630,43.96,80.78,1.837,50889.01,27695.83,23193.17
MISS-11937,AG-17,CLI-131,CAND-1226,Intérim IA/Data,Terminée,2026-03-13,2026-03-18,35,31.97,64.54,2.019,2258.75,1118.84,1139.91
MISS-11938,AG-02,CLI-176,CAND-1248,Intérim IA/Data,Terminée,2024-03-13,2024-06-11,630,66.45,136.17,2.049,85787.8,41864.2,43923.6
MISS-11939,AG-05,CLI-107,CAND-1081,Intérim IA/Data,Terminée,2025-07-26,2025-09-24,420,31.59,56.31,1.783,23650.27,13267.67,10382.6
MISS-11940,AG-13,CLI-176,CAND-1142,Intérim IA/Data,Terminée,2026-03-01,2026-03-11,70,58.33,112.57,1.93,7880.23,4083.01,3797.22
MISS-11941,AG-06,CLI-107,CAND-1017,Intérim IA/Data,En cours,2026-06-24,2026-07-14,140,42.32,80.18,1.894,11224.65,5924.9,5299.76
MISS-11942,AG-07,CLI-123,CAND-1144,Management Transition,Terminée,2024-03-13,2024-05-12,420,74.67,144.7,1.938,60772.43,31362.62,29409.81
MISS-11943,AG-15,CLI-112,CAND-1235,Intérim IA/Data,Terminée,2026-06-30,2026-07-10,70,45.82,90.42,1.973,6329.44,3207.51,3121.93
MISS-11944,AG-12,CLI-178,CAND-1489,Intérim IA/Data,Terminée,2024-02-09,2024-05-09,630,66.92,130.56,1.951,82253.9,42160.15,40093.75
MISS-11945,AG-22,CLI-107,CAND-1400,Intérim IA/Data,En cours,2024-05-08,2024-11-04,1260,46.01,87.46,1.901,110199.28,57969.39,52229.9
MISS-11946,AG-21,CLI-128,CAND-1497,Intérim IA/Data,Terminée,2026-02-25,2026-03-17,140,68.9,123.56,1.793,17298.38,9645.53,7652.86
MISS-11947,AG-21,CLI-164,CAND-1193,Intérim IA/Data,En cours,2024-05-09,2024-05-29,140,50.93,101.21,1.987,14169.66,7130.08,7039.58
MISS-11948,AG-18,CLI-158,CAND-1023,Intérim IA/Data,Terminée,2025-11-09,2025-11-29,140,74.47,153.02,2.055,21423.4,10425.53,10997.88
MISS-11949,AG-01,CLI-144,CAND-1347,Recrutement CDI,Terminée,2024-03-23,2024-05-22,420,55.54,110.8,1.995,46534.82,23325.41,23209.41
MISS-11950,AG-07,CLI-164,CAND-1138,Intérim IA/Data,Terminée,2025-04-25,2025-04-30,35,54.19,100.22,1.849,3507.81,1896.67,1611.13
MISS-11951,AG-01,CLI-170,CAND-1335,Intérim IA/Data,Terminée,2026-07-21,2026-09-19,420,30.03,59.75,1.99,25094.5,12611.0,12483.49
MISS-11952,AG-12,CLI-179,CAND-1453,Intérim IA/Data,Terminée,2024-10-04,2024-12-03,420,72.88,141.87,1.947,59585.33,30608.5,28976.83
MISS-11953,AG-14,CLI-156,CAND-1064,Recrutement CDI,En cours,2026-04-16,2026-04-26,70,57.74,103.32,1.789,7232.43,4041.71,3190.72
MISS-11954,AG-03,CLI-128,CAND-1335,Intérim IA/Data,Terminée,2026-04-28,2026-06-27,420,64.0,113.36,1.771,47611.44,26881.0,20730.45
MISS-11955,AG-03,CLI-109,CAND-1016,Intérim IA/Data,Terminée,2026-07-10,2026-07-30,140,53.63,95.68,1.784,13395.72,7508.36,5887.36
MISS-11956,AG-02,CLI-172,CAND-1005,Intérim IA/Data,Terminée,2024-08-22,2024-09-11,140,43.17,87.88,2.036,12303.46,6044.21,6259.25
MISS-11957,AG-05,CLI-122,CAND-1170,Intérim IA/Data,En cours,2025-03-05,2025-05-04,420,44.97,85.88,1.909,36069.12,18889.44,17179.68
MISS-11958,AG-14,CLI-106,CAND-1381,Intérim IA/Data,Terminée,2024-11-10,2024-11-30,140,63.89,123.98,1.941,17357.02,8944.02,8413.01
MISS-11959,AG-08,CLI-133,CAND-1476,Intérim IA/Data,En cours,2024-11-25,2025-02-23,630,71.25,142.95,2.006,90061.07,44889.79,45171.28
MISS-11960,AG-02,CLI-136,CAND-1114,Intérim IA/Data,Terminée,2025-07-09,2025-09-07,420,66.5,119.91,1.803,50363.11,27931.2,22431.92
MISS-11961,AG-18,CLI-151,CAND-1120,Management Transition,Terminée,2025-02-23,2025-03-15,140,33.79,59.43,1.759,8319.69,4730.78,3588.91
MISS-11962,AG-15,CLI-131,CAND-1140,Intérim IA/Data,Terminée,2024-02-23,2024-02-28,35,57.49,107.87,1.876,3775.45,2012.25,1763.2
MISS-11963,AG-16,CLI-169,CAND-1407,Intérim IA/Data,Terminée,2025-09-25,2025-10-15,140,65.02,134.99,2.076,18898.45,9102.57,9795.89
MISS-11964,AG-01,CLI-170,CAND-1024,Intérim IA/Data,Terminée,2025-06-06,2025-08-05,420,51.8,100.48,1.94,42202.36,21757.37,20444.99
MISS-11965,AG-17,CLI-103,CAND-1180,Intérim IA/Data,Terminée,2025-01-11,2025-03-12,420,32.41,58.82,1.815,24702.58,13611.06,11091.52
MISS-11966,AG-06,CLI-106,CAND-1445,Intérim IA/Data,En cours,2024-03-09,2024-03-14,35,60.99,127.65,2.093,4467.66,2134.59,2333.06
MISS-11967,AG-03,CLI-177,CAND-1168,Recrutement CDI,Terminée,2025-12-14,2025-12-19,35,61.67,109.61,1.777,3836.19,2158.59,1677.6
MISS-11968,AG-08,CLI-112,CAND-1227,Intérim IA/Data,Terminée,2025-04-27,2025-05-17,140,53.09,94.12,1.773,13177.06,7432.84,5744.22
MISS-11969,AG-02,CLI-113,CAND-1075,Intérim IA/Data,Terminée,2025-03-16,2025-09-12,1260,54.67,103.84,1.899,130841.62,68883.75,61957.87
MISS-11970,AG-16,CLI-172,CAND-1325,Recrutement CDI,Terminée,2024-01-06,2024-07-04,1260,45.18,94.7,2.096,119320.17,56931.5,62388.67
MISS-11971,AG-14,CLI-150,CAND-1131,Intérim IA/Data,Terminée,2025-12-01,2026-05-30,1260,52.44,106.19,2.025,133801.02,66072.25,67728.77
MISS-11972,AG-10,CLI-129,CAND-1008,Recrutement CDI,Terminée,2024-01-09,2024-01-29,140,51.95,98.22,1.891,13750.8,7273.44,6477.35
MISS-11973,AG-09,CLI-127,CAND-1339,Intérim IA/Data,Terminée,2024-03-25,2024-05-24,420,50.56,94.71,1.873,39776.67,21236.49,18540.19
MISS-11974,AG-16,CLI-119,CAND-1142,Recrutement CDI,Terminée,2025-05-18,2025-06-07,140,42.45,82.18,1.936,11505.78,5942.35,5563.43
MISS-11975,AG-18,CLI-148,CAND-1370,Intérim IA/Data,Terminée,2024-01-22,2024-02-11,140,42.89,76.68,1.788,10735.09,6004.41,4730.68
MISS-11976,AG-22,CLI-155,CAND-1200,Intérim IA/Data,Terminée,2025-11-20,2026-02-18,630,51.55,94.71,1.837,59667.66,32476.09,27191.57
MISS-11977,AG-16,CLI-163,CAND-1460,Recrutement CDI,Terminée,2025-12-10,2025-12-30,140,68.86,127.03,1.845,17783.75,9640.66,8143.09
MISS-11978,AG-08,CLI-149,CAND-1223,Intérim IA/Data,Terminée,2025-11-25,2026-02-23,630,72.27,129.76,1.796,81751.75,45530.34,36221.42
MISS-11979,AG-05,CLI-179,CAND-1324,Intérim IA/Data,Terminée,2024-01-23,2024-02-02,70,47.27,84.86,1.795,5940.08,3308.69,2631.39
MISS-11980,AG-18,CLI-168,CAND-1169,Intérim IA/Data,En cours,2024-05-28,2024-07-27,420,47.07,93.46,1.985,39253.53,19771.39,19482.14
MISS-11981,AG-18,CLI-175,CAND-1122,Intérim IA/Data,En cours,2025-10-02,2025-10-12,70,67.39,135.02,2.004,9451.45,4717.09,4734.36
MISS-11982,AG-07,CLI-145,CAND-1360,Intérim IA/Data,Terminée,2026-04-28,2026-05-08,70,52.03,104.16,2.002,7291.53,3641.94,3649.59
MISS-11983,AG-16,CLI-143,CAND-1106,Intérim IA/Data,Terminée,2025-09-15,2025-10-05,140,41.51,86.33,2.079,12085.59,5812.0,6273.59
MISS-11984,AG-09,CLI-155,CAND-1406,Management Transition,En cours,2025-09-17,2025-09-27,70,57.3,118.06,2.06,8264.32,4011.25,4253.07
MISS-11985,AG-04,CLI-149,CAND-1335,Intérim IA/Data,Terminée,2024-11-06,2024-11-26,140,37.56,75.9,2.021,10625.47,5258.7,5366.77
MISS-11986,AG-20,CLI-151,CAND-1265,Intérim IA/Data,Terminée,2026-07-05,2026-07-25,140,65.68,127.41,1.94,17837.63,9194.87,8642.75
MISS-11987,AG-22,CLI-163,CAND-1069,Management Transition,Terminée,2024-04-23,2024-05-13,140,32.64,68.18,2.089,9545.22,4569.23,4975.99
MISS-11988,AG-16,CLI-113,CAND-1440,Intérim IA/Data,Terminée,2025-09-13,2025-11-12,420,50.03,88.16,1.762,37028.82,21012.77,16016.05
MISS-11989,AG-02,CLI-172,CAND-1337,Intérim IA/Data,Terminée,2024-10-19,2024-10-24,35,35.97,72.0,2.002,2520.02,1258.99,1261.03
MISS-11990,AG-09,CLI-174,CAND-1463,Management Transition,Terminée,2025-07-20,2025-07-25,35,60.83,112.42,1.848,3934.54,2129.1,1805.44
MISS-11991,AG-20,CLI-111,CAND-1224,Recrutement CDI,Terminée,2024-09-27,2024-11-26,420,37.73,70.1,1.858,29441.77,15846.43,13595.34
MISS-11992,AG-02,CLI-159,CAND-1324,Management Transition,Terminée,2024-10-30,2024-11-09,70,74.12,152.1,2.052,10647.2,5188.26,5458.93
MISS-11993,AG-16,CLI-158,CAND-1408,Intérim IA/Data,Annulée,2024-03-31,2024-04-10,70,36.26,65.94,1.818,4615.96,2538.37,2077.59
MISS-11994,AG-15,CLI-171,CAND-1112,Intérim IA/Data,Terminée,2026-04-21,2026-07-20,630,41.62,79.15,1.902,49865.97,26218.56,23647.41
MISS-11995,AG-01,CLI-121,CAND-1093,Intérim IA/Data,Terminée,2025-05-16,2025-07-15,420,39.09,78.07,1.997,32788.72,16418.48,16370.24
MISS-11996,AG-17,CLI-137,CAND-1378,Management Transition,En cours,2025-04-17,2025-05-07,140,42.77,80.87,1.891,11321.8,5987.33,5334.47
MISS-11997,AG-01,CLI-170,CAND-1279,Intérim IA/Data,Terminée,2025-10-18,2025-10-28,70,49.71,87.53,1.761,6127.33,3479.76,2647.57
MISS-11998,AG-04,CLI-163,CAND-1257,Intérim IA/Data,Terminée,2026-08-01,2026-09-30,420,71.52,144.52,2.021,60697.63,30039.97,30657.66
MISS-11999,AG-19,CLI-158,CAND-1094,Intérim IA/Data,Terminée,2024-09-21,2024-11-20,420,59.54,115.27,1.936,48414.51,25005.82,23408.68
MISS-12000,AG-15,CLI-100,CAND-1318,Intérim IA/Data,Terminée,2025-08-20,2026-02-16,1260,54.93,100.12,1.823,126156.72,69216.51,56940.2
MISS-12001,AG-03,CLI-101,CAND-1161,Intérim IA/Data,Terminée,2024-06-29,2024-08-28,420,71.77,145.91,2.033,61280.63,30141.54,31139.09
MISS-12002,AG-13,CLI-170,CAND-1299,Intérim IA/Data,Terminée,2025-07-04,2025-07-14,70,54.22,102.61,1.892,7182.96,3795.62,3387.34
MISS-12003,AG-04,CLI-154,CAND-1499,Intérim IA/Data,Terminée,2024-05-20,2024-08-18,630,51.43,103.42,2.011,65155.25,32402.29,32752.96
MISS-12004,AG-02,CLI-105,CAND-1269,Recrutement CDI,Terminée,2025-12-30,2026-01-09,70,34.1,66.41,1.947,4648.41,2386.87,2261.55
MISS-12005,AG-17,CLI-121,CAND-1261,Recrutement CDI,Terminée,2026-02-24,2026-03-01,35,47.66,96.88,2.033,3390.74,1668.05,1722.69
MISS-12006,AG-04,CLI-170,CAND-1409,Recrutement CDI,Terminée,2024-07-08,2024-07-13,35,61.28,111.2,1.815,3892.04,2144.77,1747.27
MISS-12007,AG-16,CLI-124,CAND-1449,Intérim IA/Data,Terminée,2025-09-12,2025-09-17,35,52.44,104.78,1.998,3667.35,1835.37,1831.98
MISS-12008,AG-05,CLI-147,CAND-1443,Intérim IA/Data,En cours,2024-07-25,2024-08-04,70,34.75,65.4,1.882,4578.16,2432.51,2145.65
MISS-12009,AG-13,CLI-140,CAND-1412,Intérim IA/Data,Terminée,2024-06-28,2024-07-08,70,60.84,112.08,1.842,7845.77,4258.72,3587.05
MISS-12010,AG-18,CLI-151,CAND-1171,Intérim IA/Data,En cours,2025-11-22,2025-11-27,35,42.67,75.6,1.772,2646.04,1493.33,1152.72
MISS-12011,AG-22,CLI-169,CAND-1274,Intérim IA/Data,Terminée,2025-11-14,2025-11-19,35,35.2,70.12,1.992,2454.17,1231.91,1222.26
MISS-12012,AG-18,CLI-178,CAND-1063,Intérim IA/Data,Terminée,2024-12-14,2024-12-24,70,34.41,62.08,1.804,4345.71,2409.01,1936.7
MISS-12013,AG-09,CLI-162,CAND-1309,Intérim IA/Data,Terminée,2025-02-18,2025-08-17,1260,37.8,71.56,1.893,90164.5,47622.64,42541.86
MISS-12014,AG-09,CLI-149,CAND-1314,Intérim IA/Data,Terminée,2025-03-11,2025-03-31,140,42.23,80.67,1.91,11294.4,5912.45,5381.95
MISS-12015,AG-14,CLI-132,CAND-1476,Intérim IA/Data,Terminée,2025-07-13,2025-07-23,70,64.63,119.08,1.842,8335.85,4524.35,3811.5
MISS-12016,AG-02,CLI-172,CAND-1023,Recrutement CDI,En cours,2026-05-25,2026-06-04,70,38.51,70.35,1.827,4924.82,2695.57,2229.25
MISS-12017,AG-10,CLI-132,CAND-1062,Management Transition,Terminée,2024-01-21,2024-01-31,70,51.11,93.95,1.838,6576.83,3578.03,2998.8
MISS-12018,AG-09,CLI-106,CAND-1493,Intérim IA/Data,En cours,2026-04-17,2026-04-27,70,44.82,93.22,2.08,6525.74,3137.69,3388.06
MISS-12019,AG-05,CLI-178,CAND-1379,Intérim IA/Data,Terminée,2024-07-03,2024-07-23,140,73.47,151.58,2.063,21220.93,10286.02,10934.91
MISS-12020,AG-18,CLI-128,CAND-1199,Intérim IA/Data,En cours,2024-11-03,2025-01-02,420,63.56,119.85,1.886,50338.53,26696.03,23642.5
MISS-12021,AG-04,CLI-103,CAND-1150,Intérim IA/Data,Terminée,2026-03-06,2026-03-16,70,65.91,136.59,2.072,9561.18,4613.78,4947.4
MISS-12022,AG-09,CLI-112,CAND-1093,Intérim IA/Data,Terminée,2025-08-28,2025-09-17,140,63.05,122.85,1.948,17199.02,8827.01,8372.0
MISS-12023,AG-22,CLI-131,CAND-1322,Intérim IA/Data,Terminée,2026-04-01,2026-05-31,420,62.78,128.97,2.054,54165.76,26367.55,27798.2
MISS-12024,AG-19,CLI-155,CAND-1440,Intérim IA/Data,Terminée,2024-11-15,2024-11-25,70,66.2,126.55,1.912,8858.78,4633.67,4225.12
MISS-12025,AG-08,CLI-150,CAND-1081,Intérim IA/Data,Terminée,2024-01-09,2024-01-14,35,44.04,89.13,2.024,3119.47,1541.31,1578.16
MISS-12026,AG-10,CLI-109,CAND-1489,Intérim IA/Data,Terminée,2024-05-10,2024-05-30,140,31.66,58.43,1.846,8180.12,4432.43,3747.69
MISS-12027,AG-07,CLI-154,CAND-1390,Intérim IA/Data,Terminée,2024-05-10,2024-08-08,630,39.04,76.56,1.961,48233.79,24597.23,23636.56
MISS-12028,AG-20,CLI-147,CAND-1483,Intérim IA/Data,Terminée,2024-07-31,2024-08-20,140,64.46,124.11,1.925,17376.06,9024.36,8351.7
MISS-12029,AG-10,CLI-177,CAND-1243,Intérim IA/Data,Terminée,2025-12-13,2026-02-11,420,52.75,105.75,2.005,44415.6,22154.87,22260.73
MISS-12030,AG-15,CLI-167,CAND-1076,Intérim IA/Data,Terminée,2026-07-03,2026-09-01,420,39.26,81.96,2.088,34423.5,16490.23,17933.28
MISS-12031,AG-07,CLI-171,CAND-1036,Intérim IA/Data,Terminée,2024-04-11,2024-07-10,630,52.96,102.49,1.935,64566.21,33367.39,31198.82
MISS-12032,AG-15,CLI-146,CAND-1359,Intérim IA/Data,En cours,2025-10-07,2025-10-27,140,38.66,75.98,1.965,10637.53,5412.44,5225.09
MISS-12033,AG-18,CLI-131,CAND-1357,Recrutement CDI,Terminée,2024-05-21,2024-06-10,140,72.37,149.71,2.069,20959.09,10132.06,10827.03
MISS-12034,AG-14,CLI-109,CAND-1469,Intérim IA/Data,Terminée,2026-01-09,2026-07-08,1260,61.76,117.7,1.906,148297.16,77814.87,70482.3
MISS-12035,AG-18,CLI-155,CAND-1073,Intérim IA/Data,Terminée,2024-09-17,2024-11-16,420,51.97,91.04,1.752,38236.13,21827.85,16408.28
MISS-12036,AG-15,CLI-133,CAND-1243,Intérim IA/Data,Terminée,2025-07-14,2025-07-24,70,64.15,113.37,1.767,7935.56,4490.77,3444.79
MISS-12037,AG-15,CLI-108,CAND-1370,Intérim IA/Data,Terminée,2026-07-19,2026-10-17,630,30.19,56.85,1.883,35814.06,19018.06,16796.0
MISS-12038,AG-21,CLI-103,CAND-1440,Intérim IA/Data,En cours,2024-07-19,2024-09-17,420,32.2,57.45,1.784,24130.04,13525.26,10604.78
MISS-12039,AG-15,CLI-148,CAND-1030,Intérim IA/Data,Terminée,2025-03-23,2025-04-12,140,36.33,64.39,1.773,9014.93,5085.79,3929.14
MISS-12040,AG-08,CLI-158,CAND-1278,Intérim IA/Data,Terminée,2025-05-01,2025-05-06,35,61.19,118.93,1.944,4162.51,2141.52,2020.99
MISS-12041,AG-22,CLI-172,CAND-1054,Intérim IA/Data,Terminée,2024-11-22,2024-12-12,140,53.84,104.39,1.939,14613.92,7538.26,7075.66
MISS-12042,AG-07,CLI-124,CAND-1391,Intérim IA/Data,Terminée,2025-01-23,2025-02-02,70,30.73,58.98,1.92,4128.85,2150.89,1977.96
MISS-12043,AG-21,CLI-116,CAND-1068,Intérim IA/Data,Terminée,2025-02-13,2025-04-14,420,55.87,103.32,1.849,43395.17,23466.18,19928.98
MISS-12044,AG-03,CLI-169,CAND-1409,Intérim IA/Data,Terminée,2026-07-27,2026-08-16,140,51.71,95.05,1.838,13306.88,7239.96,6066.92
MISS-12045,AG-02,CLI-142,CAND-1340,Recrutement CDI,Terminée,2026-02-23,2026-05-24,630,34.23,62.66,1.83,39476.28,21566.96,17909.33
MISS-12046,AG-22,CLI-113,CAND-1364,Intérim IA/Data,Terminée,2024-07-09,2024-07-29,140,35.85,72.66,2.027,10172.87,5018.68,5154.2
MISS-12047,AG-16,CLI-166,CAND-1031,Recrutement CDI,Terminée,2025-04-28,2025-06-27,420,35.97,67.09,1.865,28176.01,15108.76,13067.25
MISS-12048,AG-06,CLI-145,CAND-1362,Intérim IA/Data,Terminée,2025-07-09,2025-07-19,70,64.46,114.69,1.779,8028.11,4512.11,3515.99
MISS-12049,AG-02,CLI-107,CAND-1230,Intérim IA/Data,Terminée,2024-03-28,2024-04-02,35,32.56,57.29,1.759,2005.22,1139.72,865.49
MISS-12050,AG-20,CLI-123,CAND-1167,Recrutement CDI,Terminée,2025-12-02,2025-12-07,35,41.91,81.94,1.955,2868.03,1466.7,1401.34
MISS-12051,AG-20,CLI-153,CAND-1148,Intérim IA/Data,Terminée,2025-07-23,2025-08-12,140,55.43,103.12,1.86,14436.32,7759.99,6676.34
MISS-12052,AG-15,CLI-163,CAND-1113,Intérim IA/Data,Terminée,2025-01-11,2025-01-21,70,31.7,62.11,1.96,4347.98,2218.85,2129.13
MISS-12053,AG-08,CLI-171,CAND-1319,Recrutement CDI,Terminée,2026-03-25,2026-04-14,140,53.46,106.21,1.987,14869.88,7484.86,7385.02
MISS-12054,AG-07,CLI-103,CAND-1260,Intérim IA/Data,Terminée,2025-07-15,2025-07-25,70,64.23,131.92,2.054,9234.67,4495.84,4738.83
MISS-12055,AG-04,CLI-124,CAND-1416,Management Transition,Terminée,2024-11-04,2025-02-02,630,46.89,94.91,2.024,59795.88,29539.01,30256.86
MISS-12056,AG-07,CLI-158,CAND-1022,Intérim IA/Data,Terminée,2024-02-25,2024-03-16,140,52.19,108.49,2.079,15187.9,7306.1,7881.81
MISS-12057,AG-04,CLI-104,CAND-1408,Intérim IA/Data,Terminée,2025-05-17,2025-07-16,420,45.26,89.12,1.969,37430.82,19009.46,18421.37
MISS-12058,AG-21,CLI-153,CAND-1474,Recrutement CDI,Annulée,2024-06-15,2024-07-05,140,63.18,128.22,2.03,17950.37,8844.66,9105.71
MISS-12059,AG-07,CLI-127,CAND-1454,Management Transition,Terminée,2026-02-02,2026-02-12,70,67.58,130.11,1.925,9107.6,4730.56,4377.05
MISS-12060,AG-10,CLI-101,CAND-1090,Intérim IA/Data,En cours,2024-07-18,2024-09-16,420,56.15,113.41,2.02,47633.96,23582.91,24051.05
MISS-12061,AG-16,CLI-172,CAND-1247,Intérim IA/Data,Terminée,2026-04-25,2026-04-30,35,71.92,146.69,2.04,5134.07,2517.15,2616.92
MISS-12062,AG-16,CLI-142,CAND-1140,Recrutement CDI,Terminée,2026-01-26,2026-02-05,70,59.25,124.11,2.095,8687.46,4147.34,4540.11
MISS-12063,AG-09,CLI-121,CAND-1107,Intérim IA/Data,Terminée,2026-05-15,2026-07-14,420,31.68,55.87,1.764,23466.8,13306.23,10160.58
MISS-12064,AG-08,CLI-160,CAND-1418,Recrutement CDI,Terminée,2024-02-09,2024-08-07,1260,60.48,118.95,1.967,149881.91,76201.4,73680.51
MISS-12065,AG-12,CLI-141,CAND-1149,Intérim IA/Data,Terminée,2025-03-02,2025-03-22,140,61.32,111.99,1.826,15678.09,8584.4,7093.69
MISS-12066,AG-09,CLI-159,CAND-1176,Intérim IA/Data,En cours,2025-08-09,2025-08-19,70,33.31,67.33,2.021,4713.11,2331.72,2381.38
MISS-12067,AG-11,CLI-106,CAND-1344,Recrutement CDI,En cours,2024-05-25,2024-06-14,140,70.83,133.45,1.884,18682.8,9916.86,8765.94
MISS-12068,AG-16,CLI-158,CAND-1261,Intérim IA/Data,En cours,2025-07-04,2025-07-24,140,35.69,67.93,1.903,9510.4,4997.26,4513.13
MISS-12069,AG-21,CLI-134,CAND-1221,Intérim IA/Data,Terminée,2024-11-04,2024-11-24,140,30.98,56.3,1.817,7881.86,4337.14,3544.72
MISS-12070,AG-17,CLI-176,CAND-1262,Intérim IA/Data,Terminée,2025-12-28,2026-01-02,35,60.6,109.84,1.813,3844.55,2121.06,1723.49
MISS-12071,AG-05,CLI-125,CAND-1039,Intérim IA/Data,Terminée,2026-01-08,2026-01-18,70,72.06,146.13,2.028,10229.14,5044.22,5184.93
MISS-12072,AG-14,CLI-112,CAND-1072,Intérim IA/Data,Terminée,2025-12-04,2025-12-24,140,72.85,130.15,1.787,18220.98,10198.56,8022.43
MISS-12073,AG-22,CLI-170,CAND-1412,Recrutement CDI,Terminée,2025-05-26,2025-06-15,140,47.09,87.58,1.86,12260.72,6592.04,5668.68
MISS-12074,AG-02,CLI-105,CAND-1141,Intérim IA/Data,Terminée,2025-08-28,2025-11-26,630,58.69,120.91,2.06,76174.98,36977.55,39197.43
MISS-12075,AG-01,CLI-138,CAND-1120,Intérim IA/Data,Terminée,2026-07-20,2026-10-18,630,58.36,102.58,1.758,64623.83,36767.58,27856.25
MISS-12076,AG-14,CLI-122,CAND-1391,Intérim IA/Data,Terminée,2025-12-28,2026-01-17,140,44.73,84.28,1.884,11799.18,6262.32,5536.86
MISS-12077,AG-10,CLI-145,CAND-1196,Intérim IA/Data,Annulée,2024-10-20,2024-11-09,140,66.21,138.02,2.085,19323.31,9269.99,10053.32
MISS-12078,AG-04,CLI-111,CAND-1115,Intérim IA/Data,En cours,2025-12-24,2026-01-13,140,72.67,134.53,1.851,18834.87,10173.14,8661.73
MISS-12079,AG-03,CLI-131,CAND-1389,Intérim IA/Data,En cours,2026-04-21,2026-07-20,630,74.38,131.03,1.762,82550.53,46861.0,35689.53
MISS-12080,AG-09,CLI-100,CAND-1064,Intérim IA/Data,Terminée,2026-04-27,2026-05-07,70,69.01,133.1,1.929,9317.11,4831.0,4486.1
MISS-12081,AG-14,CLI-131,CAND-1069,Intérim IA/Data,Terminée,2025-05-17,2025-06-06,140,39.22,70.77,1.804,9907.31,5490.62,4416.69
MISS-12082,AG-09,CLI-126,CAND-1117,Intérim IA/Data,Terminée,2024-12-04,2024-12-14,70,40.46,84.15,2.08,5890.81,2832.49,3058.32
MISS-12083,AG-16,CLI-102,CAND-1105,Intérim IA/Data,Terminée,2025-12-21,2026-01-10,140,72.92,129.97,1.782,18195.5,10208.16,7987.34
MISS-12084,AG-19,CLI-152,CAND-1343,Intérim IA/Data,Terminée,2026-03-11,2026-03-21,70,47.44,89.91,1.895,6293.73,3320.66,2973.07
MISS-12085,AG-01,CLI-135,CAND-1401,Intérim IA/Data,Terminée,2025-12-28,2026-06-26,1260,45.63,89.15,1.954,112330.7,57497.48,54833.23
MISS-12086,AG-13,CLI-119,CAND-1368,Intérim IA/Data,En cours,2024-01-22,2024-02-01,70,61.46,116.25,1.892,8137.79,4302.05,3835.74
MISS-12087,AG-05,CLI-140,CAND-1040,Intérim IA/Data,En cours,2025-08-09,2025-08-29,140,56.8,101.09,1.78,14152.19,7952.25,6199.94
MISS-12088,AG-07,CLI-106,CAND-1244,Intérim IA/Data,Terminée,2025-12-11,2026-02-09,420,42.83,80.11,1.87,33644.76,17990.06,15654.7
MISS-12089,AG-01,CLI-127,CAND-1368,Intérim IA/Data,Terminée,2024-06-16,2024-07-06,140,35.21,64.2,1.823,8988.24,4929.54,4058.7
MISS-12090,AG-22,CLI-167,CAND-1055,Recrutement CDI,En cours,2025-04-23,2025-05-13,140,65.59,116.6,1.778,16323.7,9182.67,7141.03
MISS-12091,AG-16,CLI-154,CAND-1005,Intérim IA/Data,Terminée,2024-08-28,2024-10-27,420,57.47,101.03,1.758,42434.26,24137.04,18297.22
MISS-12092,AG-09,CLI-106,CAND-1023,Intérim IA/Data,Terminée,2025-03-13,2025-09-09,1260,68.41,123.95,1.812,156174.09,86194.05,69980.04
MISS-12093,AG-05,CLI-111,CAND-1337,Recrutement CDI,En cours,2024-07-09,2024-10-07,630,69.01,124.31,1.801,78312.47,43475.37,34837.1
MISS-12094,AG-11,CLI-117,CAND-1126,Intérim IA/Data,En cours,2026-04-22,2026-05-12,140,50.44,102.58,2.034,14361.32,7061.32,7300.0
MISS-12095,AG-07,CLI-119,CAND-1184,Recrutement CDI,Terminée,2025-07-27,2025-08-06,70,46.31,93.83,2.026,6568.3,3241.84,3326.46
MISS-12096,AG-19,CLI-154,CAND-1496,Intérim IA/Data,Terminée,2024-04-08,2024-06-07,420,70.61,136.01,1.926,57124.54,29656.17,27468.37
MISS-12097,AG-01,CLI-155,CAND-1022,Intérim IA/Data,En cours,2024-12-10,2025-03-10,630,45.51,87.86,1.931,55354.31,28670.17,26684.14
MISS-12098,AG-07,CLI-111,CAND-1208,Recrutement CDI,En cours,2024-11-22,2024-12-12,140,56.06,116.86,2.085,16360.91,7847.92,8512.99
MISS-12099,AG-02,CLI-119,CAND-1165,Intérim IA/Data,Annulée,2025-11-24,2026-01-23,420,54.87,108.6,1.979,45612.16,23046.37,22565.79
MISS-12100,AG-22,CLI-155,CAND-1257,Recrutement CDI,Terminée,2025-07-04,2025-12-31,1260,52.74,103.81,1.968,130801.33,66456.82,64344.5
MISS-12101,AG-08,CLI-134,CAND-1342,Intérim IA/Data,En cours,2026-01-14,2026-02-03,140,45.67,89.2,1.953,12487.43,6394.35,6093.07
MISS-12102,AG-11,CLI-179,CAND-1081,Intérim IA/Data,En cours,2024-05-24,2024-06-03,70,69.27,132.58,1.914,9280.75,4848.75,4432.0
MISS-12103,AG-02,CLI-163,CAND-1441,Intérim IA/Data,Terminée,2025-03-21,2025-04-10,140,73.54,141.58,1.925,19821.7,10295.85,9525.85
MISS-12104,AG-02,CLI-149,CAND-1368,Intérim IA/Data,En cours,2024-02-04,2024-05-04,630,33.31,69.69,2.092,43906.38,20983.81,22922.57
MISS-12105,AG-22,CLI-163,CAND-1440,Recrutement CDI,En cours,2025-12-15,2026-03-15,630,71.76,130.35,1.816,82119.75,45211.3,36908.45
MISS-12106,AG-09,CLI-132,CAND-1313,Intérim IA/Data,Terminée,2025-04-01,2025-04-11,70,36.91,71.11,1.927,4977.79,2583.74,2394.05
MISS-12107,AG-02,CLI-172,CAND-1473,Intérim IA/Data,Terminée,2024-07-28,2024-09-26,420,59.37,123.49,2.08,51864.66,24936.39,26928.28
MISS-12108,AG-02,CLI-117,CAND-1174,Intérim IA/Data,En cours,2026-07-02,2026-07-07,35,34.04,66.77,1.962,2337.0,1191.29,1145.71
MISS-12109,AG-06,CLI-157,CAND-1196,Management Transition,En cours,2026-07-19,2026-08-08,140,49.47,100.86,2.039,14120.07,6926.07,7194.0
MISS-12110,AG-07,CLI-178,CAND-1284,Intérim IA/Data,Annulée,2026-05-16,2026-05-26,70,43.71,77.06,1.763,5394.05,3059.94,2334.11
MISS-12111,AG-20,CLI-175,CAND-1029,Intérim IA/Data,En cours,2024-07-11,2024-07-31,140,50.87,96.16,1.89,13462.01,7121.14,6340.87
MISS-12112,AG-08,CLI-124,CAND-1333,Recrutement CDI,Terminée,2025-12-02,2025-12-22,140,54.68,100.02,1.829,14003.02,7654.93,6348.09
MISS-12113,AG-15,CLI-129,CAND-1192,Intérim IA/Data,Terminée,2024-04-30,2024-05-05,35,35.94,71.28,1.983,2494.76,1257.77,1236.99
MISS-12114,AG-15,CLI-116,CAND-1086,Intérim IA/Data,En cours,2026-02-23,2026-02-28,35,63.93,133.58,2.09,4675.29,2237.51,2437.78
MISS-12115,AG-12,CLI-101,CAND-1001,Intérim IA/Data,Terminée,2026-01-19,2026-07-18,1260,59.26,103.74,1.751,130717.47,74671.06,56046.41
MISS-12116,AG-08,CLI-144,CAND-1103,Intérim IA/Data,Terminée,2025-06-05,2025-06-25,140,48.72,92.36,1.896,12930.06,6820.9,6109.16
MISS-12117,AG-15,CLI-175,CAND-1291,Intérim IA/Data,En cours,2025-01-06,2025-03-07,420,42.59,86.42,2.029,36295.88,17887.47,18408.41
MISS-12118,AG-20,CLI-133,CAND-1421,Management Transition,Terminée,2025-04-26,2025-05-16,140,31.49,62.21,1.976,8709.94,4408.77,4301.17
MISS-12119,AG-18,CLI-151,CAND-1390,Recrutement CDI,Terminée,2024-04-17,2024-04-27,70,36.58,71.12,1.944,4978.21,2560.54,2417.67
MISS-12120,AG-10,CLI-154,CAND-1489,Recrutement CDI,Terminée,2025-08-02,2025-10-01,420,64.04,120.75,1.886,50716.44,26895.63,23820.81
MISS-12121,AG-16,CLI-178,CAND-1234,Recrutement CDI,En cours,2026-03-28,2026-09-24,1260,72.46,147.66,2.038,186050.09,91295.21,94754.88
MISS-12122,AG-06,CLI-130,CAND-1425,Intérim IA/Data,Terminée,2024-02-07,2024-02-12,35,35.03,70.8,2.021,2477.9,1226.03,1251.88
MISS-12123,AG-16,CLI-124,CAND-1099,Intérim IA/Data,Terminée,2025-04-26,2025-05-06,70,69.02,122.28,1.772,8559.67,4831.22,3728.45
MISS-12124,AG-19,CLI-160,CAND-1026,Intérim IA/Data,Terminée,2025-10-18,2025-11-07,140,48.47,93.09,1.921,13032.13,6785.51,6246.63
MISS-12125,AG-12,CLI-104,CAND-1039,Intérim IA/Data,En cours,2024-06-10,2024-08-09,420,50.26,94.68,1.884,39764.95,21109.5,18655.46
MISS-12126,AG-06,CLI-172,CAND-1307,Intérim IA/Data,En cours,2026-06-22,2026-07-02,70,41.3,86.14,2.086,6029.88,2890.98,3138.9
MISS-12127,AG-10,CLI-102,CAND-1339,Intérim IA/Data,Terminée,2024-11-14,2024-12-04,140,48.36,91.09,1.884,12752.93,6770.48,5982.45
MISS-12128,AG-04,CLI-102,CAND-1144,Intérim IA/Data,Terminée,2025-02-09,2025-04-10,420,64.76,133.65,2.064,56131.7,27198.02,28933.68
MISS-12129,AG-01,CLI-151,CAND-1199,Recrutement CDI,En cours,2025-02-13,2025-08-12,1260,47.18,91.23,1.934,114944.41,59442.16,55502.24
MISS-12130,AG-09,CLI-164,CAND-1317,Recrutement CDI,Terminée,2024-10-01,2024-10-21,140,65.16,120.31,1.846,16843.65,9122.65,7721.0
MISS-12131,AG-04,CLI-136,CAND-1309,Recrutement CDI,En cours,2025-04-04,2025-04-14,70,68.76,128.25,1.865,8977.74,4813.38,4164.36
MISS-12132,AG-06,CLI-176,CAND-1006,Recrutement CDI,Terminée,2025-03-19,2025-06-17,630,65.49,116.3,1.776,73269.13,41257.05,32012.08
MISS-12133,AG-13,CLI-158,CAND-1466,Recrutement CDI,Terminée,2025-12-24,2025-12-29,35,50.37,101.25,2.01,3543.83,1762.99,1780.85
MISS-12134,AG-06,CLI-112,CAND-1151,Intérim IA/Data,Terminée,2024-10-06,2024-10-16,70,52.19,94.49,1.81,6614.19,3653.24,2960.95
MISS-12135,AG-11,CLI-106,CAND-1497,Intérim IA/Data,En cours,2025-04-13,2025-04-23,70,71.29,144.05,2.021,10083.36,4990.01,5093.35
MISS-12136,AG-05,CLI-152,CAND-1185,Intérim IA/Data,Terminée,2024-04-13,2024-05-03,140,37.41,72.88,1.948,10203.59,5238.0,4965.59
MISS-12137,AG-18,CLI-147,CAND-1240,Management Transition,Terminée,2026-01-21,2026-02-10,140,58.27,105.47,1.81,14765.37,8157.56,6607.81
MISS-12138,AG-13,CLI-165,CAND-1237,Intérim IA/Data,Terminée,2025-09-23,2025-09-28,35,54.21,98.84,1.823,3459.55,1897.39,1562.15
MISS-12139,AG-16,CLI-170,CAND-1473,Recrutement CDI,En cours,2024-06-29,2024-07-19,140,41.67,83.37,2.001,11671.91,5834.16,5837.75
MISS-12140,AG-15,CLI-100,CAND-1167,Intérim IA/Data,Terminée,2026-06-10,2026-06-30,140,32.11,57.25,1.783,8015.01,4495.79,3519.22
MISS-12141,AG-19,CLI-177,CAND-1014,Intérim IA/Data,Terminée,2024-07-02,2024-08-31,420,52.25,94.57,1.81,39718.78,21945.19,17773.59
MISS-12142,AG-11,CLI-173,CAND-1313,Recrutement CDI,En cours,2025-01-17,2025-03-18,420,67.9,141.37,2.082,59374.83,28518.13,30856.7
MISS-12143,AG-03,CLI-170,CAND-1016,Intérim IA/Data,Terminée,2024-08-24,2024-09-03,70,34.14,65.25,1.911,4567.41,2389.77,2177.65
MISS-12144,AG-19,CLI-169,CAND-1310,Intérim IA/Data,En cours,2025-09-24,2025-10-04,70,35.16,64.08,1.822,4485.46,2461.48,2023.98
MISS-12145,AG-11,CLI-172,CAND-1199,Intérim IA/Data,Terminée,2024-08-18,2025-02-14,1260,56.31,115.23,2.046,145195.31,70948.46,74246.84
MISS-12146,AG-20,CLI-141,CAND-1148,Intérim IA/Data,Terminée,2024-08-07,2024-08-27,140,69.39,124.01,1.787,17360.72,9714.52,7646.2
MISS-12147,AG-18,CLI-138,CAND-1221,Intérim IA/Data,Terminée,2026-06-08,2026-09-06,630,58.62,108.53,1.851,68371.41,36928.8,31442.61
MISS-12148,AG-06,CLI-158,CAND-1296,Intérim IA/Data,Terminée,2024-07-21,2024-07-31,70,74.36,141.84,1.907,9928.6,5205.33,4723.27
MISS-12149,AG-21,CLI-165,CAND-1268,Intérim IA/Data,Terminée,2026-03-11,2026-03-21,70,47.8,96.37,2.016,6745.61,3345.73,3399.87
MISS-12150,AG-21,CLI-158,CAND-1205,Intérim IA/Data,Terminée,2024-04-15,2024-10-12,1260,35.07,71.37,2.035,89921.77,44187.56,45734.2
MISS-12151,AG-21,CLI-101,CAND-1174,Intérim IA/Data,Terminée,2025-06-18,2025-12-15,1260,41.32,86.11,2.084,108498.75,52065.98,56432.77
MISS-12152,AG-13,CLI-179,CAND-1246,Intérim IA/Data,En cours,2024-08-12,2024-11-10,630,66.59,128.6,1.931,81018.33,41951.89,39066.43
MISS-12153,AG-13,CLI-159,CAND-1117,Recrutement CDI,En cours,2024-08-07,2024-08-17,70,31.11,60.07,1.931,4205.18,2177.75,2027.43
MISS-12154,AG-08,CLI-137,CAND-1352,Management Transition,Terminée,2025-11-12,2026-05-11,1260,32.32,66.38,2.054,83644.66,40722.08,42922.58
MISS-12155,AG-20,CLI-134,CAND-1359,Intérim IA/Data,Terminée,2024-05-08,2024-11-04,1260,69.71,129.54,1.858,163217.31,87839.46,75377.85
MISS-12156,AG-17,CLI-128,CAND-1148,Intérim IA/Data,En cours,2025-08-03,2025-08-23,140,49.71,99.45,2.0,13923.25,6960.1,6963.16
MISS-12157,AG-14,CLI-172,CAND-1192,Intérim IA/Data,Terminée,2024-08-11,2024-10-10,420,70.72,133.72,1.891,56162.91,29700.99,26461.92
MISS-12158,AG-07,CLI-163,CAND-1383,Intérim IA/Data,Terminée,2024-05-12,2024-05-22,70,62.69,123.83,1.975,8668.3,4388.2,4280.11
MISS-12159,AG-08,CLI-157,CAND-1326,Intérim IA/Data,Terminée,2026-02-25,2026-03-07,70,30.55,53.71,1.758,3759.64,2138.78,1620.86
MISS-12160,AG-08,CLI-150,CAND-1184,Recrutement CDI,Terminée,2025-10-08,2026-04-06,1260,45.68,88.14,1.93,111061.9,57554.33,53507.57
MISS-12161,AG-11,CLI-151,CAND-1091,Intérim IA/Data,En cours,2024-06-02,2024-11-29,1260,69.76,143.08,2.051,180283.62,87894.23,92389.39
MISS-12162,AG-18,CLI-153,CAND-1152,Recrutement CDI,Terminée,2024-09-22,2024-10-12,140,60.32,117.45,1.947,16442.68,8444.64,7998.04
MISS-12163,AG-15,CLI-157,CAND-1227,Intérim IA/Data,En cours,2026-01-25,2026-07-24,1260,70.37,136.05,1.933,171420.46,88667.31,82753.16
MISS-12164,AG-14,CLI-103,CAND-1173,Intérim IA/Data,Terminée,2024-09-22,2025-03-21,1260,47.96,96.32,2.008,121362.58,60429.19,60933.39
MISS-12165,AG-05,CLI-168,CAND-1246,Intérim IA/Data,Terminée,2025-12-12,2026-01-01,140,57.55,101.35,1.761,14188.64,8056.45,6132.19
MISS-12166,AG-20,CLI-108,CAND-1402,Recrutement CDI,Terminée,2025-08-25,2025-09-04,70,31.08,63.12,2.031,4418.59,2175.34,2243.25
MISS-12167,AG-19,CLI-139,CAND-1036,Intérim IA/Data,Terminée,2024-05-23,2024-06-12,140,39.16,78.01,1.992,10920.88,5481.77,5439.11
MISS-12168,AG-14,CLI-124,CAND-1342,Intérim IA/Data,Terminée,2025-10-27,2026-01-25,630,38.18,71.35,1.869,44949.13,24051.29,20897.84
MISS-12169,AG-06,CLI-136,CAND-1450,Recrutement CDI,En cours,2026-04-12,2026-05-02,140,74.34,154.35,2.076,21609.14,10408.16,11200.98
MISS-12170,AG-03,CLI-121,CAND-1043,Management Transition,En cours,2026-03-04,2026-03-24,140,44.28,84.62,1.911,11846.27,6199.84,5646.43
MISS-12171,AG-03,CLI-168,CAND-1432,Intérim IA/Data,Terminée,2024-08-27,2024-10-26,420,35.83,62.83,1.754,26388.94,15047.76,11341.18
MISS-12172,AG-21,CLI-163,CAND-1383,Management Transition,Terminée,2025-01-20,2025-02-09,140,38.04,75.82,1.993,10614.74,5325.39,5289.35
MISS-12173,AG-13,CLI-130,CAND-1202,Recrutement CDI,Terminée,2024-09-14,2024-11-13,420,65.52,133.43,2.037,56041.05,27517.48,28523.58
MISS-12174,AG-16,CLI-174,CAND-1077,Management Transition,En cours,2024-09-29,2025-03-28,1260,70.72,132.69,1.876,167193.07,89109.63,78083.44
MISS-12175,AG-14,CLI-177,CAND-1465,Recrutement CDI,Terminée,2024-01-23,2024-02-02,70,45.18,80.17,1.775,5612.07,3162.56,2449.5
MISS-12176,AG-02,CLI-114,CAND-1488,Intérim IA/Data,Terminée,2026-04-16,2026-06-15,420,70.35,134.82,1.917,56624.34,29545.59,27078.75
MISS-12177,AG-18,CLI-170,CAND-1035,Intérim IA/Data,Terminée,2026-07-23,2026-09-21,420,41.62,85.6,2.057,35951.01,17480.8,18470.2
MISS-12178,AG-16,CLI-141,CAND-1373,Intérim IA/Data,Terminée,2024-03-08,2024-03-13,35,45.8,91.75,2.003,3211.1,1603.15,1607.95
MISS-12179,AG-09,CLI-144,CAND-1175,Intérim IA/Data,Terminée,2024-07-07,2024-07-27,140,55.73,104.01,1.866,14561.15,7802.12,6759.03
MISS-12180,AG-04,CLI-109,CAND-1074,Recrutement CDI,Terminée,2024-12-26,2025-03-26,630,47.48,88.36,1.861,55666.46,29912.65,25753.81
MISS-12181,AG-17,CLI-173,CAND-1496,Intérim IA/Data,Terminée,2025-09-21,2025-10-11,140,49.26,96.37,1.956,13491.51,6896.39,6595.12
MISS-12182,AG-17,CLI-129,CAND-1180,Intérim IA/Data,Terminée,2025-08-29,2025-09-08,70,34.63,69.98,2.021,4898.26,2424.04,2474.22
MISS-12183,AG-22,CLI-157,CAND-1216,Recrutement CDI,Terminée,2024-02-04,2024-02-14,70,72.98,134.75,1.846,9432.23,5108.28,4323.95
MISS-12184,AG-22,CLI-155,CAND-1445,Management Transition,Terminée,2025-01-11,2025-01-16,35,49.17,87.43,1.778,3060.1,1720.95,1339.15
MISS-12185,AG-13,CLI-143,CAND-1353,Recrutement CDI,Terminée,2024-09-30,2024-10-20,140,37.62,70.46,1.873,9864.89,5266.81,4598.08
MISS-12186,AG-10,CLI-147,CAND-1243,Intérim IA/Data,Annulée,2026-05-18,2026-05-23,35,73.65,133.7,1.815,4679.51,2577.61,2101.9
MISS-12187,AG-04,CLI-144,CAND-1197,Intérim IA/Data,Terminée,2025-07-31,2025-09-29,420,39.48,72.07,1.826,30270.34,16581.68,13688.67
MISS-12188,AG-19,CLI-131,CAND-1436,Intérim IA/Data,En cours,2024-01-26,2024-04-25,630,33.02,66.44,2.012,41859.64,20802.63,21057.0
MISS-12189,AG-22,CLI-118,CAND-1369,Recrutement CDI,Terminée,2026-05-04,2026-05-24,140,56.97,119.57,2.099,16740.47,7976.14,8764.33
MISS-12190,AG-07,CLI-105,CAND-1404,Recrutement CDI,En cours,2026-05-15,2026-11-11,1260,66.24,125.92,1.901,158657.3,83458.97,75198.33
MISS-12191,AG-16,CLI-125,CAND-1469,Intérim IA/Data,Terminée,2026-03-23,2026-06-21,630,65.76,121.96,1.855,76836.75,41426.61,35410.14
MISS-12192,AG-17,CLI-112,CAND-1027,Recrutement CDI,En cours,2025-06-27,2025-07-17,140,53.48,99.59,1.862,13943.08,7487.89,6455.19
MISS-12193,AG-01,CLI-175,CAND-1037,Intérim IA/Data,Terminée,2026-02-08,2026-02-28,140,60.53,107.3,1.773,15022.13,8474.02,6548.1
MISS-12194,AG-03,CLI-167,CAND-1254,Recrutement CDI,Terminée,2026-04-21,2026-10-18,1260,63.05,119.78,1.9,150918.47,79437.27,71481.2
MISS-12195,AG-02,CLI-149,CAND-1092,Intérim IA/Data,Terminée,2024-12-24,2025-01-13,140,45.19,80.99,1.792,11339.25,6326.69,5012.56
MISS-12196,AG-18,CLI-175,CAND-1472,Recrutement CDI,Terminée,2024-03-03,2024-03-23,140,47.12,97.57,2.071,13659.36,6596.49,7062.87
MISS-12197,AG-02,CLI-172,CAND-1315,Intérim IA/Data,Terminée,2025-01-05,2025-01-15,70,34.94,71.47,2.045,5002.59,2445.85,2556.75
MISS-12198,AG-19,CLI-115,CAND-1348,Intérim IA/Data,Terminée,2025-08-13,2025-08-18,35,62.36,124.3,1.993,4350.36,2182.64,2167.72
MISS-12199,AG-12,CLI-155,CAND-1427,Recrutement CDI,En cours,2025-07-14,2025-09-12,420,45.87,93.84,2.046,39413.13,19266.06,20147.07
MISS-12200,AG-19,CLI-162,CAND-1259,Intérim IA/Data,Terminée,2024-10-30,2024-12-29,420,55.69,115.66,2.077,48578.95,23388.11,25190.83
MISS-12201,AG-21,CLI-132,CAND-1080,Intérim IA/Data,Terminée,2024-08-01,2024-10-30,630,58.35,110.84,1.9,69831.83,36757.56,33074.26
MISS-12202,AG-21,CLI-104,CAND-1395,Intérim IA/Data,En cours,2025-12-07,2026-02-05,420,31.34,55.3,1.765,23227.66,13162.31,10065.35
MISS-12203,AG-07,CLI-114,CAND-1072,Intérim IA/Data,Terminée,2026-03-19,2026-04-08,140,32.8,64.23,1.958,8991.51,4592.38,4399.13
MISS-12204,AG-18,CLI-112,CAND-1086,Intérim IA/Data,Terminée,2025-01-13,2025-01-23,70,31.47,59.38,1.887,4156.36,2202.86,1953.5
MISS-12205,AG-21,CLI-160,CAND-1258,Intérim IA/Data,Terminée,2024-05-30,2024-06-19,140,65.82,137.85,2.094,19299.0,9215.02,10083.98
MISS-12206,AG-10,CLI-114,CAND-1478,Recrutement CDI,Terminée,2026-08-01,2026-08-21,140,67.32,121.83,1.81,17055.7,9424.84,7630.86
MISS-12207,AG-16,CLI-133,CAND-1350,Intérim IA/Data,En cours,2026-03-31,2026-05-30,420,62.24,110.22,1.771,46292.68,26139.65,20153.02
MISS-12208,AG-10,CLI-106,CAND-1037,Intérim IA/Data,Terminée,2024-12-08,2025-02-06,420,39.78,81.09,2.038,34055.96,16709.01,17346.95
MISS-12209,AG-20,CLI-178,CAND-1445,Intérim IA/Data,Terminée,2024-05-12,2024-05-22,70,44.82,80.02,1.786,5601.68,3137.3,2464.38
MISS-12210,AG-09,CLI-138,CAND-1298,Recrutement CDI,Terminée,2024-12-25,2025-01-14,140,68.53,130.17,1.899,18224.27,9594.74,8629.53
MISS-12211,AG-01,CLI-135,CAND-1035,Management Transition,Terminée,2026-02-19,2026-05-20,630,46.83,85.51,1.826,53871.42,29501.42,24370.01
MISS-12212,AG-20,CLI-163,CAND-1065,Intérim IA/Data,Terminée,2024-02-11,2024-04-11,420,49.36,86.67,1.756,36401.62,20732.24,15669.38
MISS-12213,AG-09,CLI-126,CAND-1148,Recrutement CDI,Terminée,2025-03-21,2025-04-10,140,63.92,132.24,2.069,18513.36,8949.04,9564.32
MISS-12214,AG-01,CLI-155,CAND-1413,Intérim IA/Data,Annulée,2024-02-07,2024-02-27,140,49.4,99.25,2.009,13895.03,6916.16,6978.87
MISS-12215,AG-21,CLI-143,CAND-1392,Intérim IA/Data,En cours,2026-01-17,2026-02-06,140,36.03,63.6,1.765,8903.64,5044.17,3859.46
MISS-12216,AG-15,CLI-155,CAND-1113,Intérim IA/Data,Annulée,2024-08-29,2024-09-08,70,40.46,80.0,1.977,5600.26,2832.17,2768.09
MISS-12217,AG-11,CLI-164,CAND-1421,Management Transition,Terminée,2026-07-02,2026-07-07,35,35.61,66.81,1.876,2338.21,1246.31,1091.9
MISS-12218,AG-18,CLI-155,CAND-1082,Intérim IA/Data,Annulée,2024-06-08,2024-06-18,70,45.16,89.65,1.985,6275.28,3161.31,3113.97
MISS-12219,AG-06,CLI-138,CAND-1457,Management Transition,Terminée,2024-01-15,2024-01-25,70,40.1,80.95,2.019,5666.64,2807.26,2859.39
MISS-12220,AG-12,CLI-136,CAND-1386,Intérim IA/Data,Terminée,2025-06-19,2025-07-09,140,71.05,134.7,1.896,18858.22,9946.49,8911.74
MISS-12221,AG-12,CLI-120,CAND-1023,Intérim IA/Data,Terminée,2024-10-27,2024-11-16,140,55.41,103.76,1.873,14526.01,7756.98,6769.02
MISS-12222,AG-07,CLI-131,CAND-1299,Intérim IA/Data,Terminée,2026-02-18,2026-08-17,1260,65.67,137.19,2.089,172854.59,82743.32,90111.28
MISS-12223,AG-20,CLI-158,CAND-1382,Intérim IA/Data,Terminée,2026-01-01,2026-01-11,70,72.42,129.49,1.788,9064.59,5069.44,3995.15
MISS-12224,AG-21,CLI-117,CAND-1042,Management Transition,Terminée,2025-09-27,2025-10-07,70,36.46,75.82,2.08,5307.72,2552.09,2755.62
MISS-12225,AG-01,CLI-134,CAND-1069,Intérim IA/Data,Terminée,2024-06-14,2024-06-24,70,58.11,106.45,1.832,7451.84,4067.71,3384.12
MISS-12226,AG-06,CLI-106,CAND-1378,Intérim IA/Data,Terminée,2025-03-24,2025-04-03,70,37.91,77.85,2.053,5449.56,2653.83,2795.73
MISS-12227,AG-18,CLI-141,CAND-1472,Intérim IA/Data,Terminée,2025-08-27,2025-11-25,630,40.05,73.11,1.825,46057.26,25234.26,20823.0
MISS-12228,AG-20,CLI-168,CAND-1262,Intérim IA/Data,Terminée,2024-11-09,2025-01-08,420,66.14,121.49,1.837,51026.97,27777.28,23249.69
MISS-12229,AG-15,CLI-130,CAND-1400,Intérim IA/Data,Terminée,2024-11-08,2025-05-07,1260,51.47,104.12,2.023,131193.3,64848.59,66344.7
MISS-12230,AG-15,CLI-167,CAND-1267,Recrutement CDI,Terminée,2026-02-14,2026-04-15,420,45.56,94.58,2.076,39723.09,19135.37,20587.71
MISS-12231,AG-15,CLI-153,CAND-1234,Recrutement CDI,Terminée,2026-02-24,2026-03-06,70,60.72,120.74,1.989,8451.97,4250.34,4201.63
MISS-12232,AG-14,CLI-100,CAND-1277,Recrutement CDI,Terminée,2026-04-15,2026-05-05,140,35.69,70.74,1.982,9903.8,4996.48,4907.32
MISS-12233,AG-15,CLI-155,CAND-1387,Intérim IA/Data,En cours,2026-07-14,2026-10-12,630,41.47,75.66,1.824,47666.03,26126.02,21540.01
MISS-12234,AG-05,CLI-101,CAND-1099,Intérim IA/Data,Terminée,2025-09-21,2025-10-11,140,73.94,136.51,1.846,19111.27,10351.77,8759.5
MISS-12235,AG-01,CLI-128,CAND-1013,Management Transition,En cours,2024-12-07,2024-12-27,140,32.12,62.98,1.961,8817.22,4496.13,4321.09
MISS-12236,AG-17,CLI-126,CAND-1013,Intérim IA/Data,Terminée,2024-01-04,2024-04-03,630,35.87,68.77,1.918,43326.96,22595.49,20731.47
MISS-12237,AG-03,CLI-103,CAND-1130,Intérim IA/Data,Terminée,2026-03-16,2026-03-26,70,73.73,146.59,1.988,10261.4,5161.34,5100.05
MISS-12238,AG-16,CLI-132,CAND-1320,Recrutement CDI,En cours,2025-12-30,2026-02-28,420,33.6,70.36,2.094,29551.32,14113.95,15437.37
MISS-12239,AG-17,CLI-115,CAND-1394,Intérim IA/Data,Terminée,2026-03-04,2026-05-03,420,30.74,59.69,1.942,25070.02,12911.18,12158.84
MISS-12240,AG-16,CLI-176,CAND-1102,Intérim IA/Data,Terminée,2024-02-10,2024-04-10,420,57.09,110.69,1.939,46489.54,23978.63,22510.91
MISS-12241,AG-21,CLI-112,CAND-1257,Management Transition,Terminée,2024-06-15,2024-06-20,35,49.8,97.64,1.961,3417.26,1742.99,1674.27
MISS-12242,AG-13,CLI-117,CAND-1431,Intérim IA/Data,Terminée,2026-03-15,2026-05-14,420,50.74,99.41,1.959,41751.86,21312.86,20438.99
MISS-12243,AG-19,CLI-135,CAND-1064,Intérim IA/Data,Terminée,2024-12-22,2024-12-27,35,59.98,115.56,1.927,4044.57,2099.42,1945.15
MISS-12244,AG-07,CLI-123,CAND-1012,Intérim IA/Data,En cours,2026-01-15,2026-02-04,140,51.71,101.83,1.969,14255.89,7239.12,7016.78
MISS-12245,AG-13,CLI-138,CAND-1304,Intérim IA/Data,Terminée,2025-10-11,2025-10-21,70,62.45,111.64,1.788,7814.52,4371.32,3443.2
MISS-12246,AG-08,CLI-178,CAND-1425,Intérim IA/Data,Terminée,2025-05-07,2025-05-17,70,50.63,99.99,1.975,6999.54,3544.12,3455.42
MISS-12247,AG-07,CLI-129,CAND-1412,Intérim IA/Data,Terminée,2026-05-08,2026-05-28,140,32.13,61.97,1.929,8675.15,4497.76,4177.39
MISS-12248,AG-08,CLI-126,CAND-1204,Intérim IA/Data,Terminée,2024-07-10,2024-07-20,70,35.6,69.71,1.958,4879.91,2492.24,2387.67
MISS-12249,AG-13,CLI-109,CAND-1288,Intérim IA/Data,Terminée,2024-12-21,2025-01-10,140,34.12,67.41,1.976,9437.3,4776.73,4660.57
MISS-12250,AG-18,CLI-125,CAND-1419,Intérim IA/Data,Terminée,2025-10-06,2025-10-16,70,61.55,108.54,1.764,7597.85,4308.2,3289.65
MISS-12251,AG-20,CLI-107,CAND-1023,Intérim IA/Data,En cours,2024-01-01,2024-01-21,140,64.91,128.87,1.985,18042.23,9087.84,8954.39
MISS-12252,AG-09,CLI-124,CAND-1398,Intérim IA/Data,Terminée,2024-08-20,2024-11-18,630,50.84,98.24,1.932,61893.7,32032.0,29861.69
MISS-12253,AG-02,CLI-109,CAND-1218,Intérim IA/Data,Terminée,2024-12-24,2024-12-29,35,39.55,76.84,1.943,2689.27,1384.38,1304.88
MISS-12254,AG-22,CLI-124,CAND-1429,Intérim IA/Data,Terminée,2025-01-05,2025-01-15,70,47.05,88.03,1.871,6162.2,3293.83,2868.37
MISS-12255,AG-11,CLI-106,CAND-1062,Intérim IA/Data,Terminée,2026-05-24,2026-06-03,70,61.7,129.18,2.094,9042.43,4319.25,4723.18
MISS-12256,AG-04,CLI-144,CAND-1155,Management Transition,Terminée,2024-03-30,2024-09-26,1260,38.93,80.39,2.065,101295.76,49051.96,52243.8
MISS-12257,AG-05,CLI-148,CAND-1189,Intérim IA/Data,Terminée,2026-07-24,2026-09-22,420,72.94,144.33,1.979,60616.98,30636.6,29980.38
MISS-12258,AG-01,CLI-150,CAND-1031,Management Transition,Terminée,2026-01-03,2026-04-03,630,38.01,66.98,1.762,42197.1,23946.87,18250.23
MISS-12259,AG-18,CLI-137,CAND-1272,Intérim IA/Data,Terminée,2025-04-29,2025-07-28,630,50.33,97.5,1.937,61426.17,31706.52,29719.66
MISS-12260,AG-05,CLI-106,CAND-1110,Intérim IA/Data,Annulée,2024-06-20,2024-07-10,140,50.81,99.08,1.95,13871.15,7113.18,6757.96
MISS-12261,AG-07,CLI-160,CAND-1326,Intérim IA/Data,Terminée,2024-12-09,2025-06-07,1260,74.6,146.62,1.965,184738.56,94002.1,90736.46
MISS-12262,AG-01,CLI-134,CAND-1252,Recrutement CDI,Terminée,2026-02-14,2026-04-15,420,31.21,64.43,2.064,27061.43,13110.29,13951.14
MISS-12263,AG-09,CLI-176,CAND-1129,Recrutement CDI,En cours,2024-03-24,2024-04-03,70,70.31,127.13,1.808,8899.44,4921.67,3977.77
MISS-12264,AG-06,CLI-161,CAND-1003,Management Transition,Terminée,2025-10-19,2025-11-08,140,43.73,86.97,1.988,12175.14,6122.87,6052.27
MISS-12265,AG-19,CLI-129,CAND-1007,Intérim IA/Data,Annulée,2024-09-20,2024-09-25,35,44.25,77.86,1.759,2724.97,1548.73,1176.24
MISS-12266,AG-10,CLI-109,CAND-1145,Intérim IA/Data,Terminée,2024-07-02,2024-07-22,140,48.72,87.27,1.791,12217.72,6820.72,5396.99
MISS-12267,AG-22,CLI-141,CAND-1383,Intérim IA/Data,Terminée,2026-05-19,2026-06-08,140,52.46,107.83,2.055,15095.52,7344.4,7751.12
MISS-12268,AG-11,CLI-142,CAND-1403,Intérim IA/Data,En cours,2024-02-16,2024-05-16,630,65.66,123.43,1.88,77762.86,41367.86,36395.0
MISS-12269,AG-14,CLI-135,CAND-1019,Recrutement CDI,En cours,2026-06-24,2026-07-04,70,33.59,66.78,1.988,4674.93,2351.18,2323.75
MISS-12270,AG-09,CLI-109,CAND-1284,Recrutement CDI,Terminée,2024-11-10,2025-02-08,630,59.35,104.9,1.767,66086.29,37389.97,28696.32
MISS-12271,AG-07,CLI-156,CAND-1042,Intérim IA/Data,Terminée,2024-09-22,2024-10-02,70,68.1,119.4,1.753,8358.18,4767.25,3590.92
MISS-12272,AG-13,CLI-143,CAND-1024,Intérim IA/Data,Terminée,2024-03-19,2024-05-18,420,54.4,102.54,1.885,43068.8,22849.65,20219.15
MISS-12273,AG-12,CLI-138,CAND-1396,Intérim IA/Data,Terminée,2025-12-02,2025-12-22,140,56.35,109.16,1.937,15282.47,7889.2,7393.27
MISS-12274,AG-04,CLI-170,CAND-1121,Management Transition,Terminée,2025-11-05,2025-11-10,35,48.6,90.94,1.871,3182.81,1701.15,1481.66
MISS-12275,AG-16,CLI-100,CAND-1046,Intérim IA/Data,Terminée,2024-08-17,2024-08-27,70,69.77,126.52,1.813,8856.07,4883.93,3972.14
MISS-12276,AG-14,CLI-100,CAND-1406,Intérim IA/Data,Terminée,2024-10-17,2025-04-15,1260,63.74,127.15,1.995,160214.58,80311.94,79902.64
MISS-12277,AG-05,CLI-155,CAND-1442,Intérim IA/Data,En cours,2024-10-25,2024-12-24,420,47.33,94.86,2.004,39839.62,19879.51,19960.11
MISS-12278,AG-20,CLI-144,CAND-1177,Recrutement CDI,Terminée,2024-02-20,2024-03-11,140,35.59,65.59,1.843,9182.79,4983.01,4199.78
MISS-12279,AG-10,CLI-152,CAND-1283,Intérim IA/Data,Terminée,2026-03-08,2026-06-06,630,51.92,100.63,1.938,63396.86,32708.53,30688.32
MISS-12280,AG-01,CLI-111,CAND-1095,Intérim IA/Data,Terminée,2026-04-20,2026-04-30,70,51.79,108.18,2.089,7572.89,3625.07,3947.82
MISS-12281,AG-16,CLI-100,CAND-1455,Intérim IA/Data,Terminée,2026-07-01,2026-07-21,140,67.4,124.29,1.844,17400.2,9436.6,7963.6
MISS-12282,AG-17,CLI-164,CAND-1183,Intérim IA/Data,Terminée,2025-06-17,2025-12-14,1260,58.46,121.64,2.081,153268.09,73661.66,79606.43
MISS-12283,AG-07,CLI-143,CAND-1370,Intérim IA/Data,Terminée,2025-09-27,2025-10-17,140,31.82,62.8,1.973,8791.6,4454.84,4336.75
MISS-12284,AG-04,CLI-118,CAND-1056,Recrutement CDI,Terminée,2025-08-29,2025-09-08,70,53.51,99.65,1.862,6975.31,3745.65,3229.66
MISS-12285,AG-04,CLI-147,CAND-1039,Intérim IA/Data,Annulée,2025-12-16,2026-02-14,420,55.46,100.64,1.815,42268.69,23291.13,18977.56
MISS-12286,AG-08,CLI-143,CAND-1196,Intérim IA/Data,Terminée,2025-12-27,2026-01-16,140,52.68,96.96,1.84,13573.96,7375.59,6198.37
MISS-12287,AG-19,CLI-142,CAND-1055,Intérim IA/Data,En cours,2026-03-24,2026-04-13,140,49.0,86.07,1.757,12049.49,6859.46,5190.02
MISS-12288,AG-14,CLI-167,CAND-1104,Recrutement CDI,Terminée,2025-08-07,2026-02-03,1260,68.86,126.11,1.831,158896.56,86767.05,72129.51
MISS-12289,AG-03,CLI-164,CAND-1344,Intérim IA/Data,Terminée,2024-01-06,2024-01-26,140,40.97,79.33,1.936,11105.93,5736.0,5369.93
MISS-12290,AG-17,CLI-112,CAND-1150,Intérim IA/Data,Terminée,2025-08-15,2025-08-25,70,48.53,94.58,1.949,6620.42,3397.38,3223.04
MISS-12291,AG-16,CLI-110,CAND-1349,Intérim IA/Data,Terminée,2026-01-01,2026-01-06,35,47.96,88.5,1.845,3097.37,1678.52,1418.85
MISS-12292,AG-12,CLI-125,CAND-1336,Intérim IA/Data,En cours,2024-01-31,2024-02-20,140,61.83,126.29,2.042,17680.04,8656.84,9023.2
MISS-12293,AG-05,CLI-158,CAND-1354,Intérim IA/Data,Terminée,2025-04-12,2025-06-11,420,40.48,80.58,1.991,33844.46,17002.96,16841.5
MISS-12294,AG-09,CLI-104,CAND-1470,Recrutement CDI,Terminée,2025-03-02,2025-03-22,140,34.23,61.5,1.797,8609.93,4791.69,3818.24
MISS-12295,AG-04,CLI-164,CAND-1180,Management Transition,En cours,2025-08-30,2025-09-19,140,44.98,91.88,2.043,12863.78,6297.71,6566.07
MISS-12296,AG-01,CLI-126,CAND-1373,Intérim IA/Data,En cours,2024-12-10,2025-06-08,1260,37.6,68.86,1.832,86759.09,47369.88,39389.21
MISS-12297,AG-05,CLI-174,CAND-1149,Intérim IA/Data,En cours,2025-10-04,2025-10-09,35,46.72,93.98,2.012,3289.36,1635.03,1654.34
MISS-12298,AG-20,CLI-170,CAND-1038,Intérim IA/Data,Terminée,2025-09-25,2025-10-05,70,32.26,64.3,1.993,4500.69,2258.06,2242.63
MISS-12299,AG-18,CLI-167,CAND-1412,Intérim IA/Data,En cours,2024-08-25,2024-10-24,420,43.41,87.36,2.012,36690.46,18234.24,18456.22
MISS-12300,AG-20,CLI-111,CAND-1374,Intérim IA/Data,Terminée,2025-04-06,2025-04-11,35,70.23,133.26,1.898,4664.12,2457.99,2206.13
MISS-12301,AG-06,CLI-174,CAND-1197,Recrutement CDI,Terminée,2024-06-29,2024-07-19,140,64.54,126.35,1.958,17688.34,9035.8,8652.54
MISS-12302,AG-14,CLI-169,CAND-1050,Intérim IA/Data,Terminée,2024-02-12,2024-02-22,70,63.74,129.98,2.039,9098.88,4461.62,4637.25
MISS-12303,AG-20,CLI-120,CAND-1301,Intérim IA/Data,Terminée,2026-03-21,2026-04-10,140,62.87,115.26,1.833,16136.83,8801.39,7335.44
MISS-12304,AG-16,CLI-126,CAND-1009,Recrutement CDI,Terminée,2024-06-11,2024-08-10,420,56.66,109.4,1.931,45949.6,23797.08,22152.52
MISS-12305,AG-09,CLI-159,CAND-1481,Intérim IA/Data,Terminée,2025-02-16,2025-04-17,420,47.81,99.88,2.089,41950.71,20078.9,21871.81
MISS-12306,AG-14,CLI-113,CAND-1052,Recrutement CDI,Terminée,2024-07-17,2024-10-15,630,58.69,112.14,1.911,70645.57,36974.0,33671.57
MISS-12307,AG-06,CLI-123,CAND-1416,Intérim IA/Data,Terminée,2026-06-09,2026-09-07,630,36.12,75.54,2.091,47590.13,22756.04,24834.09
MISS-12308,AG-18,CLI-170,CAND-1301,Intérim IA/Data,Terminée,2025-02-05,2025-02-10,35,54.11,110.4,2.04,3864.0,1893.96,1970.04
MISS-12309,AG-14,CLI-108,CAND-1366,Management Transition,Terminée,2025-07-26,2025-08-05,70,40.53,76.61,1.89,5362.9,2836.88,2526.03
MISS-12310,AG-14,CLI-140,CAND-1301,Intérim IA/Data,En cours,2024-01-19,2024-04-18,630,44.17,89.87,2.035,56620.62,27824.58,28796.05
MISS-12311,AG-03,CLI-174,CAND-1472,Intérim IA/Data,Terminée,2024-03-07,2024-03-27,140,57.59,116.79,2.028,16350.06,8062.43,8287.63
MISS-12312,AG-10,CLI-120,CAND-1440,Intérim IA/Data,Terminée,2024-05-10,2024-05-30,140,34.23,62.21,1.817,8710.08,4792.76,3917.31
MISS-12313,AG-22,CLI-145,CAND-1141,Recrutement CDI,Terminée,2026-06-18,2026-08-17,420,65.22,116.14,1.781,48776.99,27391.82,21385.16
MISS-12314,AG-09,CLI-166,CAND-1401,Recrutement CDI,En cours,2025-05-27,2025-07-26,420,46.95,84.4,1.798,35447.7,19717.3,15730.4
MISS-12315,AG-07,CLI-165,CAND-1015,Intérim IA/Data,Terminée,2025-07-27,2026-01-23,1260,54.41,100.12,1.84,126151.99,68550.31,57601.69
MISS-12316,AG-09,CLI-106,CAND-1140,Intérim IA/Data,Terminée,2024-01-26,2024-02-05,70,52.96,109.63,2.07,7674.13,3707.39,3966.74
MISS-12317,AG-09,CLI-153,CAND-1344,Recrutement CDI,En cours,2025-06-25,2025-07-15,140,53.61,95.5,1.781,13370.01,7505.44,5864.57
MISS-12318,AG-15,CLI-138,CAND-1112,Intérim IA/Data,Terminée,2024-01-28,2024-03-28,420,31.77,63.31,1.993,26589.92,13343.18,13246.74
MISS-12319,AG-13,CLI-120,CAND-1475,Intérim IA/Data,Terminée,2026-06-08,2026-09-06,630,65.38,124.75,1.908,78591.67,41188.3,37403.37
MISS-12320,AG-12,CLI-106,CAND-1378,Intérim IA/Data,Terminée,2025-01-04,2025-03-05,420,53.97,107.57,1.993,45178.39,22667.93,22510.46
MISS-12321,AG-07,CLI-167,CAND-1063,Intérim IA/Data,Terminée,2026-05-18,2026-05-23,35,43.49,86.41,1.987,3024.43,1522.2,1502.23
MISS-12322,AG-05,CLI-104,CAND-1139,Intérim IA/Data,En cours,2024-08-28,2024-09-17,140,36.75,67.15,1.827,9400.63,5144.43,4256.2
MISS-12323,AG-02,CLI-105,CAND-1015,Intérim IA/Data,En cours,2024-06-10,2024-08-09,420,65.64,134.66,2.052,56557.29,27567.97,28989.32
MISS-12324,AG-14,CLI-136,CAND-1452,Recrutement CDI,Terminée,2025-02-27,2025-03-19,140,41.05,81.83,1.993,11455.94,5746.66,5709.27
MISS-12325,AG-08,CLI-179,CAND-1024,Intérim IA/Data,Terminée,2026-04-05,2026-06-04,420,49.55,93.87,1.895,39426.76,20810.27,18616.49
MISS-12326,AG-11,CLI-129,CAND-1121,Intérim IA/Data,Terminée,2024-03-29,2024-06-27,630,67.74,135.89,2.006,85608.03,42675.14,42932.89
MISS-12327,AG-02,CLI-134,CAND-1342,Recrutement CDI,Annulée,2025-04-14,2025-05-04,140,51.4,94.94,1.847,13291.44,7195.72,6095.71
MISS-12328,AG-21,CLI-131,CAND-1476,Intérim IA/Data,Terminée,2025-06-29,2025-08-28,420,40.45,78.12,1.931,32810.63,16989.45,15821.18
MISS-12329,AG-03,CLI-167,CAND-1368,Intérim IA/Data,Terminée,2025-06-09,2025-12-06,1260,38.18,68.91,1.805,86826.33,48101.77,38724.56
MISS-12330,AG-13,CLI-167,CAND-1199,Recrutement CDI,Terminée,2024-09-01,2024-10-31,420,36.34,65.2,1.794,27384.29,15261.17,12123.12
MISS-12331,AG-07,CLI-101,CAND-1068,Intérim IA/Data,Terminée,2025-02-01,2025-02-21,140,39.59,74.56,1.883,10437.95,5542.16,4895.79
MISS-12332,AG-08,CLI-171,CAND-1038,Intérim IA/Data,En cours,2024-10-30,2024-11-04,35,63.41,130.78,2.063,4577.4,2219.22,2358.18
MISS-12333,AG-08,CLI-121,CAND-1063,Management Transition,Terminée,2024-10-04,2025-04-02,1260,71.47,125.42,1.755,158027.64,90058.41,67969.23
MISS-12334,AG-10,CLI-100,CAND-1200,Intérim IA/Data,En cours,2025-10-01,2026-03-30,1260,48.36,90.06,1.862,113481.3,60935.16,52546.14
MISS-12335,AG-21,CLI-143,CAND-1258,Intérim IA/Data,Terminée,2025-09-02,2025-09-12,70,68.76,132.79,1.931,9295.2,4813.33,4481.87
MISS-12336,AG-16,CLI-166,CAND-1420,Intérim IA/Data,En cours,2024-11-15,2025-01-14,420,38.07,70.15,1.843,29464.3,15991.45,13472.85
MISS-12337,AG-14,CLI-170,CAND-1136,Intérim IA/Data,Terminée,2025-02-13,2025-03-05,140,67.51,134.56,1.993,18837.79,9451.39,9386.4
MISS-12338,AG-19,CLI-113,CAND-1039,Recrutement CDI,Terminée,2025-12-17,2025-12-27,70,63.46,121.68,1.917,8517.48,4442.52,4074.96
MISS-12339,AG-16,CLI-172,CAND-1006,Intérim IA/Data,En cours,2026-01-26,2026-03-27,420,67.07,118.7,1.77,49852.9,28171.1,21681.8
MISS-12340,AG-01,CLI-149,CAND-1411,Intérim IA/Data,Terminée,2025-12-18,2026-06-16,1260,50.89,100.33,1.972,126417.66,64121.36,62296.29
MISS-12341,AG-09,CLI-158,CAND-1270,Intérim IA/Data,Terminée,2025-05-25,2025-06-04,70,57.79,119.06,2.06,8334.49,4045.56,4288.93
MISS-12342,AG-20,CLI-129,CAND-1236,Recrutement CDI,Terminée,2024-09-26,2024-10-16,140,57.17,109.2,1.91,15288.53,8003.56,7284.97
MISS-12343,AG-19,CLI-154,CAND-1387,Management Transition,Terminée,2025-08-15,2025-09-04,140,54.42,112.69,2.071,15777.22,7618.87,8158.35
MISS-12344,AG-14,CLI-105,CAND-1489,Recrutement CDI,Terminée,2024-01-27,2024-02-01,35,42.36,85.43,2.017,2990.08,1482.74,1507.34
MISS-12345,AG-01,CLI-152,CAND-1177,Intérim IA/Data,Annulée,2026-04-27,2026-05-02,35,70.96,129.91,1.831,4546.73,2483.76,2062.97
MISS-12346,AG-21,CLI-115,CAND-1467,Management Transition,En cours,2025-04-24,2025-06-23,420,31.5,66.13,2.1,27774.19,13228.45,14545.75
MISS-12347,AG-17,CLI-124,CAND-1411,Intérim IA/Data,Terminée,2025-04-11,2025-05-01,140,31.78,56.64,1.782,7929.46,4449.23,3480.23
MISS-12348,AG-21,CLI-113,CAND-1252,Intérim IA/Data,En cours,2026-02-28,2026-03-20,140,41.27,75.83,1.838,10616.82,5777.44,4839.38
MISS-12349,AG-10,CLI-111,CAND-1462,Recrutement CDI,En cours,2024-06-10,2024-06-30,140,68.45,128.09,1.871,17933.06,9582.49,8350.57
MISS-12350,AG-01,CLI-131,CAND-1007,Intérim IA/Data,Terminée,2026-01-01,2026-03-02,420,53.37,104.82,1.964,44023.15,22414.08,21609.07
MISS-12351,AG-03,CLI-154,CAND-1025,Recrutement CDI,En cours,2026-03-14,2026-05-13,420,68.88,140.52,2.04,59019.89,28928.57,30091.32
MISS-12352,AG-22,CLI-107,CAND-1317,Intérim IA/Data,Terminée,2025-12-16,2026-06-14,1260,38.45,72.34,1.881,91146.76,48451.51,42695.25
MISS-12353,AG-08,CLI-148,CAND-1073,Management Transition,Terminée,2026-02-09,2026-02-19,70,44.3,80.37,1.814,5625.93,3101.33,2524.6
MISS-12354,AG-05,CLI-156,CAND-1438,Intérim IA/Data,Terminée,2025-12-18,2026-01-07,140,31.93,57.15,1.79,8001.36,4470.66,3530.69
MISS-12355,AG-08,CLI-158,CAND-1416,Intérim IA/Data,Terminée,2026-06-25,2026-07-15,140,62.36,120.99,1.94,16938.74,8730.44,8208.29
MISS-12356,AG-08,CLI-137,CAND-1400,Management Transition,Terminée,2024-06-01,2024-06-21,140,64.38,132.12,2.052,18496.99,9012.77,9484.22
MISS-12357,AG-18,CLI-129,CAND-1289,Recrutement CDI,Annulée,2026-01-22,2026-02-11,140,63.43,131.78,2.078,18449.14,8879.76,9569.38
MISS-12358,AG-12,CLI-140,CAND-1202,Intérim IA/Data,Terminée,2024-03-03,2024-06-01,630,69.61,138.09,1.984,86999.8,43852.88,43146.92
MISS-12359,AG-18,CLI-136,CAND-1161,Intérim IA/Data,En cours,2024-11-15,2024-11-25,70,41.79,81.12,1.941,5678.28,2925.35,2752.93
MISS-12360,AG-07,CLI-113,CAND-1359,Intérim IA/Data,Annulée,2024-05-18,2024-08-16,630,65.64,127.13,1.937,80090.61,41354.78,38735.84
MISS-12361,AG-19,CLI-114,CAND-1449,Intérim IA/Data,En cours,2025-11-27,2026-02-25,630,37.88,79.17,2.09,49874.18,23863.82,26010.36
MISS-12362,AG-09,CLI-145,CAND-1491,Intérim IA/Data,Terminée,2024-03-27,2024-09-23,1260,65.18,136.22,2.09,171633.72,82130.7,89503.02
MISS-12363,AG-19,CLI-113,CAND-1228,Intérim IA/Data,Terminée,2025-04-20,2025-05-10,140,65.57,121.1,1.847,16954.31,9179.95,7774.36
MISS-12364,AG-11,CLI-143,CAND-1369,Intérim IA/Data,Terminée,2025-10-25,2025-11-14,140,40.24,80.22,1.994,11231.19,5633.19,5598.0
MISS-12365,AG-05,CLI-116,CAND-1297,Intérim IA/Data,Terminée,2025-02-01,2025-07-31,1260,33.83,65.66,1.941,82729.47,42619.79,40109.68
MISS-12366,AG-12,CLI-104,CAND-1429,Recrutement CDI,Terminée,2024-12-17,2025-01-06,140,39.63,78.66,1.985,11011.74,5548.77,5462.97
MISS-12367,AG-16,CLI-147,CAND-1307,Intérim IA/Data,Terminée,2025-01-07,2025-01-27,140,62.99,119.66,1.9,16752.94,8818.64,7934.3
MISS-12368,AG-09,CLI-113,CAND-1188,Intérim IA/Data,Terminée,2026-03-13,2026-09-09,1260,70.88,132.42,1.868,166845.19,89313.82,77531.38
MISS-12369,AG-17,CLI-138,CAND-1270,Intérim IA/Data,Annulée,2026-06-29,2026-07-04,35,72.36,135.5,1.873,4742.44,2532.66,2209.77
MISS-12370,AG-10,CLI-153,CAND-1481,Intérim IA/Data,En cours,2026-01-14,2026-01-24,70,34.15,59.93,1.755,4194.93,2390.52,1804.41
MISS-12371,AG-10,CLI-120,CAND-1478,Intérim IA/Data,Terminée,2025-02-24,2025-03-16,140,32.54,59.36,1.824,8310.33,4556.15,3754.18
MISS-12372,AG-12,CLI-140,CAND-1181,Intérim IA/Data,Terminée,2025-08-23,2025-09-12,140,68.54,131.75,1.922,18444.93,9595.3,8849.64
MISS-12373,AG-07,CLI-132,CAND-1090,Intérim IA/Data,Terminée,2026-06-12,2026-07-02,140,66.16,120.26,1.818,16836.51,9262.82,7573.68
MISS-12374,AG-09,CLI-166,CAND-1460,Intérim IA/Data,Terminée,2024-08-01,2024-08-21,140,73.07,140.79,1.927,19710.86,10229.81,9481.05
MISS-12375,AG-04,CLI-155,CAND-1054,Management Transition,Terminée,2024-11-15,2024-12-05,140,61.91,126.09,2.037,17652.46,8667.01,8985.46
MISS-12376,AG-22,CLI-133,CAND-1121,Intérim IA/Data,Terminée,2026-02-02,2026-02-07,35,68.13,130.87,1.921,4580.38,2384.38,2195.99
MISS-12377,AG-16,CLI-147,CAND-1220,Intérim IA/Data,Terminée,2024-08-03,2024-08-23,140,70.13,129.14,1.842,18079.83,9817.8,8262.03
MISS-12378,AG-14,CLI-165,CAND-1110,Intérim IA/Data,Terminée,2026-06-09,2026-06-29,140,70.88,127.66,1.801,17872.0,9923.53,7948.46
MISS-12379,AG-14,CLI-166,CAND-1284,Intérim IA/Data,Terminée,2026-07-11,2026-09-09,420,49.61,97.19,1.959,40821.88,20834.44,19987.44
MISS-12380,AG-20,CLI-168,CAND-1053,Intérim IA/Data,Terminée,2024-03-12,2024-05-11,420,44.92,80.06,1.782,33625.17,18866.27,14758.9
MISS-12381,AG-22,CLI-148,CAND-1157,Recrutement CDI,Terminée,2024-01-01,2024-01-11,70,55.66,115.3,2.071,8070.68,3896.55,4174.13
MISS-12382,AG-07,CLI-170,CAND-1188,Intérim IA/Data,Terminée,2025-10-09,2025-10-19,70,47.84,88.01,1.84,6160.63,3348.95,2811.69
MISS-12383,AG-10,CLI-174,CAND-1063,Intérim IA/Data,Terminée,2025-04-19,2025-05-09,140,56.21,108.94,1.938,15251.57,7868.91,7382.65
MISS-12384,AG-13,CLI-100,CAND-1305,Intérim IA/Data,En cours,2025-01-22,2025-04-22,630,39.34,79.96,2.033,50374.71,24781.33,25593.38
MISS-12385,AG-10,CLI-120,CAND-1128,Intérim IA/Data,Terminée,2025-09-25,2025-11-24,420,42.25,84.95,2.011,35678.76,17742.94,17935.83
MISS-12386,AG-08,CLI-128,CAND-1146,Intérim IA/Data,En cours,2025-06-04,2025-06-14,70,64.3,131.05,2.038,9173.24,4500.71,4672.54
MISS-12387,AG-07,CLI-164,CAND-1102,Recrutement CDI,Terminée,2026-02-08,2026-02-28,140,32.19,62.1,1.929,8694.38,4506.56,4187.82
MISS-12388,AG-20,CLI-128,CAND-1077,Intérim IA/Data,En cours,2025-06-15,2025-06-25,70,43.68,80.19,1.836,5613.35,3057.71,2555.64
MISS-12389,AG-12,CLI-128,CAND-1029,Intérim IA/Data,En cours,2025-07-21,2025-08-10,140,40.49,79.65,1.967,11150.92,5668.84,5482.09
MISS-12390,AG-12,CLI-127,CAND-1340,Intérim IA/Data,Terminée,2024-10-04,2025-01-02,630,51.15,97.79,1.912,61610.33,32227.63,29382.7
MISS-12391,AG-21,CLI-139,CAND-1021,Intérim IA/Data,En cours,2025-02-22,2025-03-04,70,31.55,55.79,1.768,3905.57,2208.56,1697.0
MISS-12392,AG-10,CLI-157,CAND-1204,Intérim IA/Data,Terminée,2025-04-18,2025-10-15,1260,61.05,108.41,1.776,136594.46,76926.18,59668.28
MISS-12393,AG-07,CLI-155,CAND-1494,Intérim IA/Data,Terminée,2024-03-19,2024-05-18,420,40.0,78.39,1.96,32922.04,16798.67,16123.37
MISS-12394,AG-12,CLI-103,CAND-1054,Intérim IA/Data,Terminée,2024-09-14,2024-10-04,140,44.6,78.78,1.767,11029.85,6243.67,4786.18
MISS-12395,AG-18,CLI-100,CAND-1402,Intérim IA/Data,En cours,2025-05-15,2025-07-14,420,45.74,88.8,1.942,37296.36,19209.42,18086.94
MISS-12396,AG-13,CLI-124,CAND-1038,Intérim IA/Data,Terminée,2025-09-04,2025-09-24,140,65.42,122.15,1.867,17100.47,9159.15,7941.32
MISS-12397,AG-19,CLI-161,CAND-1235,Intérim IA/Data,Terminée,2024-07-28,2024-10-26,630,38.97,73.21,1.879,46121.72,24548.77,21572.96
MISS-12398,AG-15,CLI-123,CAND-1155,Intérim IA/Data,Terminée,2025-05-23,2025-06-12,140,62.79,125.21,1.994,17529.62,8790.46,8739.15
MISS-12399,AG-13,CLI-128,CAND-1165,Recrutement CDI,Terminée,2025-06-22,2025-12-19,1260,63.8,133.35,2.09,168021.18,80382.02,87639.16
MISS-12400,AG-16,CLI-142,CAND-1273,Intérim IA/Data,Terminée,2025-12-27,2026-01-06,70,53.79,104.64,1.946,7325.11,3765.11,3560.0
MISS-12401,AG-05,CLI-123,CAND-1430,Intérim IA/Data,Terminée,2024-11-13,2025-01-12,420,44.61,82.46,1.848,34635.01,18737.01,15898.0
MISS-12402,AG-02,CLI-146,CAND-1113,Intérim IA/Data,Terminée,2024-03-13,2024-09-09,1260,40.23,75.26,1.871,94827.92,50691.28,44136.63
MISS-12403,AG-19,CLI-124,CAND-1117,Management Transition,Terminée,2025-06-29,2025-07-19,140,44.47,84.37,1.897,11811.61,6225.56,5586.05
MISS-12404,AG-06,CLI-156,CAND-1491,Intérim IA/Data,Terminée,2024-07-26,2024-09-24,420,51.21,107.53,2.1,45163.4,21506.96,23656.43
MISS-12405,AG-21,CLI-119,CAND-1111,Recrutement CDI,Terminée,2025-04-07,2025-04-27,140,57.57,117.78,2.046,16488.99,8059.81,8429.18
MISS-12406,AG-15,CLI-167,CAND-1417,Management Transition,Annulée,2026-02-17,2026-08-16,1260,53.32,103.55,1.942,130466.7,67185.55,63281.15
MISS-12407,AG-07,CLI-129,CAND-1498,Intérim IA/Data,Terminée,2025-05-31,2025-06-20,140,58.56,119.3,2.037,16701.61,8198.86,8502.76
MISS-12408,AG-14,CLI-120,CAND-1111,Intérim IA/Data,Terminée,2024-08-11,2024-08-21,70,61.81,125.56,2.031,8789.49,4327.04,4462.44
MISS-12409,AG-20,CLI-172,CAND-1430,Intérim IA/Data,Terminée,2024-05-05,2024-08-03,630,62.04,117.88,1.9,74262.25,39082.64,35179.61
MISS-12410,AG-08,CLI-131,CAND-1468,Intérim IA/Data,En cours,2024-06-09,2024-06-14,35,55.5,100.19,1.805,3506.5,1942.59,1563.9
MISS-12411,AG-06,CLI-134,CAND-1029,Intérim IA/Data,Terminée,2024-01-18,2024-02-07,140,59.91,121.26,2.024,16976.52,8386.96,8589.57
MISS-12412,AG-06,CLI-155,CAND-1085,Intérim IA/Data,Terminée,2024-02-15,2024-03-06,140,68.91,122.94,1.784,17212.13,9647.43,7564.7
MISS-12413,AG-07,CLI-171,CAND-1160,Recrutement CDI,Terminée,2024-10-23,2024-11-12,140,35.43,73.77,2.082,10327.73,4960.06,5367.66
MISS-12414,AG-20,CLI-171,CAND-1219,Intérim IA/Data,En cours,2025-11-07,2025-11-12,35,38.79,69.91,1.802,2446.93,1357.72,1089.21
MISS-12415,AG-22,CLI-166,CAND-1154,Intérim IA/Data,Annulée,2025-02-26,2025-03-03,35,39.7,83.21,2.096,2912.37,1389.51,1522.86
MISS-12416,AG-18,CLI-138,CAND-1452,Intérim IA/Data,Terminée,2026-08-02,2026-10-01,420,39.24,77.25,1.969,32443.4,16479.37,15964.04
MISS-12417,AG-05,CLI-135,CAND-1147,Intérim IA/Data,Terminée,2025-11-17,2026-01-16,420,64.78,133.78,2.065,56188.59,27209.21,28979.38
MISS-12418,AG-22,CLI-111,CAND-1200,Intérim IA/Data,En cours,2024-06-01,2024-07-31,420,70.94,132.46,1.867,55632.29,29796.42,25835.87
MISS-12419,AG-13,CLI-130,CAND-1257,Management Transition,En cours,2024-06-28,2024-07-18,140,54.89,113.64,2.07,15909.16,7684.44,8224.72
MISS-12420,AG-16,CLI-105,CAND-1119,Intérim IA/Data,Terminée,2026-01-28,2026-02-07,70,37.63,73.37,1.95,5135.78,2634.16,2501.61
MISS-12421,AG-13,CLI-142,CAND-1285,Intérim IA/Data,Terminée,2025-12-29,2026-01-08,70,45.37,79.86,1.76,5590.15,3176.05,2414.1
MISS-12422,AG-05,CLI-103,CAND-1088,Intérim IA/Data,En cours,2025-11-17,2025-11-27,70,53.92,103.14,1.913,7219.69,3774.19,3445.5
MISS-12423,AG-16,CLI-158,CAND-1433,Intérim IA/Data,Terminée,2024-11-17,2025-05-16,1260,32.41,63.26,1.952,79713.55,40838.42,38875.13
MISS-12424,AG-07,CLI-154,CAND-1388,Recrutement CDI,Terminée,2025-12-21,2026-02-19,420,50.29,102.02,2.029,42850.44,21123.46,21726.98
MISS-12425,AG-12,CLI-112,CAND-1442,Intérim IA/Data,Terminée,2025-11-19,2026-05-18,1260,65.7,126.52,1.926,159421.43,82782.02,76639.41
MISS-12426,AG-17,CLI-167,CAND-1121,Intérim IA/Data,Terminée,2025-03-10,2025-03-15,35,30.8,55.62,1.806,1946.59,1078.11,868.48
MISS-12427,AG-20,CLI-136,CAND-1175,Recrutement CDI,Terminée,2026-03-16,2026-04-05,140,49.08,94.14,1.918,13179.64,6870.88,6308.76
MISS-12428,AG-12,CLI-101,CAND-1092,Intérim IA/Data,Terminée,2024-09-26,2024-10-16,140,72.86,152.55,2.094,21357.3,10200.13,11157.16
MISS-12429,AG-06,CLI-141,CAND-1094,Intérim IA/Data,Terminée,2024-07-05,2025-01-01,1260,37.72,74.55,1.976,93930.21,47529.2,46401.01
MISS-12430,AG-22,CLI-165,CAND-1201,Intérim IA/Data,Terminée,2026-06-19,2026-06-29,70,65.49,125.59,1.918,8791.15,4584.58,4206.56
MISS-12431,AG-06,CLI-163,CAND-1049,Management Transition,Terminée,2024-04-27,2024-05-17,140,58.35,111.79,1.916,15651.28,8168.35,7482.93
MISS-12432,AG-15,CLI-167,CAND-1421,Recrutement CDI,Annulée,2024-12-09,2024-12-19,70,67.96,125.03,1.84,8751.8,4757.51,3994.29
MISS-12433,AG-01,CLI-171,CAND-1208,Intérim IA/Data,Terminée,2024-01-14,2024-07-12,1260,62.68,110.74,1.767,139526.53,78977.47,60549.05
MISS-12434,AG-08,CLI-150,CAND-1032,Intérim IA/Data,Terminée,2025-11-28,2026-01-27,420,47.03,87.99,1.871,36954.42,19751.73,17202.69
MISS-12435,AG-10,CLI-146,CAND-1196,Intérim IA/Data,Terminée,2025-04-02,2025-04-12,70,67.78,139.31,2.055,9752.05,4744.85,5007.19
MISS-12436,AG-17,CLI-155,CAND-1047,Intérim IA/Data,En cours,2025-01-21,2025-03-22,420,71.73,149.62,2.086,62842.08,30126.61,32715.47
MISS-12437,AG-16,CLI-117,CAND-1179,Management Transition,Terminée,2025-06-25,2025-12-22,1260,41.18,80.4,1.953,101303.42,51883.23,49420.2
MISS-12438,AG-12,CLI-134,CAND-1157,Intérim IA/Data,Terminée,2026-06-07,2026-08-06,420,51.1,95.97,1.878,40307.49,21461.59,18845.9
MISS-12439,AG-12,CLI-163,CAND-1362,Intérim IA/Data,Terminée,2025-02-19,2025-02-24,35,70.72,136.65,1.932,4782.61,2475.22,2307.4
MISS-12440,AG-21,CLI-163,CAND-1086,Intérim IA/Data,Terminée,2024-01-30,2024-02-19,140,38.85,70.01,1.802,9801.72,5438.53,4363.19
MISS-12441,AG-05,CLI-108,CAND-1067,Intérim IA/Data,Terminée,2025-02-04,2025-02-24,140,48.06,86.57,1.801,12119.56,6729.09,5390.47
MISS-12442,AG-04,CLI-121,CAND-1028,Intérim IA/Data,Terminée,2026-04-07,2026-07-06,630,62.82,127.2,2.025,80134.03,39579.53,40554.5
MISS-12443,AG-18,CLI-116,CAND-1472,Intérim IA/Data,Terminée,2024-10-06,2024-10-16,70,36.97,68.79,1.861,4814.95,2587.95,2227.0
MISS-12444,AG-03,CLI-147,CAND-1296,Intérim IA/Data,Terminée,2025-08-13,2025-09-02,140,64.25,118.88,1.85,16643.54,8995.04,7648.5
MISS-12445,AG-08,CLI-160,CAND-1449,Intérim IA/Data,Terminée,2025-03-16,2025-03-26,70,59.21,108.43,1.831,7589.86,4145.0,3444.86
MISS-12446,AG-06,CLI-167,CAND-1093,Intérim IA/Data,En cours,2025-01-04,2025-01-24,140,67.2,123.76,1.842,17326.51,9408.05,7918.46
MISS-12447,AG-05,CLI-151,CAND-1185,Intérim IA/Data,Terminée,2025-08-01,2025-08-11,70,39.34,72.09,1.832,5046.37,2754.02,2292.35
MISS-12448,AG-01,CLI-158,CAND-1332,Intérim IA/Data,Terminée,2025-12-27,2026-03-27,630,49.09,91.79,1.87,57826.48,30928.45,26898.03
MISS-12449,AG-21,CLI-127,CAND-1372,Intérim IA/Data,Terminée,2025-05-30,2025-07-29,420,45.59,87.75,1.925,36855.83,19147.24,17708.58
MISS-12450,AG-07,CLI-154,CAND-1191,Intérim IA/Data,Terminée,2026-02-22,2026-03-04,70,56.15,98.85,1.76,6919.84,3930.64,2989.2
MISS-12451,AG-07,CLI-116,CAND-1489,Intérim IA/Data,En cours,2025-07-20,2025-07-30,70,65.39,121.18,1.853,8482.84,4577.2,3905.64
MISS-12452,AG-01,CLI-153,CAND-1398,Recrutement CDI,Terminée,2025-03-30,2025-04-09,70,41.48,83.07,2.003,5814.89,2903.32,2911.57
MISS-12453,AG-04,CLI-143,CAND-1499,Intérim IA/Data,Terminée,2024-10-31,2024-11-10,70,74.02,130.97,1.769,9167.69,5181.61,3986.08
MISS-12454,AG-10,CLI-138,CAND-1437,Management Transition,Terminée,2025-02-11,2025-08-10,1260,36.7,65.0,1.771,81903.3,46241.29,35662.01
MISS-12455,AG-09,CLI-156,CAND-1144,Recrutement CDI,En cours,2026-01-13,2026-02-02,140,64.7,116.81,1.806,16353.96,9057.71,7296.25
MISS-12456,AG-14,CLI-132,CAND-1216,Intérim IA/Data,Terminée,2025-08-30,2025-10-29,420,48.29,97.06,2.01,40763.57,20280.19,20483.38
MISS-12457,AG-13,CLI-178,CAND-1085,Recrutement CDI,Terminée,2024-01-25,2024-02-04,70,33.74,64.87,1.922,4540.85,2362.0,2178.85
MISS-12458,AG-17,CLI-141,CAND-1369,Management Transition,Terminée,2026-06-26,2026-12-23,1260,66.32,118.75,1.79,149621.33,83568.71,66052.61
MISS-12459,AG-19,CLI-166,CAND-1421,Intérim IA/Data,Terminée,2024-10-09,2024-10-19,70,56.11,104.83,1.868,7338.4,3927.58,3410.82
MISS-12460,AG-22,CLI-170,CAND-1289,Intérim IA/Data,Terminée,2024-02-02,2024-07-31,1260,53.36,94.44,1.77,118996.58,67232.8,51763.79
MISS-12461,AG-18,CLI-159,CAND-1444,Intérim IA/Data,En cours,2026-07-29,2026-08-08,70,32.35,67.13,2.075,4698.91,2264.18,2434.73
MISS-12462,AG-19,CLI-118,CAND-1396,Intérim IA/Data,Terminée,2025-01-31,2025-04-01,420,69.74,123.44,1.77,51844.23,29292.83,22551.39
MISS-12463,AG-01,CLI-106,CAND-1311,Intérim IA/Data,En cours,2024-08-08,2024-08-13,35,31.33,56.47,1.803,1976.39,1096.45,879.95
MISS-12464,AG-18,CLI-109,CAND-1463,Intérim IA/Data,Terminée,2025-01-04,2025-04-04,630,57.29,105.4,1.84,66399.0,36091.76,30307.24
MISS-12465,AG-09,CLI-143,CAND-1364,Recrutement CDI,Terminée,2025-08-05,2025-08-15,70,56.2,106.79,1.9,7475.28,3933.93,3541.36
MISS-12466,AG-04,CLI-141,CAND-1433,Intérim IA/Data,Terminée,2024-07-12,2024-07-22,70,74.4,150.91,2.028,10563.99,5208.12,5355.87
MISS-12467,AG-15,CLI-153,CAND-1338,Recrutement CDI,Terminée,2026-07-31,2026-10-29,630,43.25,90.5,2.093,57017.53,27246.67,29770.86
MISS-12468,AG-10,CLI-105,CAND-1472,Intérim IA/Data,En cours,2026-04-17,2026-10-14,1260,54.46,108.78,1.997,137061.05,68622.25,68438.79
MISS-12469,AG-01,CLI-116,CAND-1465,Intérim IA/Data,Terminée,2026-04-07,2026-04-17,70,45.58,87.57,1.921,6129.7,3190.63,2939.06
MISS-12470,AG-06,CLI-145,CAND-1134,Intérim IA/Data,Terminée,2025-03-17,2025-03-27,70,36.86,67.73,1.838,4740.85,2579.87,2160.99
MISS-12471,AG-14,CLI-119,CAND-1040,Recrutement CDI,Terminée,2024-06-25,2024-07-05,70,63.54,126.64,1.993,8864.6,4447.84,4416.76
MISS-12472,AG-15,CLI-146,CAND-1050,Recrutement CDI,Terminée,2026-02-01,2026-02-06,35,60.61,119.95,1.979,4198.36,2121.24,2077.12
MISS-12473,AG-07,CLI-145,CAND-1149,Intérim IA/Data,En cours,2024-11-14,2024-11-24,70,65.22,130.51,2.001,9135.35,4565.52,4569.83
MISS-12474,AG-04,CLI-128,CAND-1442,Intérim IA/Data,Terminée,2025-05-08,2025-08-06,630,65.24,120.04,1.84,75627.55,41102.49,34525.06
MISS-12475,AG-11,CLI-129,CAND-1420,Intérim IA/Data,En cours,2024-08-29,2024-09-03,35,40.55,79.76,1.967,2791.7,1419.3,1372.4
MISS-12476,AG-20,CLI-161,CAND-1439,Intérim IA/Data,Terminée,2024-11-26,2025-01-25,420,60.59,121.66,2.008,51098.71,25448.03,25650.68
MISS-12477,AG-15,CLI-111,CAND-1496,Intérim IA/Data,En cours,2025-11-28,2025-12-08,70,45.0,89.86,1.997,6290.21,3149.78,3140.43
MISS-12478,AG-11,CLI-126,CAND-1458,Intérim IA/Data,Terminée,2025-07-30,2025-08-09,70,62.93,120.41,1.913,8428.77,4405.24,4023.53
MISS-12479,AG-07,CLI-165,CAND-1057,Intérim IA/Data,En cours,2025-07-21,2025-09-19,420,31.78,56.96,1.792,23923.92,13347.21,10576.71
MISS-12480,AG-02,CLI-126,CAND-1085,Intérim IA/Data,Terminée,2024-05-08,2024-05-28,140,60.13,113.9,1.894,15945.93,8417.83,7528.09
MISS-12481,AG-16,CLI-111,CAND-1048,Intérim IA/Data,Terminée,2024-05-18,2024-08-16,630,73.94,130.1,1.76,81966.0,46581.24,35384.75
MISS-12482,AG-19,CLI-112,CAND-1036,Management Transition,En cours,2026-07-17,2026-07-22,35,43.23,75.89,1.755,2655.98,1513.01,1142.97
MISS-12483,AG-16,CLI-145,CAND-1250,Intérim IA/Data,Terminée,2025-12-15,2026-01-04,140,31.89,66.08,2.072,9251.46,4464.14,4787.32
MISS-12484,AG-10,CLI-121,CAND-1474,Recrutement CDI,Terminée,2026-06-08,2026-08-07,420,55.09,99.15,1.8,41643.19,23135.84,18507.35
MISS-12485,AG-04,CLI-127,CAND-1226,Intérim IA/Data,Terminée,2026-06-28,2026-07-18,140,55.33,102.66,1.855,14372.66,7746.33,6626.32
MISS-12486,AG-17,CLI-145,CAND-1160,Intérim IA/Data,Terminée,2024-08-30,2024-11-28,630,60.0,117.71,1.962,74155.05,37796.98,36358.08
MISS-12487,AG-10,CLI-109,CAND-1492,Intérim IA/Data,En cours,2024-05-29,2024-07-28,420,42.88,85.98,2.005,36110.28,18009.56,18100.72
MISS-12488,AG-01,CLI-108,CAND-1033,Recrutement CDI,Terminée,2025-04-17,2025-05-07,140,50.79,94.95,1.869,13292.3,7111.08,6181.23
MISS-12489,AG-22,CLI-111,CAND-1373,Management Transition,Terminée,2025-11-20,2026-01-19,420,41.9,78.93,1.884,33151.27,17597.15,15554.13
MISS-12490,AG-02,CLI-178,CAND-1480,Intérim IA/Data,Terminée,2026-05-28,2026-08-26,630,58.32,115.2,1.975,72574.97,36744.04,35830.94
MISS-12491,AG-03,CLI-142,CAND-1163,Intérim IA/Data,Terminée,2025-02-05,2025-02-25,140,63.6,117.36,1.845,16430.86,8903.67,7527.19
MISS-12492,AG-11,CLI-178,CAND-1409,Intérim IA/Data,Terminée,2024-09-26,2024-11-25,420,35.44,63.71,1.798,26758.65,14886.55,11872.09
MISS-12493,AG-02,CLI-163,CAND-1120,Intérim IA/Data,Terminée,2025-01-23,2025-07-22,1260,69.81,128.25,1.837,161600.67,87954.78,73645.89
MISS-12494,AG-07,CLI-117,CAND-1492,Intérim IA/Data,Terminée,2024-09-03,2024-09-23,140,38.42,71.91,1.872,10067.88,5378.52,4689.36
MISS-12495,AG-09,CLI-153,CAND-1228,Intérim IA/Data,Terminée,2024-01-04,2024-04-03,630,56.23,102.33,1.82,64468.21,35423.14,29045.07
MISS-12496,AG-13,CLI-164,CAND-1433,Intérim IA/Data,Terminée,2026-04-12,2026-06-11,420,64.7,134.05,2.072,56298.99,27173.15,29125.83
MISS-12497,AG-08,CLI-160,CAND-1165,Intérim IA/Data,Terminée,2024-09-04,2024-09-24,140,67.26,121.15,1.801,16961.32,9415.92,7545.41
MISS-12498,AG-15,CLI-129,CAND-1415,Recrutement CDI,Terminée,2026-02-21,2026-02-26,35,36.04,70.47,1.955,2466.54,1261.56,1204.98
MISS-12499,AG-19,CLI-105,CAND-1056,Intérim IA/Data,Terminée,2024-10-18,2024-12-17,420,72.05,133.38,1.851,56020.31,30262.38,25757.93
MISS-12500,AG-17,CLI-111,CAND-1209,Intérim IA/Data,Terminée,2025-01-31,2025-02-20,140,49.15,90.75,1.846,12704.76,6881.38,5823.38
MISS-12501,AG-18,CLI-163,CAND-1380,Recrutement CDI,Terminée,2025-12-21,2026-01-10,140,41.59,75.01,1.804,10501.88,5822.51,4679.37
MISS-12502,AG-10,CLI-147,CAND-1416,Management Transition,En cours,2024-11-23,2024-12-13,140,33.9,68.01,2.007,9522.09,4745.5,4776.58
MISS-12503,AG-19,CLI-119,CAND-1467,Intérim IA/Data,Terminée,2026-02-15,2026-03-07,140,45.61,95.02,2.084,13303.33,6384.78,6918.55
MISS-12504,AG-12,CLI-160,CAND-1114,Intérim IA/Data,Terminée,2025-03-18,2025-03-28,70,63.95,112.32,1.756,7862.28,4476.66,3385.61
MISS-12505,AG-17,CLI-158,CAND-1038,Management Transition,Terminée,2025-04-02,2025-09-29,1260,47.41,91.52,1.93,115310.95,59734.0,55576.95
MISS-12506,AG-08,CLI-106,CAND-1182,Intérim IA/Data,Terminée,2025-04-06,2025-04-26,140,32.43,57.22,1.764,8011.08,4540.6,3470.48
MISS-12507,AG-05,CLI-137,CAND-1391,Intérim IA/Data,Terminée,2024-02-15,2024-03-06,140,53.2,103.23,1.941,14452.82,7447.86,7004.96
MISS-12508,AG-11,CLI-144,CAND-1269,Management Transition,Terminée,2025-03-09,2025-05-08,420,63.21,121.91,1.929,51202.5,26547.03,24655.47
MISS-12509,AG-20,CLI-108,CAND-1090,Intérim IA/Data,Terminée,2024-08-31,2024-10-30,420,69.59,131.53,1.89,55243.88,29228.19,26015.68
MISS-12510,AG-02,CLI-147,CAND-1347,Intérim IA/Data,Terminée,2025-08-29,2026-02-25,1260,53.93,96.94,1.797,122149.44,67956.96,54192.48
MISS-12511,AG-21,CLI-122,CAND-1295,Intérim IA/Data,Terminée,2025-11-20,2025-12-10,140,54.72,114.04,2.084,15965.72,7660.41,8305.31
MISS-12512,AG-12,CLI-169,CAND-1114,Intérim IA/Data,En cours,2026-07-15,2026-08-04,140,31.36,57.6,1.836,8063.61,4391.1,3672.52
MISS-12513,AG-01,CLI-140,CAND-1355,Recrutement CDI,Terminée,2024-08-29,2024-09-03,35,43.56,90.94,2.088,3183.01,1524.68,1658.33
MISS-12514,AG-10,CLI-110,CAND-1046,Management Transition,Terminée,2025-03-08,2025-05-07,420,58.97,112.56,1.909,47276.12,24767.8,22508.32
MISS-12515,AG-22,CLI-149,CAND-1040,Recrutement CDI,En cours,2024-07-06,2024-07-16,70,63.14,123.18,1.951,8622.45,4419.76,4202.69
MISS-12516,AG-22,CLI-150,CAND-1191,Intérim IA/Data,Terminée,2024-12-12,2025-06-10,1260,57.18,118.71,2.076,149574.11,72047.99,77526.12
MISS-12517,AG-10,CLI-141,CAND-1106,Intérim IA/Data,Terminée,2025-11-11,2025-11-16,35,73.71,129.7,1.76,4539.66,2579.93,1959.72
MISS-12518,AG-21,CLI-138,CAND-1234,Intérim IA/Data,Terminée,2025-03-08,2025-03-18,70,70.06,143.13,2.043,10018.86,4904.1,5114.76
MISS-12519,AG-16,CLI-105,CAND-1133,Intérim IA/Data,Terminée,2024-11-06,2025-01-05,420,53.94,112.43,2.084,47219.85,22654.45,24565.41
MISS-12520,AG-19,CLI-172,CAND-1017,Intérim IA/Data,En cours,2025-03-20,2025-05-19,420,33.09,67.78,2.048,28465.77,13898.94,14566.83
MISS-12521,AG-10,CLI-105,CAND-1238,Management Transition,Terminée,2025-03-21,2025-05-20,420,40.61,78.49,1.933,32966.0,17055.19,15910.82
MISS-12522,AG-21,CLI-149,CAND-1088,Intérim IA/Data,Terminée,2026-04-26,2026-05-06,70,50.96,97.65,1.916,6835.8,3567.39,3268.41
MISS-12523,AG-10,CLI-131,CAND-1056,Management Transition,Terminée,2025-06-26,2025-08-25,420,50.18,96.93,1.932,40711.36,21076.5,19634.86
MISS-12524,AG-08,CLI-113,CAND-1074,Recrutement CDI,Terminée,2024-08-05,2024-11-03,630,30.9,55.54,1.797,34989.86,19467.3,15522.56
MISS-12525,AG-18,CLI-112,CAND-1367,Recrutement CDI,Terminée,2025-04-21,2025-05-11,140,58.12,117.89,2.028,16504.98,8137.41,8367.57
MISS-12526,AG-14,CLI-158,CAND-1233,Intérim IA/Data,Terminée,2025-01-28,2025-02-02,35,52.31,102.13,1.952,3574.68,1830.92,1743.77
MISS-12527,AG-02,CLI-163,CAND-1265,Intérim IA/Data,Terminée,2026-01-27,2026-02-06,70,54.2,97.09,1.791,6796.15,3793.67,3002.48
MISS-12528,AG-09,CLI-161,CAND-1187,Intérim IA/Data,Terminée,2026-02-17,2026-05-18,630,39.67,74.77,1.885,47106.28,24991.86,22114.42
MISS-12529,AG-17,CLI-121,CAND-1496,Intérim IA/Data,Terminée,2024-02-12,2024-03-03,140,31.31,64.08,2.047,8971.79,4383.75,4588.04
MISS-12530,AG-02,CLI-168,CAND-1013,Recrutement CDI,Terminée,2024-06-08,2024-06-13,35,47.59,90.1,1.893,3153.54,1665.74,1487.79
MISS-12531,AG-11,CLI-131,CAND-1136,Management Transition,Terminée,2025-06-09,2025-06-29,140,71.64,129.91,1.813,18187.76,10029.4,8158.36
MISS-12532,AG-10,CLI-113,CAND-1139,Intérim IA/Data,Terminée,2024-03-10,2024-06-08,630,35.87,74.78,2.085,47109.2,22597.12,24512.08
MISS-12533,AG-07,CLI-155,CAND-1372,Management Transition,Terminée,2024-07-23,2024-09-21,420,38.01,71.46,1.88,30013.14,15962.63,14050.51
MISS-12534,AG-13,CLI-167,CAND-1115,Intérim IA/Data,Terminée,2024-10-07,2024-12-06,420,48.21,88.15,1.829,37024.15,20247.44,16776.71
MISS-12535,AG-06,CLI-154,CAND-1347,Intérim IA/Data,Terminée,2024-03-07,2024-03-17,70,56.73,101.55,1.79,7108.64,3971.37,3137.27
MISS-12536,AG-16,CLI-179,CAND-1406,Intérim IA/Data,Terminée,2025-08-15,2025-10-14,420,43.2,88.12,2.039,37008.37,18145.93,18862.44
MISS-12537,AG-12,CLI-137,CAND-1152,Intérim IA/Data,Terminée,2024-07-10,2024-07-20,70,59.71,115.42,1.933,8079.11,4179.81,3899.3
MISS-12538,AG-22,CLI-132,CAND-1424,Intérim IA/Data,Terminée,2024-03-14,2024-05-13,420,67.85,120.14,1.771,50459.18,28499.09,21960.08
MISS-12539,AG-03,CLI-131,CAND-1227,Intérim IA/Data,Terminée,2024-11-27,2024-12-07,70,57.36,111.28,1.94,7789.68,4015.47,3774.21
MISS-12540,AG-19,CLI-102,CAND-1356,Intérim IA/Data,Annulée,2025-06-13,2025-12-10,1260,43.52,85.55,1.966,107796.06,54833.33,52962.73
MISS-12541,AG-11,CLI-157,CAND-1182,Intérim IA/Data,En cours,2025-07-22,2025-08-01,70,41.95,86.69,2.067,6068.31,2936.49,3131.82
MISS-12542,AG-20,CLI-147,CAND-1093,Recrutement CDI,En cours,2024-04-10,2024-04-20,70,48.5,97.41,2.008,6818.59,3394.87,3423.72
MISS-12543,AG-09,CLI-128,CAND-1408,Intérim IA/Data,Terminée,2024-03-26,2024-05-25,420,34.29,65.18,1.901,27375.86,14400.33,12975.54
MISS-12544,AG-16,CLI-159,CAND-1445,Intérim IA/Data,Terminée,2026-07-06,2026-07-16,70,71.89,129.06,1.795,9034.09,5032.56,4001.53
MISS-12545,AG-19,CLI-127,CAND-1475,Intérim IA/Data,Terminée,2024-11-04,2024-11-24,140,47.5,98.69,2.078,13817.05,6649.49,7167.56
MISS-12546,AG-14,CLI-148,CAND-1033,Intérim IA/Data,Terminée,2025-10-10,2026-04-08,1260,46.62,87.85,1.884,110688.0,58738.87,51949.13
MISS-12547,AG-15,CLI-173,CAND-1098,Intérim IA/Data,Terminée,2025-09-28,2025-12-27,630,30.24,53.29,1.762,33572.19,19052.08,14520.11
MISS-12548,AG-18,CLI-120,CAND-1097,Recrutement CDI,En cours,2024-06-25,2024-12-22,1260,39.44,69.28,1.757,87290.63,49691.83,37598.8
MISS-12549,AG-09,CLI-140,CAND-1353,Intérim IA/Data,Terminée,2025-04-06,2025-04-16,70,31.67,61.17,1.931,4281.68,2217.09,2064.59
MISS-12550,AG-18,CLI-145,CAND-1351,Intérim IA/Data,Terminée,2025-06-28,2025-08-27,420,39.82,69.95,1.757,29379.46,16722.75,12656.7
MISS-12551,AG-10,CLI-139,CAND-1149,Intérim IA/Data,Terminée,2026-04-01,2026-04-21,140,65.94,134.55,2.041,18837.38,9231.66,9605.72
MISS-12552,AG-07,CLI-152,CAND-1053,Management Transition,Terminée,2026-02-13,2026-03-05,140,37.3,72.23,1.936,10111.89,5222.46,4889.43
MISS-12553,AG-08,CLI-140,CAND-1220,Intérim IA/Data,Terminée,2024-04-02,2024-04-07,35,47.32,83.14,1.757,2909.89,1656.27,1253.62
MISS-12554,AG-10,CLI-175,CAND-1389,Intérim IA/Data,Terminée,2026-03-28,2026-05-27,420,38.54,76.65,1.989,32191.09,16185.33,16005.75
MISS-12555,AG-17,CLI-156,CAND-1178,Intérim IA/Data,En cours,2024-04-14,2024-05-04,140,60.28,125.78,2.087,17609.04,8439.37,9169.67
MISS-12556,AG-18,CLI-149,CAND-1482,Intérim IA/Data,En cours,2024-08-28,2024-09-02,35,48.53,92.48,1.906,3236.7,1698.47,1538.24
MISS-12557,AG-02,CLI-111,CAND-1408,Intérim IA/Data,Terminée,2025-08-21,2026-02-17,1260,54.41,106.19,1.952,133795.55,68553.14,65242.4
MISS-12558,AG-06,CLI-161,CAND-1119,Intérim IA/Data,Terminée,2025-12-17,2026-02-15,420,73.08,128.78,1.762,54086.8,30693.79,23393.01
MISS-12559,AG-06,CLI-160,CAND-1423,Intérim IA/Data,Terminée,2025-10-30,2025-11-09,70,44.68,91.71,2.053,6419.6,3127.58,3292.01
MISS-12560,AG-08,CLI-157,CAND-1219,Recrutement CDI,Terminée,2026-03-17,2026-05-16,420,66.12,129.49,1.958,54386.1,27772.34,26613.76
MISS-12561,AG-11,CLI-128,CAND-1060,Recrutement CDI,Terminée,2024-02-16,2024-03-07,140,58.82,118.26,2.011,16556.64,8234.71,8321.92
MISS-12562,AG-11,CLI-146,CAND-1487,Intérim IA/Data,Terminée,2024-12-31,2025-01-10,70,60.96,122.86,2.015,8599.88,4267.36,4332.52
MISS-12563,AG-18,CLI-110,CAND-1260,Recrutement CDI,Terminée,2024-06-21,2024-09-19,630,45.48,88.42,1.944,55705.07,28654.78,27050.29
MISS-12564,AG-14,CLI-175,CAND-1207,Intérim IA/Data,Terminée,2026-03-24,2026-06-22,630,64.07,117.57,1.835,74070.88,40364.22,33706.66
MISS-12565,AG-02,CLI-158,CAND-1037,Intérim IA/Data,En cours,2024-08-12,2024-08-17,35,50.64,88.79,1.753,3107.54,1772.39,1335.15
MISS-12566,AG-11,CLI-105,CAND-1450,Intérim IA/Data,Terminée,2024-11-14,2025-05-13,1260,66.11,130.7,1.977,164682.51,83298.04,81384.47
MISS-12567,AG-16,CLI-178,CAND-1324,Intérim IA/Data,Terminée,2024-04-26,2024-07-25,630,51.58,106.3,2.061,66968.53,32493.72,34474.81
MISS-12568,AG-18,CLI-168,CAND-1295,Intérim IA/Data,Annulée,2025-06-17,2025-06-22,35,65.66,119.93,1.827,4197.56,2298.08,1899.48
MISS-12569,AG-05,CLI-175,CAND-1369,Intérim IA/Data,En cours,2024-06-25,2024-09-23,630,59.54,111.95,1.88,70530.04,37511.95,33018.09
MISS-12570,AG-17,CLI-141,CAND-1070,Recrutement CDI,Annulée,2024-02-19,2024-02-24,35,33.97,66.53,1.958,2328.51,1189.12,1139.39
MISS-12571,AG-21,CLI-112,CAND-1394,Intérim IA/Data,Terminée,2026-05-07,2026-05-27,140,53.68,101.73,1.895,14242.46,7515.41,6727.05
MISS-12572,AG-12,CLI-176,CAND-1365,Intérim IA/Data,Terminée,2024-06-01,2024-06-11,70,48.29,90.45,1.873,6331.3,3380.05,2951.25
MISS-12573,AG-18,CLI-103,CAND-1037,Recrutement CDI,Terminée,2024-02-01,2024-04-01,420,33.49,60.18,1.797,25273.73,14065.3,11208.43
MISS-12574,AG-05,CLI-129,CAND-1315,Intérim IA/Data,Terminée,2024-01-11,2024-03-11,420,60.16,117.6,1.955,49390.03,25268.45,24121.58
MISS-12575,AG-19,CLI-133,CAND-1480,Management Transition,En cours,2025-05-22,2025-06-11,140,32.72,61.62,1.883,8626.14,4580.16,4045.97
MISS-12576,AG-12,CLI-128,CAND-1330,Recrutement CDI,Terminée,2026-06-02,2026-08-01,420,64.17,122.23,1.905,51334.99,26950.87,24384.13
MISS-12577,AG-04,CLI-173,CAND-1362,Intérim IA/Data,Terminée,2026-07-28,2026-08-17,140,55.49,114.65,2.066,16050.43,7768.09,8282.34
MISS-12578,AG-03,CLI-113,CAND-1309,Intérim IA/Data,Terminée,2025-05-21,2025-05-31,70,34.36,60.95,1.774,4266.31,2405.33,1860.99
MISS-12579,AG-06,CLI-168,CAND-1190,Intérim IA/Data,Annulée,2024-11-20,2024-12-10,140,34.7,65.2,1.879,9127.92,4858.04,4269.88
MISS-12580,AG-15,CLI-146,CAND-1309,Intérim IA/Data,Terminée,2024-04-09,2024-06-08,420,67.82,124.52,1.836,52296.72,28486.02,23810.7
MISS-12581,AG-11,CLI-130,CAND-1032,Management Transition,Terminée,2026-06-25,2026-07-15,140,40.11,78.55,1.958,10996.62,5615.11,5381.51
MISS-12582,AG-08,CLI-148,CAND-1276,Recrutement CDI,Terminée,2026-01-24,2026-01-29,35,61.56,124.81,2.028,4368.3,2154.44,2213.86
MISS-12583,AG-12,CLI-179,CAND-1048,Intérim IA/Data,En cours,2024-08-18,2025-02-14,1260,66.64,129.99,1.95,163785.56,83972.23,79813.33
MISS-12584,AG-14,CLI-111,CAND-1173,Intérim IA/Data,Terminée,2024-08-09,2024-08-19,70,71.25,145.13,2.037,10158.98,4987.57,5171.41
MISS-12585,AG-05,CLI-131,CAND-1036,Intérim IA/Data,Terminée,2026-04-09,2026-06-08,420,67.45,119.11,1.766,50027.33,28327.27,21700.06
MISS-12586,AG-01,CLI-162,CAND-1101,Intérim IA/Data,Terminée,2025-10-23,2025-11-12,140,30.64,54.79,1.788,7670.03,4290.25,3379.78
MISS-12587,AG-04,CLI-166,CAND-1434,Intérim IA/Data,Terminée,2024-08-21,2024-11-19,630,60.71,117.41,1.934,73968.87,38249.49,35719.38
MISS-12588,AG-22,CLI-131,CAND-1303,Intérim IA/Data,Terminée,2025-10-16,2025-12-15,420,60.34,112.94,1.872,47434.01,25343.08,22090.93
MISS-12589,AG-14,CLI-135,CAND-1222,Recrutement CDI,Terminée,2024-08-23,2024-11-21,630,57.36,113.71,1.983,71638.88,36135.56,35503.32
MISS-12590,AG-06,CLI-107,CAND-1258,Recrutement CDI,En cours,2024-08-12,2024-08-17,35,67.43,123.74,1.835,4330.75,2360.22,1970.53
MISS-12591,AG-19,CLI-134,CAND-1370,Intérim IA/Data,Terminée,2024-05-08,2024-07-07,420,67.5,129.05,1.912,54201.29,28351.7,25849.6
MISS-12592,AG-11,CLI-137,CAND-1071,Intérim IA/Data,Annulée,2024-06-25,2024-08-24,420,37.92,74.34,1.96,31221.03,15927.81,15293.22
MISS-12593,AG-06,CLI-166,CAND-1421,Intérim IA/Data,Terminée,2024-10-27,2024-11-16,140,34.16,59.86,1.752,8379.74,4782.9,3596.84
MISS-12594,AG-03,CLI-146,CAND-1321,Recrutement CDI,Terminée,2024-05-03,2024-05-13,70,47.14,95.92,2.035,6714.1,3299.6,3414.5
MISS-12595,AG-18,CLI-162,CAND-1386,Intérim IA/Data,En cours,2024-12-13,2025-01-02,140,47.23,85.51,1.811,11971.74,6612.3,5359.45
MISS-12596,AG-01,CLI-118,CAND-1239,Intérim IA/Data,Terminée,2024-09-06,2024-09-26,140,47.57,95.05,1.998,13307.26,6659.55,6647.71
MISS-12597,AG-10,CLI-128,CAND-1228,Intérim IA/Data,Terminée,2025-10-01,2025-11-30,420,49.97,92.77,1.856,38964.13,20988.29,17975.84
MISS-12598,AG-15,CLI-121,CAND-1168,Intérim IA/Data,Terminée,2025-10-20,2025-10-30,70,62.78,130.91,2.085,9163.4,4394.48,4768.91
MISS-12599,AG-04,CLI-109,CAND-1364,Intérim IA/Data,Terminée,2026-07-20,2026-09-18,420,37.76,73.94,1.958,31055.94,15859.49,15196.45
MISS-12600,AG-10,CLI-179,CAND-1265,Management Transition,Terminée,2026-03-28,2026-06-26,630,48.53,86.09,1.774,54237.68,30574.04,23663.65
MISS-12601,AG-10,CLI-143,CAND-1104,Intérim IA/Data,En cours,2025-05-05,2025-05-25,140,40.88,80.0,1.957,11199.7,5723.82,5475.88
MISS-12602,AG-22,CLI-154,CAND-1049,Intérim IA/Data,Terminée,2024-12-09,2024-12-29,140,57.34,103.84,1.811,14537.28,8026.95,6510.33
MISS-12603,AG-11,CLI-119,CAND-1366,Intérim IA/Data,Terminée,2025-09-07,2025-09-17,70,42.09,83.94,1.995,5876.02,2945.98,2930.04
MISS-12604,AG-22,CLI-177,CAND-1134,Management Transition,Terminée,2025-03-16,2025-05-15,420,72.29,128.91,1.783,54141.64,30363.08,23778.57
MISS-12605,AG-15,CLI-111,CAND-1006,Recrutement CDI,En cours,2024-03-03,2024-03-23,140,41.14,72.82,1.77,10195.09,5759.18,4435.91
MISS-12606,AG-22,CLI-162,CAND-1001,Intérim IA/Data,Terminée,2025-12-30,2026-06-28,1260,36.2,66.55,1.838,83851.42,45618.24,38233.18
MISS-12607,AG-14,CLI-113,CAND-1282,Intérim IA/Data,Terminée,2025-01-27,2025-03-28,420,35.49,63.91,1.801,26840.79,14904.59,11936.2
MISS-12608,AG-13,CLI-105,CAND-1256,Intérim IA/Data,Terminée,2024-01-02,2024-04-01,630,53.1,96.95,1.826,61076.29,33455.03,27621.26
MISS-12609,AG-03,CLI-147,CAND-1030,Intérim IA/Data,Terminée,2026-06-29,2026-08-28,420,59.38,113.82,1.917,47803.12,24938.33,22864.79
MISS-12610,AG-10,CLI-169,CAND-1456,Intérim IA/Data,Annulée,2024-02-05,2024-02-25,140,57.83,121.18,2.095,16964.93,8096.78,8868.15
MISS-12611,AG-19,CLI-102,CAND-1261,Intérim IA/Data,En cours,2025-09-16,2025-12-15,630,44.63,80.91,1.813,50974.24,28116.99,22857.26
MISS-12612,AG-05,CLI-145,CAND-1149,Intérim IA/Data,En cours,2025-04-09,2025-04-29,140,34.81,69.0,1.982,9659.51,4873.09,4786.43
MISS-12613,AG-18,CLI-172,CAND-1316,Intérim IA/Data,Terminée,2024-03-07,2024-06-05,630,32.58,68.23,2.094,42985.02,20525.54,22459.48
MISS-12614,AG-22,CLI-117,CAND-1024,Intérim IA/Data,Terminée,2024-09-27,2024-12-26,630,54.2,104.15,1.921,65612.49,34147.18,31465.31
MISS-12615,AG-08,CLI-154,CAND-1020,Recrutement CDI,En cours,2024-01-12,2024-01-17,35,46.01,82.97,1.803,2904.03,1610.5,1293.53
MISS-12616,AG-09,CLI-133,CAND-1397,Intérim IA/Data,En cours,2025-06-22,2025-12-19,1260,33.37,68.72,2.059,86592.87,42049.82,44543.05
MISS-12617,AG-20,CLI-145,CAND-1156,Intérim IA/Data,Terminée,2024-07-26,2024-08-15,140,54.6,111.1,2.035,15554.23,7643.55,7910.68
MISS-12618,AG-13,CLI-158,CAND-1456,Intérim IA/Data,Terminée,2025-02-16,2025-04-17,420,34.2,63.34,1.852,26601.25,14365.77,12235.48
MISS-12619,AG-16,CLI-155,CAND-1481,Intérim IA/Data,Terminée,2024-11-02,2025-01-31,630,36.06,71.43,1.981,45001.84,22720.75,22281.09
MISS-12620,AG-01,CLI-137,CAND-1029,Intérim IA/Data,Terminée,2026-03-16,2026-03-26,70,72.54,131.17,1.808,9182.14,5077.63,4104.51
MISS-12621,AG-05,CLI-140,CAND-1365,Intérim IA/Data,Terminée,2024-10-14,2025-04-12,1260,42.03,87.53,2.082,110281.52,52963.13,57318.39
MISS-12622,AG-06,CLI-165,CAND-1358,Intérim IA/Data,Terminée,2025-12-06,2025-12-16,70,37.22,66.54,1.788,4657.99,2605.38,2052.61
MISS-12623,AG-21,CLI-132,CAND-1191,Management Transition,Terminée,2025-06-16,2025-08-15,420,48.23,88.41,1.833,37132.86,20258.22,16874.64
MISS-12624,AG-10,CLI-128,CAND-1204,Recrutement CDI,Annulée,2025-02-13,2025-04-14,420,53.54,111.74,2.087,46930.99,22485.93,24445.05
MISS-12625,AG-19,CLI-152,CAND-1234,Intérim IA/Data,Terminée,2024-01-21,2024-04-20,630,44.14,79.9,1.81,50336.56,27809.21,22527.35
MISS-12626,AG-18,CLI-173,CAND-1455,Intérim IA/Data,Terminée,2025-04-25,2025-04-30,35,42.87,82.39,1.922,2883.66,1500.31,1383.35
MISS-12627,AG-18,CLI-167,CAND-1234,Intérim IA/Data,Terminée,2025-11-20,2026-01-19,420,50.22,93.85,1.869,39418.26,21091.98,18326.29
MISS-12628,AG-03,CLI-174,CAND-1259,Intérim IA/Data,Terminée,2024-04-30,2024-06-29,420,42.15,78.38,1.859,32919.2,17703.56,15215.64
MISS-12629,AG-14,CLI-159,CAND-1190,Intérim IA/Data,Annulée,2026-03-26,2026-04-05,70,50.25,88.48,1.761,6193.36,3517.77,2675.58
MISS-12630,AG-06,CLI-116,CAND-1434,Recrutement CDI,Terminée,2025-12-29,2026-01-18,140,59.48,117.54,1.976,16455.22,8326.62,8128.6
MISS-12631,AG-05,CLI-156,CAND-1265,Intérim IA/Data,Terminée,2024-12-29,2025-02-27,420,30.24,58.28,1.927,24478.34,12700.43,11777.91
MISS-12632,AG-20,CLI-165,CAND-1354,Intérim IA/Data,En cours,2024-08-08,2024-11-06,630,51.08,95.0,1.86,59848.57,32182.43,27666.14
MISS-12633,AG-02,CLI-149,CAND-1303,Intérim IA/Data,Annulée,2026-07-16,2026-07-26,70,48.85,87.32,1.788,6112.56,3419.23,2693.33
MISS-12634,AG-10,CLI-136,CAND-1187,Intérim IA/Data,Terminée,2025-05-04,2025-07-03,420,60.19,113.09,1.879,47496.29,25279.39,22216.89
MISS-12635,AG-21,CLI-139,CAND-1163,Intérim IA/Data,Terminée,2024-05-06,2024-05-16,70,68.97,138.32,2.005,9682.62,4828.2,4854.42
MISS-12636,AG-20,CLI-156,CAND-1381,Intérim IA/Data,Terminée,2024-09-01,2024-11-30,630,35.53,63.79,1.795,40188.68,22385.37,17803.31
MISS-12637,AG-06,CLI-172,CAND-1336,Recrutement CDI,Terminée,2026-06-20,2026-12-17,1260,49.07,94.34,1.922,118863.38,61828.33,57035.05
MISS-12638,AG-11,CLI-117,CAND-1492,Intérim IA/Data,Terminée,2025-12-09,2026-06-07,1260,31.95,64.1,2.006,80761.6,40255.39,40506.22
MISS-12639,AG-08,CLI-156,CAND-1306,Recrutement CDI,En cours,2025-04-05,2025-07-04,630,65.4,136.16,2.082,85778.99,41204.85,44574.14
MISS-12640,AG-15,CLI-128,CAND-1331,Intérim IA/Data,Terminée,2025-12-19,2026-02-17,420,55.58,108.92,1.96,45744.94,23342.04,22402.91
MISS-12641,AG-08,CLI-170,CAND-1174,Recrutement CDI,En cours,2024-03-10,2024-03-30,140,68.63,127.32,1.855,17824.93,9608.39,8216.54
MISS-12642,AG-18,CLI-151,CAND-1188,Intérim IA/Data,Terminée,2024-02-26,2024-04-26,420,71.1,125.99,1.772,52916.19,29861.53,23054.66
MISS-12643,AG-11,CLI-145,CAND-1269,Intérim IA/Data,Terminée,2025-10-09,2025-10-19,70,46.35,95.53,2.061,6687.24,3244.75,3442.48
MISS-12644,AG-03,CLI-132,CAND-1154,Intérim IA/Data,Terminée,2025-08-21,2025-11-19,630,50.78,105.74,2.082,66613.88,31991.22,34622.66
MISS-12645,AG-19,CLI-105,CAND-1019,Intérim IA/Data,Terminée,2025-11-18,2025-11-28,70,34.1,66.22,1.942,4635.08,2386.93,2248.15
MISS-12646,AG-03,CLI-130,CAND-1071,Intérim IA/Data,Terminée,2024-09-16,2024-11-15,420,57.8,105.69,1.829,44390.27,24274.52,20115.75
MISS-12647,AG-14,CLI-171,CAND-1468,Intérim IA/Data,Terminée,2025-10-01,2025-10-21,140,72.03,143.81,1.997,20133.0,10083.6,10049.4
MISS-12648,AG-03,CLI-144,CAND-1329,Intérim IA/Data,En cours,2025-08-02,2025-10-01,420,55.77,111.65,2.002,46893.05,23424.13,23468.93
MISS-12649,AG-21,CLI-115,CAND-1460,Intérim IA/Data,En cours,2025-02-17,2025-02-27,70,41.8,86.36,2.066,6045.12,2926.04,3119.08
MISS-12650,AG-01,CLI-160,CAND-1352,Intérim IA/Data,En cours,2025-01-12,2025-02-01,140,56.78,115.78,2.039,16209.09,7949.23,8259.86
MISS-12651,AG-14,CLI-176,CAND-1428,Intérim IA/Data,Terminée,2025-11-17,2026-02-15,630,73.92,150.47,2.036,94797.64,46570.02,48227.62
MISS-12652,AG-04,CLI-142,CAND-1384,Intérim IA/Data,Terminée,2026-03-05,2026-03-15,70,64.26,122.61,1.908,8582.49,4498.51,4083.99
MISS-12653,AG-18,CLI-156,CAND-1136,Management Transition,Terminée,2026-07-25,2026-08-14,140,48.68,98.49,2.023,13788.16,6815.41,6972.75
MISS-12654,AG-03,CLI-112,CAND-1420,Recrutement CDI,Terminée,2024-08-23,2024-11-21,630,49.5,96.61,1.952,60867.31,31187.66,29679.65
MISS-12655,AG-16,CLI-141,CAND-1299,Intérim IA/Data,Terminée,2025-02-03,2025-02-23,140,50.96,105.81,2.076,14813.23,7133.85,7679.38
MISS-12656,AG-20,CLI-137,CAND-1427,Intérim IA/Data,Terminée,2026-08-01,2026-09-30,420,54.95,103.69,1.887,43549.13,23076.95,20472.18
MISS-12657,AG-08,CLI-166,CAND-1370,Recrutement CDI,En cours,2024-07-24,2024-08-13,140,36.75,69.71,1.897,9760.05,5145.33,4614.73
MISS-12658,AG-08,CLI-101,CAND-1315,Recrutement CDI,Terminée,2025-11-28,2026-01-27,420,33.79,66.37,1.964,27873.7,14193.25,13680.46
MISS-12659,AG-19,CLI-123,CAND-1009,Recrutement CDI,Annulée,2024-04-25,2024-10-22,1260,62.48,122.4,1.959,154218.31,78728.0,75490.31
MISS-12660,AG-11,CLI-119,CAND-1267,Intérim IA/Data,En cours,2025-10-05,2025-10-25,140,31.22,56.59,1.812,7922.64,4371.28,3551.36
MISS-12661,AG-18,CLI-120,CAND-1254,Intérim IA/Data,Terminée,2025-12-04,2025-12-24,140,69.12,121.08,1.752,16950.83,9677.19,7273.64
MISS-12662,AG-10,CLI-133,CAND-1130,Recrutement CDI,Terminée,2026-05-08,2026-07-07,420,63.41,132.99,2.097,55854.04,26633.27,29220.77
MISS-12663,AG-10,CLI-175,CAND-1479,Recrutement CDI,Terminée,2025-08-19,2025-08-29,70,60.01,108.55,1.809,7598.82,4200.48,3398.34
MISS-12664,AG-04,CLI-164,CAND-1146,Intérim IA/Data,Terminée,2025-10-03,2025-12-02,420,49.27,102.54,2.081,43066.41,20693.73,22372.67
MISS-12665,AG-03,CLI-112,CAND-1059,Intérim IA/Data,Terminée,2025-03-05,2025-09-01,1260,58.62,118.55,2.022,149375.59,73861.4,75514.18
MISS-12666,AG-08,CLI-100,CAND-1211,Intérim IA/Data,Terminée,2026-06-13,2026-12-10,1260,50.56,105.99,2.096,133550.35,63703.51,69846.85
MISS-12667,AG-09,CLI-163,CAND-1265,Management Transition,Terminée,2025-03-13,2025-05-12,420,70.45,139.03,1.973,58393.27,29588.98,28804.29
MISS-12668,AG-10,CLI-123,CAND-1309,Intérim IA/Data,Terminée,2026-02-01,2026-02-06,35,50.22,98.6,1.963,3450.87,1757.57,1693.3
MISS-12669,AG-12,CLI-149,CAND-1432,Intérim IA/Data,Terminée,2024-12-25,2025-01-04,70,45.07,89.85,1.994,6289.6,3154.63,3134.97
MISS-12670,AG-17,CLI-138,CAND-1219,Intérim IA/Data,En cours,2024-05-28,2024-06-17,140,54.56,96.98,1.777,13577.37,7638.91,5938.47
MISS-12671,AG-06,CLI-144,CAND-1308,Recrutement CDI,En cours,2024-03-25,2024-05-24,420,50.75,96.66,1.905,40595.57,21312.95,19282.62
MISS-12672,AG-11,CLI-124,CAND-1075,Intérim IA/Data,Terminée,2026-07-15,2026-08-04,140,32.23,61.59,1.911,8622.8,4511.92,4110.89
MISS-12673,AG-01,CLI-135,CAND-1268,Intérim IA/Data,Terminée,2025-11-10,2025-11-30,140,45.59,88.27,1.936,12357.59,6382.09,5975.5
MISS-12674,AG-14,CLI-156,CAND-1280,Management Transition,Terminée,2026-05-15,2026-07-14,420,66.75,120.7,1.808,50692.42,28033.09,22659.32
MISS-12675,AG-21,CLI-134,CAND-1448,Intérim IA/Data,En cours,2026-05-16,2026-05-26,70,36.91,69.56,1.885,4869.45,2583.37,2286.08
MISS-12676,AG-17,CLI-131,CAND-1402,Intérim IA/Data,Terminée,2025-07-25,2026-01-21,1260,53.2,101.21,1.902,127522.82,67034.66,60488.16
MISS-12677,AG-21,CLI-155,CAND-1118,Intérim IA/Data,Terminée,2024-08-28,2024-10-27,420,58.24,102.08,1.753,42871.91,24459.17,18412.74
MISS-12678,AG-12,CLI-164,CAND-1214,Intérim IA/Data,En cours,2024-11-19,2025-01-18,420,35.17,73.65,2.094,30934.24,14772.47,16161.77
MISS-12679,AG-12,CLI-112,CAND-1237,Intérim IA/Data,Terminée,2024-08-09,2024-11-07,630,70.96,128.92,1.817,81216.71,44707.03,36509.67
MISS-12680,AG-01,CLI-142,CAND-1275,Intérim IA/Data,Terminée,2025-02-01,2025-02-06,35,32.11,63.25,1.97,2213.9,1123.98,1089.92
MISS-12681,AG-07,CLI-126,CAND-1333,Intérim IA/Data,Terminée,2025-03-30,2025-04-19,140,48.85,86.9,1.779,12165.86,6838.56,5327.3
MISS-12682,AG-07,CLI-139,CAND-1186,Intérim IA/Data,Terminée,2026-06-22,2026-08-21,420,54.46,102.59,1.884,43088.82,22873.71,20215.11
MISS-12683,AG-13,CLI-164,CAND-1456,Management Transition,Terminée,2024-03-08,2024-03-13,35,50.6,96.69,1.911,3384.24,1770.93,1613.31
MISS-12684,AG-02,CLI-178,CAND-1294,Intérim IA/Data,En cours,2026-06-11,2026-08-10,420,51.26,102.01,1.99,42842.35,21529.36,21312.99
MISS-12685,AG-16,CLI-141,CAND-1361,Recrutement CDI,Terminée,2026-07-07,2027-01-03,1260,49.12,91.08,1.854,114758.86,61897.47,52861.4
MISS-12686,AG-06,CLI-106,CAND-1190,Intérim IA/Data,Terminée,2024-10-22,2024-11-11,140,59.67,119.98,2.011,16797.21,8354.1,8443.11
MISS-12687,AG-13,CLI-131,CAND-1320,Intérim IA/Data,Terminée,2024-02-18,2024-04-18,420,35.08,68.17,1.943,28629.96,14732.19,13897.77
MISS-12688,AG-13,CLI-178,CAND-1321,Intérim IA/Data,Terminée,2025-08-12,2025-09-01,140,31.28,59.52,1.903,8332.45,4378.77,3953.68
MISS-12689,AG-17,CLI-153,CAND-1150,Intérim IA/Data,En cours,2025-05-26,2025-07-25,420,44.52,87.49,1.965,36743.72,18698.41,18045.32
MISS-12690,AG-12,CLI-176,CAND-1368,Recrutement CDI,En cours,2025-11-19,2025-11-29,70,48.09,91.06,1.894,6374.09,3366.14,3007.94
MISS-12691,AG-04,CLI-141,CAND-1156,Intérim IA/Data,En cours,2026-05-26,2026-06-05,70,65.86,120.3,1.827,8420.89,4610.11,3810.78
MISS-12692,AG-20,CLI-118,CAND-1194,Intérim IA/Data,Terminée,2026-03-31,2026-04-10,70,49.05,91.66,1.869,6416.31,3433.85,2982.46
MISS-12693,AG-05,CLI-173,CAND-1216,Intérim IA/Data,Terminée,2024-04-30,2024-05-05,35,54.51,108.48,1.99,3796.94,1907.78,1889.16
MISS-12694,AG-06,CLI-155,CAND-1141,Management Transition,Terminée,2026-04-09,2026-04-29,140,46.36,82.08,1.771,11491.66,6490.04,5001.62
MISS-12695,AG-12,CLI-121,CAND-1343,Management Transition,Terminée,2026-06-05,2026-06-25,140,50.18,103.68,2.066,14515.07,7025.64,7489.43
MISS-12696,AG-03,CLI-139,CAND-1380,Recrutement CDI,En cours,2024-04-14,2024-04-24,70,65.05,136.21,2.094,9534.69,4553.63,4981.07
MISS-12697,AG-12,CLI-165,CAND-1058,Intérim IA/Data,Terminée,2024-12-31,2025-01-20,140,41.84,79.4,1.898,11116.59,5857.26,5259.33
MISS-12698,AG-11,CLI-146,CAND-1051,Recrutement CDI,Terminée,2025-08-08,2025-10-07,420,41.91,73.44,1.753,30845.75,17600.19,13245.57
MISS-12699,AG-18,CLI-168,CAND-1150,Intérim IA/Data,Terminée,2025-02-15,2025-04-16,420,30.02,57.01,1.899,23945.55,12610.1,11335.45
MISS-12700,AG-18,CLI-130,CAND-1042,Recrutement CDI,Terminée,2024-11-15,2024-12-05,140,38.23,75.65,1.979,10590.45,5351.51,5238.93
MISS-12701,AG-04,CLI-145,CAND-1029,Recrutement CDI,Annulée,2025-11-22,2026-02-20,630,46.03,92.13,2.001,58041.98,29001.52,29040.46
MISS-12702,AG-17,CLI-122,CAND-1188,Management Transition,Terminée,2026-01-05,2026-01-15,70,49.28,92.09,1.869,6446.61,3449.74,2996.87
MISS-12703,AG-11,CLI-161,CAND-1051,Intérim IA/Data,Terminée,2025-05-16,2025-05-26,70,69.5,138.26,1.989,9677.87,4864.86,4813.01
MISS-12704,AG-05,CLI-135,CAND-1494,Intérim IA/Data,Terminée,2025-11-14,2025-11-19,35,34.65,64.47,1.861,2256.34,1212.6,1043.73
MISS-12705,AG-22,CLI-148,CAND-1372,Recrutement CDI,En cours,2024-06-30,2024-07-20,140,61.59,126.19,2.049,17666.46,8623.27,9043.19
MISS-12706,AG-16,CLI-169,CAND-1428,Intérim IA/Data,Terminée,2024-01-04,2024-01-14,70,64.72,134.9,2.084,9442.71,4530.17,4912.55
MISS-12707,AG-12,CLI-119,CAND-1367,Recrutement CDI,Terminée,2025-12-25,2026-06-23,1260,70.43,146.61,2.082,184727.85,88737.15,95990.7
MISS-12708,AG-18,CLI-173,CAND-1336,Intérim IA/Data,Terminée,2025-01-10,2025-01-20,70,70.34,140.74,2.001,9851.97,4923.54,4928.42
MISS-12709,AG-07,CLI-172,CAND-1215,Intérim IA/Data,Terminée,2024-12-07,2025-03-07,630,44.82,90.81,2.026,57207.38,28238.15,28969.23
MISS-12710,AG-21,CLI-177,CAND-1172,Intérim IA/Data,Terminée,2025-07-04,2025-10-02,630,44.2,90.31,2.043,56897.54,27847.3,29050.24
MISS-12711,AG-02,CLI-132,CAND-1001,Intérim IA/Data,Terminée,2024-03-14,2024-06-12,630,44.65,86.68,1.941,54607.18,28132.6,26474.58
MISS-12712,AG-11,CLI-176,CAND-1446,Intérim IA/Data,Terminée,2026-08-01,2026-09-30,420,48.95,91.81,1.876,38561.18,20557.18,18004.0
MISS-12713,AG-02,CLI-150,CAND-1361,Recrutement CDI,En cours,2024-03-07,2024-09-03,1260,61.8,128.86,2.085,162360.72,77866.14,84494.58
MISS-12714,AG-19,CLI-114,CAND-1104,Intérim IA/Data,Terminée,2024-09-08,2024-12-07,630,46.39,81.52,1.757,51355.5,29226.81,22128.68
MISS-12715,AG-19,CLI-116,CAND-1040,Intérim IA/Data,Terminée,2024-04-02,2024-09-29,1260,51.0,104.07,2.04,131127.0,64262.66,66864.35
MISS-12716,AG-20,CLI-105,CAND-1213,Intérim IA/Data,Terminée,2026-05-19,2026-06-08,140,36.48,71.66,1.964,10032.76,5107.47,4925.29
MISS-12717,AG-16,CLI-126,CAND-1162,Management Transition,Terminée,2024-09-05,2024-09-15,70,55.82,115.09,2.062,8056.14,3907.53,4148.61
MISS-12718,AG-09,CLI-138,CAND-1020,Recrutement CDI,En cours,2024-03-16,2024-04-05,140,33.04,65.91,1.995,9226.73,4625.45,4601.28
MISS-12719,AG-09,CLI-148,CAND-1033,Intérim IA/Data,Terminée,2024-02-06,2024-02-16,70,35.37,73.43,2.076,5139.81,2475.91,2663.91
MISS-12720,AG-08,CLI-158,CAND-1155,Intérim IA/Data,Terminée,2025-03-09,2025-03-14,35,50.83,106.06,2.086,3712.02,1779.22,1932.8
MISS-12721,AG-11,CLI-103,CAND-1050,Intérim IA/Data,Terminée,2024-11-23,2024-11-28,35,45.56,88.08,1.933,3082.75,1594.56,1488.19
MISS-12722,AG-22,CLI-100,CAND-1059,Intérim IA/Data,Annulée,2025-02-10,2025-08-09,1260,53.13,111.17,2.093,140078.16,66939.99,73138.17
MISS-12723,AG-14,CLI-154,CAND-1225,Intérim IA/Data,Terminée,2024-11-28,2024-12-03,35,36.21,75.18,2.076,2631.33,1267.27,1364.06
MISS-12724,AG-07,CLI-113,CAND-1297,Recrutement CDI,Terminée,2024-10-05,2024-10-25,140,40.87,74.56,1.824,10438.73,5721.5,4717.23
MISS-12725,AG-02,CLI-118,CAND-1330,Intérim IA/Data,Terminée,2025-11-23,2026-05-22,1260,66.09,126.71,1.917,159651.63,83273.11,76378.52
MISS-12726,AG-06,CLI-120,CAND-1387,Intérim IA/Data,En cours,2024-09-22,2025-03-21,1260,34.72,70.11,2.019,88340.0,43746.77,44593.23
MISS-12727,AG-06,CLI-108,CAND-1200,Recrutement CDI,Annulée,2024-04-26,2024-10-23,1260,57.4,117.73,2.051,148344.68,72318.63,76026.05
MISS-12728,AG-12,CLI-168,CAND-1062,Recrutement CDI,Terminée,2025-06-25,2025-12-22,1260,48.42,95.96,1.982,120909.73,61013.96,59895.77
MISS-12729,AG-13,CLI-116,CAND-1088,Intérim IA/Data,Terminée,2026-02-26,2026-03-18,140,59.93,116.65,1.946,16331.33,8390.35,7940.98
MISS-12730,AG-10,CLI-169,CAND-1366,Management Transition,Terminée,2024-04-25,2024-04-30,35,44.07,78.12,1.772,2734.04,1542.51,1191.52
MISS-12731,AG-17,CLI-159,CAND-1318,Intérim IA/Data,Terminée,2025-01-22,2025-02-01,70,61.95,125.67,2.028,8796.64,4336.68,4459.96
MISS-12732,AG-11,CLI-175,CAND-1149,Intérim IA/Data,En cours,2024-01-04,2024-07-02,1260,51.62,101.5,1.966,127885.71,65042.05,62843.67
MISS-12733,AG-08,CLI-154,CAND-1271,Intérim IA/Data,Annulée,2025-05-13,2025-07-12,420,67.55,140.09,2.074,58837.28,28372.78,30464.5
MISS-12734,AG-20,CLI-166,CAND-1037,Intérim IA/Data,Terminée,2025-06-11,2025-12-08,1260,48.86,96.68,1.979,121822.9,61568.31,60254.59
MISS-12735,AG-05,CLI-157,CAND-1499,Intérim IA/Data,Annulée,2025-04-06,2025-07-05,630,57.22,119.85,2.095,75504.93,36046.12,39458.81
MISS-12736,AG-09,CLI-107,CAND-1134,Intérim IA/Data,Terminée,2025-11-29,2026-02-27,630,44.11,82.03,1.86,51680.36,27789.57,23890.78
MISS-12737,AG-07,CLI-158,CAND-1380,Recrutement CDI,Terminée,2024-01-05,2024-01-25,140,45.58,89.85,1.971,12578.79,6380.6,6198.19
MISS-12738,AG-20,CLI-154,CAND-1424,Intérim IA/Data,Terminée,2025-08-20,2025-11-18,630,64.98,125.8,1.936,79251.96,40936.86,38315.09
MISS-12739,AG-15,CLI-121,CAND-1079,Intérim IA/Data,Terminée,2024-08-30,2024-09-19,140,61.4,120.74,1.967,16903.89,8595.46,8308.42
MISS-12740,AG-20,CLI-116,CAND-1077,Recrutement CDI,Terminée,2025-11-04,2026-05-03,1260,42.64,80.87,1.897,101900.72,53723.55,48177.17
MISS-12741,AG-03,CLI-121,CAND-1194,Intérim IA/Data,Annulée,2024-05-26,2024-05-31,35,54.35,96.91,1.783,3391.95,1902.09,1489.86
MISS-12742,AG-08,CLI-125,CAND-1461,Intérim IA/Data,Annulée,2025-12-05,2026-02-03,420,71.67,130.86,1.826,54960.18,30102.6,24857.58
MISS-12743,AG-11,CLI-177,CAND-1182,Intérim IA/Data,Terminée,2024-02-05,2024-04-05,420,73.89,139.08,1.882,58411.95,31032.28,27379.66
MISS-12744,AG-04,CLI-177,CAND-1388,Intérim IA/Data,Annulée,2026-06-25,2026-07-05,70,46.24,82.02,1.774,5741.08,3236.89,2504.19
MISS-12745,AG-12,CLI-116,CAND-1094,Intérim IA/Data,Terminée,2024-02-18,2024-08-16,1260,59.77,111.21,1.861,140123.65,75314.91,64808.74
MISS-12746,AG-22,CLI-148,CAND-1280,Intérim IA/Data,Terminée,2025-03-25,2025-04-04,70,32.42,59.47,1.834,4162.79,2269.4,1893.39
MISS-12747,AG-15,CLI-158,CAND-1215,Intérim IA/Data,Terminée,2024-05-30,2024-06-04,35,71.67,135.61,1.892,4746.33,2508.39,2237.94
MISS-12748,AG-07,CLI-170,CAND-1460,Intérim IA/Data,En cours,2025-11-01,2025-11-21,140,39.06,76.71,1.964,10739.64,5467.89,5271.75
MISS-12749,AG-01,CLI-166,CAND-1226,Intérim IA/Data,Terminée,2025-04-24,2025-05-14,140,68.63,120.32,1.753,16844.79,9608.82,7235.97
MISS-12750,AG-06,CLI-104,CAND-1122,Intérim IA/Data,Terminée,2025-08-03,2025-08-23,140,60.15,116.48,1.936,16306.53,8421.52,7885.01
MISS-12751,AG-16,CLI-148,CAND-1275,Intérim IA/Data,Terminée,2024-08-21,2024-11-19,630,61.8,108.51,1.756,68361.24,38933.85,29427.39
MISS-12752,AG-04,CLI-150,CAND-1453,Recrutement CDI,Terminée,2024-09-17,2024-09-27,70,45.85,90.37,1.971,6325.82,3209.73,3116.1
MISS-12753,AG-06,CLI-120,CAND-1096,Recrutement CDI,Terminée,2024-07-05,2024-09-03,420,46.87,85.95,1.834,36098.32,19685.59,16412.73
MISS-12754,AG-20,CLI-109,CAND-1405,Intérim IA/Data,Terminée,2024-11-05,2025-01-04,420,34.7,62.92,1.813,26426.37,14572.62,11853.74
MISS-12755,AG-17,CLI-115,CAND-1400,Management Transition,Annulée,2025-11-24,2026-01-23,420,51.0,105.53,2.069,44320.61,21419.84,22900.78
MISS-12756,AG-02,CLI-170,CAND-1169,Intérim IA/Data,Terminée,2025-09-17,2025-11-16,420,52.58,96.09,1.828,40358.89,22082.31,18276.58
MISS-12757,AG-20,CLI-132,CAND-1279,Intérim IA/Data,Terminée,2025-09-22,2026-03-21,1260,34.51,61.62,1.786,77644.17,43483.64,34160.53
MISS-12758,AG-11,CLI-103,CAND-1031,Management Transition,Terminée,2025-08-22,2025-08-27,35,41.91,84.13,2.007,2944.69,1466.96,1477.73
MISS-12759,AG-19,CLI-104,CAND-1173,Intérim IA/Data,Terminée,2026-05-15,2026-05-25,70,56.23,108.21,1.924,7574.57,3935.95,3638.62
MISS-12760,AG-09,CLI-151,CAND-1033,Intérim IA/Data,Terminée,2025-11-14,2025-11-24,70,73.04,152.15,2.083,10650.41,5112.63,5537.79
MISS-12761,AG-07,CLI-161,CAND-1339,Intérim IA/Data,Terminée,2024-11-09,2025-01-08,420,35.85,73.39,2.047,30822.68,15057.6,15765.08
MISS-12762,AG-07,CLI-165,CAND-1190,Intérim IA/Data,Terminée,2025-10-10,2025-10-30,140,46.02,92.4,2.008,12935.61,6442.85,6492.77
MISS-12763,AG-06,CLI-151,CAND-1104,Intérim IA/Data,Terminée,2025-10-01,2025-11-30,420,38.25,71.1,1.859,29862.25,16064.53,13797.72
MISS-12764,AG-19,CLI-138,CAND-1353,Intérim IA/Data,En cours,2025-04-11,2025-04-21,70,71.39,148.86,2.085,10420.13,4997.52,5422.61
MISS-12765,AG-11,CLI-148,CAND-1038,Intérim IA/Data,Terminée,2025-01-25,2025-03-26,420,71.06,132.51,1.865,55653.25,29844.89,25808.36
MISS-12766,AG-14,CLI-112,CAND-1351,Intérim IA/Data,Terminée,2026-07-19,2026-08-08,140,55.28,112.99,2.044,15818.61,7739.06,8079.55
MISS-12767,AG-10,CLI-129,CAND-1084,Intérim IA/Data,Terminée,2025-12-10,2026-02-08,420,35.74,64.66,1.809,27155.8,15011.97,12143.83
MISS-12768,AG-17,CLI-168,CAND-1112,Recrutement CDI,Terminée,2026-01-25,2026-02-04,70,37.49,73.0,1.947,5110.14,2624.62,2485.52
MISS-12769,AG-04,CLI-133,CAND-1303,Recrutement CDI,Terminée,2024-04-01,2024-09-28,1260,52.34,103.77,1.983,130750.28,65951.95,64798.33
MISS-12770,AG-14,CLI-140,CAND-1158,Recrutement CDI,Terminée,2024-04-27,2024-05-07,70,30.49,57.76,1.894,4043.38,2134.28,1909.1
MISS-12771,AG-15,CLI-119,CAND-1407,Intérim IA/Data,Terminée,2024-10-12,2024-10-22,70,56.95,102.29,1.796,7160.63,3986.54,3174.09
MISS-12772,AG-01,CLI-143,CAND-1464,Intérim IA/Data,Terminée,2024-01-19,2024-03-19,420,62.52,120.96,1.935,50802.95,26257.5,24545.46
MISS-12773,AG-07,CLI-124,CAND-1002,Intérim IA/Data,Terminée,2025-04-12,2025-06-11,420,61.23,113.95,1.861,47860.55,25717.08,22143.47
MISS-12774,AG-22,CLI-166,CAND-1412,Recrutement CDI,Terminée,2025-10-20,2025-11-09,140,57.64,106.22,1.843,14871.47,8070.01,6801.46
MISS-12775,AG-16,CLI-122,CAND-1186,Intérim IA/Data,Terminée,2026-05-02,2026-07-31,630,64.85,117.54,1.812,74051.8,40857.59,33194.21
MISS-12776,AG-02,CLI-149,CAND-1235,Intérim IA/Data,En cours,2024-01-05,2024-01-25,140,67.32,119.88,1.781,16783.56,9425.43,7358.13
MISS-12777,AG-21,CLI-168,CAND-1114,Intérim IA/Data,Terminée,2024-04-19,2024-10-16,1260,40.84,80.34,1.967,101233.77,51453.12,49780.66
MISS-12778,AG-01,CLI-113,CAND-1223,Intérim IA/Data,En cours,2025-12-17,2025-12-22,35,62.51,109.62,1.754,3836.71,2188.01,1648.7
MISS-12779,AG-20,CLI-110,CAND-1024,Intérim IA/Data,Annulée,2024-12-12,2024-12-17,35,62.79,118.98,1.895,4164.21,2197.5,1966.7
MISS-12780,AG-14,CLI-102,CAND-1192,Recrutement CDI,Terminée,2024-06-26,2024-12-23,1260,32.09,67.14,2.092,84601.27,40438.51,44162.76
MISS-12781,AG-15,CLI-154,CAND-1347,Intérim IA/Data,Annulée,2024-08-26,2024-10-25,420,37.19,69.54,1.87,29208.8,15620.18,13588.62
MISS-12782,AG-02,CLI-176,CAND-1178,Intérim IA/Data,En cours,2024-10-30,2025-01-28,630,48.74,93.56,1.919,58941.05,30707.37,28233.68
MISS-12783,AG-10,CLI-178,CAND-1254,Management Transition,Terminée,2024-11-07,2024-11-17,70,56.02,107.42,1.917,7519.4,3921.73,3597.67
MISS-12784,AG-22,CLI-110,CAND-1070,Intérim IA/Data,En cours,2024-08-12,2024-08-22,70,45.55,88.53,1.943,6196.89,3188.55,3008.34
MISS-12785,AG-15,CLI-177,CAND-1284,Intérim IA/Data,Terminée,2026-07-16,2026-08-05,140,59.8,122.05,2.041,17086.65,8372.48,8714.18
MISS-12786,AG-18,CLI-111,CAND-1354,Intérim IA/Data,Terminée,2026-05-18,2026-05-28,70,42.07,86.94,2.067,6086.08,2944.58,3141.5
MISS-12787,AG-18,CLI-130,CAND-1280,Intérim IA/Data,En cours,2026-04-30,2026-05-10,70,66.38,135.47,2.041,9482.76,4646.89,4835.87
MISS-12788,AG-05,CLI-131,CAND-1199,Intérim IA/Data,Terminée,2024-09-10,2024-11-09,420,51.72,99.96,1.933,41981.43,21723.29,20258.14
MISS-12789,AG-07,CLI-177,CAND-1302,Intérim IA/Data,Terminée,2026-01-21,2026-02-10,140,40.44,75.21,1.86,10529.14,5662.08,4867.06
MISS-12790,AG-10,CLI-156,CAND-1310,Intérim IA/Data,En cours,2025-10-31,2025-11-10,70,50.79,94.37,1.858,6606.21,3555.34,3050.87
MISS-12791,AG-04,CLI-121,CAND-1164,Intérim IA/Data,En cours,2025-03-27,2025-04-16,140,39.82,71.53,1.796,10014.15,5574.48,4439.68
MISS-12792,AG-17,CLI-150,CAND-1240,Management Transition,Terminée,2026-03-29,2026-04-18,140,57.42,119.66,2.084,16752.14,8038.54,8713.59
MISS-12793,AG-06,CLI-124,CAND-1223,Recrutement CDI,Terminée,2025-02-22,2025-03-04,70,52.87,99.15,1.875,6940.23,3700.63,3239.6
MISS-12794,AG-22,CLI-138,CAND-1460,Intérim IA/Data,Terminée,2024-10-17,2025-01-15,630,58.9,123.45,2.096,77774.98,37109.46,40665.52
MISS-12795,AG-18,CLI-151,CAND-1068,Intérim IA/Data,Terminée,2024-04-10,2024-04-15,35,67.57,141.5,2.094,4952.48,2364.88,2587.59
MISS-12796,AG-18,CLI-175,CAND-1281,Intérim IA/Data,En cours,2026-07-17,2026-07-27,70,44.73,92.09,2.059,6446.4,3131.13,3315.27
MISS-12797,AG-19,CLI-138,CAND-1335,Recrutement CDI,En cours,2025-02-23,2025-05-24,630,44.63,90.08,2.018,56749.73,28118.15,28631.58
MISS-12798,AG-06,CLI-160,CAND-1339,Management Transition,Terminée,2026-04-22,2026-04-27,35,54.09,113.02,2.089,3955.63,1893.16,2062.47
MISS-12799,AG-18,CLI-168,CAND-1114,Intérim IA/Data,Terminée,2024-06-06,2024-06-26,140,66.52,132.65,1.994,18570.54,9313.45,9257.08
MISS-12800,AG-13,CLI-168,CAND-1089,Recrutement CDI,Terminée,2025-03-31,2025-04-20,140,73.27,132.51,1.809,18550.94,10257.21,8293.73
MISS-12801,AG-20,CLI-145,CAND-1415,Intérim IA/Data,Terminée,2024-09-18,2024-10-08,140,32.95,63.4,1.924,8876.03,4612.64,4263.39
MISS-12802,AG-19,CLI-109,CAND-1206,Management Transition,Terminée,2024-11-09,2024-11-29,140,42.09,78.77,1.871,11027.41,5892.52,5134.89
MISS-12803,AG-03,CLI-107,CAND-1299,Management Transition,Terminée,2024-09-12,2024-11-11,420,69.45,127.4,1.835,53508.12,29167.46,24340.66
MISS-12804,AG-03,CLI-174,CAND-1014,Intérim IA/Data,Terminée,2024-01-30,2024-02-04,35,62.98,112.49,1.786,3937.31,2204.34,1732.98
MISS-12805,AG-06,CLI-101,CAND-1120,Recrutement CDI,En cours,2025-06-11,2025-12-08,1260,59.36,120.15,2.024,151394.6,74790.58,76604.02
MISS-12806,AG-08,CLI-173,CAND-1472,Intérim IA/Data,Terminée,2026-07-23,2026-09-21,420,31.67,63.98,2.02,26871.03,13302.98,13568.05
MISS-12807,AG-02,CLI-128,CAND-1469,Intérim IA/Data,Terminée,2025-11-21,2025-12-01,70,39.63,73.29,1.849,5130.09,2774.33,2355.77
MISS-12808,AG-08,CLI-107,CAND-1070,Intérim IA/Data,Terminée,2024-07-23,2024-07-28,35,38.11,68.13,1.788,2384.56,1333.98,1050.58
MISS-12809,AG-10,CLI-117,CAND-1298,Intérim IA/Data,Terminée,2026-04-05,2026-04-25,140,73.36,140.1,1.91,19614.65,10269.99,9344.66
MISS-12810,AG-03,CLI-128,CAND-1303,Recrutement CDI,Terminée,2025-01-30,2025-02-09,70,47.46,92.46,1.948,6472.25,3322.24,3150.01
MISS-12811,AG-21,CLI-163,CAND-1218,Intérim IA/Data,En cours,2025-03-02,2025-05-01,420,31.98,57.01,1.783,23946.04,13433.46,10512.57
MISS-12812,AG-04,CLI-173,CAND-1349,Intérim IA/Data,Annulée,2024-04-07,2024-04-27,140,71.57,125.42,1.753,17558.85,10019.17,7539.68
MISS-12813,AG-13,CLI-101,CAND-1052,Management Transition,Terminée,2024-07-24,2024-08-13,140,67.79,136.83,2.018,19155.74,9491.1,9664.65
MISS-12814,AG-08,CLI-137,CAND-1137,Intérim IA/Data,Terminée,2024-04-19,2024-04-29,70,48.18,89.19,1.851,6243.63,3372.8,2870.83
MISS-12815,AG-19,CLI-173,CAND-1468,Intérim IA/Data,En cours,2024-03-09,2024-05-08,420,44.36,78.61,1.772,33017.69,18631.26,14386.43
MISS-12816,AG-22,CLI-119,CAND-1192,Management Transition,Terminée,2025-12-30,2026-01-04,35,69.54,133.35,1.918,4667.17,2433.78,2233.39
MISS-12817,AG-15,CLI-146,CAND-1292,Intérim IA/Data,En cours,2025-11-24,2025-11-29,35,40.86,83.07,2.033,2907.31,1430.03,1477.29
MISS-12818,AG-06,CLI-138,CAND-1467,Intérim IA/Data,Terminée,2025-09-28,2025-10-18,140,52.64,109.77,2.085,15367.99,7369.98,7998.01
MISS-12819,AG-03,CLI-101,CAND-1399,Recrutement CDI,Terminée,2024-12-29,2025-06-27,1260,39.86,69.82,1.751,87968.5,50226.42,37742.08
MISS-12820,AG-09,CLI-114,CAND-1473,Intérim IA/Data,En cours,2026-02-20,2026-08-19,1260,73.89,133.15,1.802,167767.42,93096.51,74670.91
MISS-12821,AG-06,CLI-145,CAND-1175,Intérim IA/Data,Terminée,2024-04-01,2024-05-31,420,47.62,84.75,1.78,35596.3,19999.38,15596.92
MISS-12822,AG-18,CLI-131,CAND-1350,Intérim IA/Data,Annulée,2024-10-20,2024-10-25,35,58.17,117.98,2.028,4129.39,2036.02,2093.37
MISS-12823,AG-10,CLI-118,CAND-1205,Intérim IA/Data,Terminée,2024-08-24,2024-10-23,420,63.6,129.55,2.037,54411.32,26711.08,27700.24
MISS-12824,AG-11,CLI-177,CAND-1496,Intérim IA/Data,Terminée,2026-06-20,2026-07-10,140,60.07,117.77,1.961,16487.25,8409.18,8078.07
MISS-12825,AG-10,CLI-125,CAND-1286,Intérim IA/Data,Terminée,2024-06-07,2024-06-27,140,33.64,69.7,2.072,9758.31,4710.15,5048.16
MISS-12826,AG-04,CLI-139,CAND-1231,Intérim IA/Data,Terminée,2024-10-11,2024-10-31,140,73.8,139.2,1.886,19488.18,10332.19,9155.99
MISS-12827,AG-10,CLI-125,CAND-1129,Intérim IA/Data,En cours,2025-06-06,2025-06-26,140,51.63,93.58,1.813,13101.07,7227.79,5873.28
MISS-12828,AG-04,CLI-142,CAND-1484,Intérim IA/Data,Terminée,2024-07-24,2024-08-13,140,40.57,77.9,1.92,10905.46,5679.27,5226.19
MISS-12829,AG-02,CLI-144,CAND-1059,Intérim IA/Data,Terminée,2024-07-10,2024-07-15,35,69.84,123.93,1.774,4337.66,2444.55,1893.11
MISS-12830,AG-12,CLI-156,CAND-1449,Intérim IA/Data,Terminée,2024-03-07,2024-09-03,1260,40.06,74.41,1.858,93757.31,50474.66,43282.65
MISS-12831,AG-02,CLI-138,CAND-1236,Intérim IA/Data,Terminée,2025-02-17,2025-02-27,70,39.49,76.58,1.939,5360.46,2764.51,2595.95
MISS-12832,AG-22,CLI-108,CAND-1329,Recrutement CDI,Terminée,2025-01-07,2025-01-17,70,64.78,119.07,1.838,8335.25,4534.93,3800.32
MISS-12833,AG-05,CLI-176,CAND-1151,Management Transition,Terminée,2025-01-04,2025-07-03,1260,67.87,131.29,1.935,165427.96,85511.54,79916.42
MISS-12834,AG-09,CLI-103,CAND-1463,Intérim IA/Data,Terminée,2025-01-10,2025-01-30,140,31.4,59.14,1.884,8279.24,4395.61,3883.63
MISS-12835,AG-01,CLI-133,CAND-1332,Intérim IA/Data,En cours,2024-09-18,2024-11-17,420,71.18,126.47,1.777,53117.3,29897.19,23220.11
MISS-12836,AG-08,CLI-137,CAND-1291,Intérim IA/Data,Terminée,2024-06-01,2024-06-11,70,46.17,93.67,2.029,6556.63,3232.01,3324.63
MISS-12837,AG-19,CLI-121,CAND-1144,Intérim IA/Data,Terminée,2026-05-09,2026-05-14,35,48.36,94.52,1.955,3308.33,1692.5,1615.84
MISS-12838,AG-02,CLI-165,CAND-1159,Intérim IA/Data,Terminée,2024-05-30,2024-11-26,1260,43.53,88.51,2.033,111524.52,54853.82,56670.7
MISS-12839,AG-22,CLI-137,CAND-1303,Intérim IA/Data,Terminée,2026-04-25,2026-07-24,630,32.03,56.84,1.775,35811.55,20180.24,15631.31
MISS-12840,AG-16,CLI-160,CAND-1454,Intérim IA/Data,Terminée,2026-01-01,2026-01-21,140,38.38,68.7,1.79,9617.55,5373.45,4244.1
MISS-12841,AG-16,CLI-103,CAND-1302,Intérim IA/Data,Terminée,2026-06-26,2026-07-01,35,38.28,74.01,1.933,2590.2,1339.78,1250.42
MISS-12842,AG-10,CLI-112,CAND-1300,Management Transition,En cours,2024-07-05,2024-07-15,70,43.89,83.23,1.896,5826.31,3072.39,2753.92
MISS-12843,AG-04,CLI-170,CAND-1222,Intérim IA/Data,En cours,2024-08-18,2024-08-28,70,44.52,81.53,1.831,5707.27,3116.65,2590.62
MISS-12844,AG-10,CLI-116,CAND-1147,Intérim IA/Data,Terminée,2024-06-28,2024-07-08,70,38.29,77.54,2.025,5428.08,2680.51,2747.58
MISS-12845,AG-06,CLI-103,CAND-1297,Intérim IA/Data,Terminée,2025-07-09,2025-07-19,70,31.19,64.04,2.054,4483.09,2183.13,2299.96
MISS-12846,AG-05,CLI-157,CAND-1021,Intérim IA/Data,Terminée,2024-09-16,2024-12-15,630,43.11,76.53,1.775,48213.58,27157.11,21056.46
MISS-12847,AG-09,CLI-101,CAND-1103,Intérim IA/Data,En cours,2024-09-13,2024-09-18,35,32.5,66.1,2.034,2313.56,1137.54,1176.02
MISS-12848,AG-20,CLI-114,CAND-1391,Intérim IA/Data,Terminée,2026-04-10,2026-04-15,35,40.78,83.79,2.055,2932.8,1427.45,1505.36
MISS-12849,AG-08,CLI-100,CAND-1346,Management Transition,Terminée,2026-06-24,2026-06-29,35,65.47,123.93,1.893,4337.44,2291.4,2046.05
MISS-12850,AG-08,CLI-121,CAND-1122,Recrutement CDI,Terminée,2024-01-14,2024-01-24,70,35.99,69.08,1.919,4835.61,2519.27,2316.34
MISS-12851,AG-10,CLI-142,CAND-1425,Intérim IA/Data,Terminée,2024-04-23,2024-05-03,70,43.82,79.51,1.814,5565.68,3067.53,2498.14
MISS-12852,AG-03,CLI-141,CAND-1017,Recrutement CDI,Terminée,2026-06-18,2026-07-08,140,48.03,87.61,1.824,12265.8,6723.63,5542.18
MISS-12853,AG-09,CLI-162,CAND-1219,Intérim IA/Data,Terminée,2026-05-04,2026-08-02,630,70.41,139.86,1.986,88113.08,44359.81,43753.26
MISS-12854,AG-18,CLI-145,CAND-1029,Intérim IA/Data,En cours,2024-01-16,2024-07-14,1260,70.73,143.77,2.033,181149.32,89119.84,92029.48
MISS-12855,AG-01,CLI-173,CAND-1158,Management Transition,Terminée,2025-10-23,2025-12-22,420,68.4,138.78,2.029,58287.72,28726.83,29560.89
MISS-12856,AG-12,CLI-172,CAND-1065,Intérim IA/Data,En cours,2025-06-22,2025-07-02,70,38.97,81.41,2.089,5698.86,2728.04,2970.82
MISS-12857,AG-19,CLI-141,CAND-1290,Intérim IA/Data,Terminée,2024-08-17,2024-10-16,420,43.72,80.85,1.849,33958.76,18362.52,15596.24
MISS-12858,AG-10,CLI-121,CAND-1410,Management Transition,Terminée,2025-01-19,2025-04-19,630,37.75,79.23,2.099,49916.33,23784.3,26132.03
MISS-12859,AG-15,CLI-158,CAND-1332,Recrutement CDI,Terminée,2024-04-17,2024-04-27,70,38.28,77.43,2.023,5420.26,2679.47,2740.79
MISS-12860,AG-11,CLI-128,CAND-1027,Intérim IA/Data,Terminée,2024-01-05,2024-01-15,70,57.99,107.43,1.853,7520.11,4059.19,3460.92
MISS-12861,AG-07,CLI-171,CAND-1253,Intérim IA/Data,Annulée,2025-12-12,2025-12-17,35,59.89,113.82,1.901,3983.83,2096.07,1887.77
MISS-12862,AG-10,CLI-132,CAND-1166,Intérim IA/Data,Terminée,2025-04-25,2025-05-05,70,47.91,93.09,1.943,6516.11,3353.92,3162.19
MISS-12863,AG-08,CLI-142,CAND-1102,Recrutement CDI,Terminée,2025-11-11,2026-02-09,630,69.11,128.54,1.86,80977.44,43539.22,37438.22
MISS-12864,AG-02,CLI-149,CAND-1317,Intérim IA/Data,Terminée,2024-08-21,2025-02-17,1260,30.7,56.78,1.85,71545.27,38681.39,32863.89
MISS-12865,AG-01,CLI-114,CAND-1037,Recrutement CDI,En cours,2025-11-11,2025-12-01,140,41.27,83.06,2.013,11628.12,5777.36,5850.76
MISS-12866,AG-14,CLI-179,CAND-1276,Intérim IA/Data,Terminée,2025-05-04,2025-08-02,630,36.23,74.3,2.051,46808.26,22825.92,23982.34
MISS-12867,AG-18,CLI-153,CAND-1018,Intérim IA/Data,Annulée,2025-04-18,2025-07-17,630,43.39,85.86,1.979,54090.61,27333.48,26757.12
MISS-12868,AG-11,CLI-119,CAND-1282,Intérim IA/Data,Terminée,2026-07-21,2026-07-31,70,72.0,133.85,1.859,9369.55,5039.75,4329.8
MISS-12869,AG-14,CLI-145,CAND-1391,Intérim IA/Data,En cours,2024-11-25,2024-11-30,35,55.53,114.88,2.069,4020.8,1943.67,2077.13
MISS-12870,AG-10,CLI-166,CAND-1266,Intérim IA/Data,Terminée,2024-01-03,2024-03-03,420,37.17,69.26,1.863,29089.61,15612.41,13477.2
MISS-12871,AG-01,CLI-139,CAND-1188,Intérim IA/Data,En cours,2026-02-10,2026-03-02,140,45.72,87.33,1.91,12226.38,6400.76,5825.62
MISS-12872,AG-22,CLI-163,CAND-1406,Recrutement CDI,Terminée,2025-10-22,2026-04-20,1260,33.82,61.93,1.831,78035.56,42613.89,35421.67
MISS-12873,AG-14,CLI-104,CAND-1140,Management Transition,Terminée,2025-02-05,2025-02-25,140,34.21,64.63,1.889,9048.57,4788.94,4259.63
MISS-12874,AG-19,CLI-105,CAND-1391,Intérim IA/Data,Terminée,2025-08-04,2025-08-14,70,49.86,91.39,1.833,6397.0,3490.54,2906.45
MISS-12875,AG-16,CLI-109,CAND-1133,Intérim IA/Data,Annulée,2024-07-07,2024-09-05,420,68.26,134.69,1.973,56569.54,28667.71,27901.83
MISS-12876,AG-07,CLI-131,CAND-1451,Intérim IA/Data,Terminée,2025-12-16,2026-02-14,420,52.75,102.99,1.952,43257.87,22156.2,21101.67
MISS-12877,AG-08,CLI-178,CAND-1373,Recrutement CDI,Terminée,2026-02-23,2026-08-22,1260,51.79,105.22,2.031,132572.73,65259.69,67313.04
MISS-12878,AG-03,CLI-139,CAND-1403,Intérim IA/Data,Terminée,2026-07-21,2026-07-31,70,40.92,78.54,1.919,5497.45,2864.31,2633.15
MISS-12879,AG-14,CLI-133,CAND-1175,Management Transition,Terminée,2024-01-23,2024-02-12,140,31.15,59.77,1.919,8367.71,4361.36,4006.34
MISS-12880,AG-20,CLI-132,CAND-1011,Intérim IA/Data,Terminée,2026-05-19,2026-06-08,140,51.95,107.2,2.063,15007.86,7273.61,7734.25
MISS-12881,AG-13,CLI-109,CAND-1090,Intérim IA/Data,Terminée,2025-01-06,2025-01-16,70,67.58,128.47,1.901,8992.89,4730.78,4262.11
MISS-12882,AG-02,CLI-124,CAND-1256,Intérim IA/Data,Terminée,2026-01-06,2026-01-26,140,69.81,140.89,2.018,19724.33,9773.09,9951.24
MISS-12883,AG-03,CLI-118,CAND-1027,Intérim IA/Data,Terminée,2025-05-19,2025-07-18,420,66.81,134.9,2.019,56656.01,28058.85,28597.16
MISS-12884,AG-11,CLI-151,CAND-1164,Intérim IA/Data,Terminée,2026-07-22,2026-08-11,140,71.34,149.26,2.092,20896.52,9987.9,10908.62
MISS-12885,AG-22,CLI-129,CAND-1352,Intérim IA/Data,Terminée,2024-02-06,2024-02-26,140,51.73,97.73,1.889,13682.09,7241.78,6440.31
MISS-12886,AG-02,CLI-109,CAND-1138,Intérim IA/Data,En cours,2026-02-22,2026-03-04,70,38.89,71.08,1.828,4975.77,2722.39,2253.38
MISS-12887,AG-16,CLI-141,CAND-1047,Intérim IA/Data,Terminée,2025-08-05,2025-08-15,70,52.71,96.87,1.838,6780.85,3689.41,3091.45
MISS-12888,AG-20,CLI-109,CAND-1383,Recrutement CDI,En cours,2025-04-23,2025-10-20,1260,68.82,132.11,1.92,166453.25,86711.27,79741.99
MISS-12889,AG-11,CLI-154,CAND-1314,Intérim IA/Data,En cours,2024-06-08,2024-06-28,140,67.42,141.57,2.1,19819.6,9438.19,10381.41
MISS-12890,AG-14,CLI-151,CAND-1164,Intérim IA/Data,Terminée,2025-09-19,2025-09-29,70,36.36,71.5,1.966,5004.84,2545.11,2459.74
MISS-12891,AG-04,CLI-139,CAND-1440,Intérim IA/Data,Terminée,2025-01-28,2025-02-02,35,33.43,68.04,2.035,2381.36,1170.2,1211.16
MISS-12892,AG-12,CLI-145,CAND-1237,Management Transition,En cours,2025-05-24,2025-08-22,630,66.33,119.95,1.808,75570.39,41787.44,33782.95
MISS-12893,AG-09,CLI-122,CAND-1121,Management Transition,Terminée,2024-10-11,2024-10-31,140,54.2,104.79,1.933,14670.25,7587.64,7082.61
MISS-12894,AG-01,CLI-126,CAND-1008,Recrutement CDI,Terminée,2025-03-16,2025-04-05,140,44.45,80.0,1.8,11199.95,6222.46,4977.49
MISS-12895,AG-22,CLI-150,CAND-1111,Intérim IA/Data,En cours,2026-02-26,2026-03-03,35,61.48,111.16,1.808,3890.47,2151.93,1738.54
MISS-12896,AG-17,CLI-110,CAND-1213,Intérim IA/Data,Terminée,2024-12-29,2025-06-27,1260,50.31,97.95,1.947,123415.97,63385.71,60030.26
MISS-12897,AG-16,CLI-124,CAND-1303,Intérim IA/Data,Terminée,2024-04-17,2024-04-27,70,74.85,153.1,2.046,10717.17,5239.23,5477.94
MISS-12898,AG-07,CLI-148,CAND-1132,Intérim IA/Data,En cours,2025-03-15,2025-06-13,630,45.23,87.8,1.941,55314.18,28492.95,26821.23
MISS-12899,AG-07,CLI-169,CAND-1270,Intérim IA/Data,Annulée,2026-05-29,2026-07-28,420,69.33,138.5,1.998,58168.08,29116.97,29051.11
MISS-12900,AG-10,CLI-123,CAND-1095,Intérim IA/Data,Terminée,2025-09-16,2025-12-15,630,30.74,63.78,2.075,40182.81,19363.29,20819.52
MISS-12901,AG-14,CLI-154,CAND-1202,Intérim IA/Data,Terminée,2025-08-25,2025-09-14,140,48.43,93.69,1.935,13116.01,6779.53,6336.48
MISS-12902,AG-17,CLI-164,CAND-1399,Intérim IA/Data,Terminée,2024-06-14,2024-06-24,70,66.65,126.32,1.895,8842.25,4665.42,4176.83
MISS-12903,AG-09,CLI-144,CAND-1411,Intérim IA/Data,Terminée,2024-11-30,2024-12-20,140,52.56,103.1,1.962,14434.42,7357.98,7076.44
MISS-12904,AG-22,CLI-154,CAND-1196,Management Transition,Terminée,2024-04-10,2024-04-30,140,68.61,139.08,2.027,19471.25,9604.86,9866.39
MISS-12905,AG-11,CLI-174,CAND-1253,Management Transition,Terminée,2025-06-19,2025-06-24,35,55.38,102.92,1.858,3602.14,1938.37,1663.76
MISS-12906,AG-16,CLI-177,CAND-1465,Intérim IA/Data,Terminée,2024-10-01,2024-11-30,420,71.53,136.79,1.912,57453.54,30042.48,27411.06
MISS-12907,AG-11,CLI-143,CAND-1331,Management Transition,Annulée,2025-01-24,2025-01-29,35,67.85,133.29,1.965,4665.02,2374.59,2290.43
MISS-12908,AG-15,CLI-114,CAND-1385,Intérim IA/Data,Terminée,2026-08-07,2026-08-12,35,72.28,127.78,1.768,4472.28,2529.75,1942.53
MISS-12909,AG-05,CLI-175,CAND-1179,Intérim IA/Data,Terminée,2024-11-03,2024-11-23,140,31.35,65.81,2.099,9213.7,4389.62,4824.08
MISS-12910,AG-02,CLI-128,CAND-1266,Intérim IA/Data,Terminée,2025-10-05,2025-12-04,420,54.97,109.57,1.993,46018.51,23088.3,22930.2
MISS-12911,AG-02,CLI-121,CAND-1414,Intérim IA/Data,En cours,2026-03-23,2026-05-22,420,32.96,65.12,1.976,27349.11,13842.62,13506.49
MISS-12912,AG-19,CLI-141,CAND-1414,Intérim IA/Data,Terminée,2026-01-20,2026-02-09,140,63.59,126.14,1.984,17659.79,8903.1,8756.69
MISS-12913,AG-14,CLI-121,CAND-1394,Intérim IA/Data,En cours,2024-04-27,2024-05-07,70,64.3,123.35,1.918,8634.72,4500.82,4133.9
MISS-12914,AG-15,CLI-147,CAND-1167,Intérim IA/Data,Terminée,2025-04-26,2025-06-25,420,68.3,127.44,1.866,53523.58,28684.55,24839.03
MISS-12915,AG-13,CLI-166,CAND-1361,Intérim IA/Data,Annulée,2025-03-10,2025-03-30,140,32.55,64.89,1.993,9084.11,4557.53,4526.58
MISS-12916,AG-09,CLI-122,CAND-1183,Intérim IA/Data,Terminée,2024-04-24,2024-05-14,140,41.97,82.64,1.969,11568.91,5875.32,5693.59
MISS-12917,AG-11,CLI-152,CAND-1070,Intérim IA/Data,Terminée,2026-07-09,2026-09-07,420,60.98,123.2,2.021,51745.57,25610.23,26135.35
MISS-12918,AG-04,CLI-116,CAND-1179,Intérim IA/Data,Terminée,2026-03-24,2026-09-20,1260,65.53,126.07,1.924,158849.89,82565.06,76284.83
MISS-12919,AG-05,CLI-170,CAND-1427,Recrutement CDI,Terminée,2026-05-08,2026-07-07,420,45.59,91.8,2.013,38554.59,19148.44,19406.15
MISS-12920,AG-10,CLI-126,CAND-1392,Recrutement CDI,Terminée,2024-01-26,2024-07-24,1260,64.64,126.18,1.952,158988.4,81451.33,77537.07
MISS-12921,AG-01,CLI-122,CAND-1345,Intérim IA/Data,Terminée,2025-09-27,2025-10-17,140,35.05,62.27,1.777,8718.39,4906.78,3811.6
MISS-12922,AG-09,CLI-158,CAND-1271,Intérim IA/Data,Terminée,2024-08-23,2024-10-22,420,49.79,91.31,1.834,38348.68,20913.18,17435.5
MISS-12923,AG-06,CLI-116,CAND-1367,Intérim IA/Data,Terminée,2025-07-25,2026-01-21,1260,33.3,69.8,2.096,87947.9,41952.85,45995.04
MISS-12924,AG-19,CLI-163,CAND-1294,Intérim IA/Data,Terminée,2024-02-25,2024-04-25,420,50.52,89.22,1.766,37473.4,21219.71,16253.69
MISS-12925,AG-06,CLI-153,CAND-1261,Intérim IA/Data,Terminée,2024-10-06,2024-10-16,70,55.5,104.5,1.883,7315.28,3885.11,3430.16
MISS-12926,AG-20,CLI-153,CAND-1152,Intérim IA/Data,Terminée,2024-10-12,2025-04-10,1260,57.36,118.23,2.061,148973.59,72272.15,76701.43
MISS-12927,AG-19,CLI-144,CAND-1467,Intérim IA/Data,En cours,2026-06-04,2026-12-01,1260,49.58,88.31,1.781,111264.7,62476.4,48788.3
MISS-12928,AG-19,CLI-116,CAND-1357,Intérim IA/Data,Terminée,2026-05-31,2026-06-20,140,61.24,113.69,1.857,15917.13,8573.02,7344.11
MISS-12929,AG-12,CLI-160,CAND-1014,Intérim IA/Data,Terminée,2025-02-19,2025-08-18,1260,33.19,69.52,2.095,87589.75,41816.81,45772.95
MISS-12930,AG-22,CLI-126,CAND-1202,Intérim IA/Data,En cours,2024-09-11,2024-09-16,35,43.61,89.22,2.046,3122.72,1526.25,1596.47
MISS-12931,AG-10,CLI-117,CAND-1001,Recrutement CDI,Terminée,2024-02-22,2024-03-03,70,72.51,143.01,1.972,10010.39,5075.35,4935.04
MISS-12932,AG-22,CLI-103,CAND-1390,Intérim IA/Data,Terminée,2024-02-27,2024-03-18,140,46.18,88.88,1.924,12442.96,6465.64,5977.33
MISS-12933,AG-15,CLI-135,CAND-1361,Recrutement CDI,Terminée,2026-01-15,2026-02-04,140,47.2,98.61,2.089,13804.7,6607.76,7196.94
MISS-12934,AG-10,CLI-165,CAND-1324,Recrutement CDI,En cours,2024-04-14,2024-04-24,70,36.8,69.69,1.894,4878.38,2575.83,2302.54
MISS-12935,AG-13,CLI-159,CAND-1299,Intérim IA/Data,En cours,2025-02-05,2025-02-25,140,74.95,147.27,1.965,20617.5,10493.15,10124.35
MISS-12936,AG-16,CLI-119,CAND-1434,Recrutement CDI,Terminée,2025-04-30,2025-05-20,140,67.36,122.65,1.821,17170.6,9430.67,7739.93
MISS-12937,AG-19,CLI-122,CAND-1345,Intérim IA/Data,Terminée,2026-01-06,2026-01-16,70,74.65,148.34,1.987,10383.6,5225.7,5157.9
MISS-12938,AG-19,CLI-117,CAND-1103,Recrutement CDI,Terminée,2026-02-14,2026-04-15,420,67.71,125.45,1.853,52690.05,28437.05,24253.0
MISS-12939,AG-08,CLI-118,CAND-1410,Recrutement CDI,Terminée,2026-03-13,2026-03-18,35,67.49,126.63,1.876,4431.93,2362.08,2069.85
MISS-12940,AG-14,CLI-177,CAND-1397,Intérim IA/Data,Terminée,2025-08-10,2025-08-30,140,62.82,110.45,1.758,15463.24,8795.0,6668.24
MISS-12941,AG-08,CLI-146,CAND-1186,Intérim IA/Data,En cours,2025-11-10,2025-11-30,140,52.7,101.01,1.917,14141.88,7378.48,6763.4
MISS-12942,AG-12,CLI-104,CAND-1098,Intérim IA/Data,Terminée,2025-07-21,2025-07-26,35,44.26,89.04,2.012,3116.41,1549.11,1567.3
MISS-12943,AG-14,CLI-140,CAND-1460,Intérim IA/Data,Annulée,2025-09-16,2025-11-15,420,35.96,68.55,1.906,28789.02,15104.0,13685.02
MISS-12944,AG-05,CLI-128,CAND-1351,Management Transition,Annulée,2024-11-17,2025-05-16,1260,41.07,75.45,1.837,95073.09,51747.84,43325.26
MISS-12945,AG-17,CLI-117,CAND-1055,Recrutement CDI,Terminée,2026-04-29,2026-05-04,35,55.61,106.81,1.921,3738.51,1946.26,1792.25
MISS-12946,AG-13,CLI-173,CAND-1130,Recrutement CDI,Terminée,2026-03-21,2026-03-31,70,34.18,66.87,1.957,4681.11,2392.4,2288.71
MISS-12947,AG-16,CLI-109,CAND-1243,Recrutement CDI,Terminée,2025-08-08,2025-11-06,630,50.08,96.33,1.923,60689.04,31552.1,29136.94
MISS-12948,AG-22,CLI-147,CAND-1488,Intérim IA/Data,En cours,2025-08-17,2025-10-16,420,31.1,56.59,1.819,23768.81,13063.53,10705.28
MISS-12949,AG-21,CLI-152,CAND-1006,Intérim IA/Data,En cours,2026-02-05,2026-02-10,35,46.19,87.4,1.892,3059.04,1616.72,1442.32
MISS-12950,AG-11,CLI-130,CAND-1085,Intérim IA/Data,Terminée,2026-01-03,2026-01-13,70,71.56,149.09,2.083,10436.09,5008.98,5427.11
MISS-12951,AG-10,CLI-139,CAND-1350,Intérim IA/Data,En cours,2024-08-12,2024-08-22,70,42.6,84.44,1.982,5911.09,2982.32,2928.77
MISS-12952,AG-17,CLI-148,CAND-1247,Intérim IA/Data,Terminée,2024-10-03,2024-10-13,70,43.94,90.35,2.056,6324.77,3075.77,3248.99
MISS-12953,AG-08,CLI-133,CAND-1418,Intérim IA/Data,Terminée,2026-06-21,2026-07-01,70,53.32,95.77,1.796,6703.62,3732.47,2971.14
MISS-12954,AG-21,CLI-170,CAND-1227,Intérim IA/Data,Terminée,2026-03-11,2026-06-09,630,40.71,82.45,2.025,51943.48,25644.88,26298.6
MISS-12955,AG-19,CLI-113,CAND-1356,Management Transition,Terminée,2026-01-23,2026-07-22,1260,54.44,96.8,1.778,121963.5,68593.46,53370.04
MISS-12956,AG-14,CLI-114,CAND-1159,Intérim IA/Data,Terminée,2024-10-31,2025-01-29,630,47.58,91.5,1.923,57642.66,29972.57,27670.09
MISS-12957,AG-12,CLI-109,CAND-1470,Intérim IA/Data,Terminée,2026-03-13,2026-03-23,70,64.47,119.89,1.86,8392.6,4513.21,3879.38
MISS-12958,AG-20,CLI-131,CAND-1032,Intérim IA/Data,En cours,2025-08-19,2025-09-08,140,50.18,95.05,1.894,13306.62,7024.59,6282.03
MISS-12959,AG-14,CLI-140,CAND-1260,Recrutement CDI,En cours,2026-05-14,2026-05-24,70,49.3,101.87,2.066,7131.06,3450.86,3680.21
MISS-12960,AG-01,CLI-171,CAND-1370,Intérim IA/Data,Terminée,2026-06-06,2026-06-16,70,42.16,83.8,1.988,5865.91,2951.24,2914.66
MISS-12961,AG-22,CLI-136,CAND-1254,Recrutement CDI,En cours,2024-05-30,2024-08-28,630,64.59,114.45,1.772,72100.35,40688.85,31411.5
MISS-12962,AG-12,CLI-169,CAND-1195,Intérim IA/Data,Terminée,2024-07-05,2024-07-25,140,56.08,113.05,2.016,15826.42,7850.76,7975.66
MISS-12963,AG-09,CLI-135,CAND-1290,Intérim IA/Data,En cours,2026-02-19,2026-08-18,1260,31.59,56.58,1.791,71293.81,39799.71,31494.09
MISS-12964,AG-17,CLI-161,CAND-1342,Intérim IA/Data,Annulée,2026-04-23,2026-05-13,140,67.58,125.94,1.863,17631.12,9461.57,8169.54
MISS-12965,AG-09,CLI-104,CAND-1157,Intérim IA/Data,Terminée,2025-02-03,2025-02-13,70,72.03,135.78,1.885,9504.31,5042.0,4462.31
MISS-12966,AG-22,CLI-110,CAND-1062,Intérim IA/Data,Terminée,2025-01-31,2025-07-30,1260,41.61,77.25,1.856,97335.93,52429.83,44906.1
MISS-12967,AG-05,CLI-125,CAND-1316,Intérim IA/Data,Terminée,2026-06-03,2026-09-01,630,47.01,87.65,1.865,55219.67,29613.32,25606.34
MISS-12968,AG-17,CLI-139,CAND-1112,Recrutement CDI,Terminée,2024-07-03,2024-07-08,35,44.42,77.76,1.751,2721.57,1554.54,1167.03
MISS-12969,AG-10,CLI-131,CAND-1144,Intérim IA/Data,Terminée,2025-06-10,2025-06-15,35,63.38,120.25,1.897,4208.68,2218.39,1990.29
MISS-12970,AG-22,CLI-136,CAND-1067,Management Transition,Terminée,2024-07-21,2024-07-31,70,42.46,79.9,1.882,5593.24,2972.45,2620.79
MISS-12971,AG-15,CLI-112,CAND-1293,Intérim IA/Data,En cours,2026-04-09,2026-04-19,70,68.84,136.42,1.982,9549.52,4818.54,4730.97
MISS-12972,AG-21,CLI-118,CAND-1409,Recrutement CDI,Terminée,2024-06-04,2024-06-24,140,66.0,138.28,2.095,19359.82,9240.61,10119.21
MISS-12973,AG-20,CLI-178,CAND-1117,Intérim IA/Data,Terminée,2025-01-10,2025-01-15,35,69.07,143.61,2.079,5026.33,2417.39,2608.95
MISS-12974,AG-06,CLI-160,CAND-1260,Intérim IA/Data,En cours,2025-06-09,2025-08-08,420,30.87,61.74,2.0,25929.63,12966.6,12963.03
MISS-12975,AG-15,CLI-134,CAND-1192,Intérim IA/Data,Terminée,2024-01-27,2024-02-01,35,54.22,96.0,1.77,3359.96,1897.86,1462.1
MISS-12976,AG-09,CLI-146,CAND-1165,Management Transition,Terminée,2024-01-05,2024-04-04,630,59.46,109.88,1.848,69224.51,37462.07,31762.44
MISS-12977,AG-21,CLI-140,CAND-1252,Recrutement CDI,Terminée,2024-01-14,2024-03-14,420,62.02,110.1,1.775,46240.45,26049.07,20191.38
MISS-12978,AG-22,CLI-172,CAND-1210,Recrutement CDI,Annulée,2026-02-02,2026-04-03,420,38.4,68.44,1.782,28744.36,16126.7,12617.66
MISS-12979,AG-09,CLI-116,CAND-1380,Intérim IA/Data,Terminée,2025-07-14,2025-09-12,420,52.38,92.68,1.769,38926.48,22001.27,16925.21
MISS-12980,AG-07,CLI-149,CAND-1392,Intérim IA/Data,En cours,2025-10-07,2025-10-27,140,54.98,113.44,2.063,15881.16,7697.67,8183.49
MISS-12981,AG-08,CLI-126,CAND-1327,Intérim IA/Data,Terminée,2025-12-10,2026-02-08,420,72.11,139.47,1.934,58575.73,30285.46,28290.26
MISS-12982,AG-06,CLI-104,CAND-1346,Management Transition,Terminée,2026-05-19,2026-06-08,140,44.84,89.25,1.991,12495.61,6277.43,6218.19
MISS-12983,AG-05,CLI-142,CAND-1406,Intérim IA/Data,En cours,2024-10-27,2024-12-26,420,74.91,146.43,1.955,61500.86,31462.87,30037.99
MISS-12984,AG-15,CLI-111,CAND-1435,Intérim IA/Data,En cours,2024-11-26,2024-12-16,140,48.66,98.45,2.023,13782.33,6812.37,6969.96
MISS-12985,AG-02,CLI-117,CAND-1090,Intérim IA/Data,En cours,2024-09-14,2024-09-24,70,44.7,93.07,2.082,6515.07,3128.95,3386.12
MISS-12986,AG-15,CLI-162,CAND-1188,Intérim IA/Data,Terminée,2026-08-03,2026-08-23,140,30.54,57.41,1.88,8037.18,4274.97,3762.21
MISS-12987,AG-01,CLI-162,CAND-1186,Intérim IA/Data,Terminée,2026-05-19,2026-07-18,420,74.19,150.35,2.026,63148.18,31161.5,31986.69
MISS-12988,AG-09,CLI-124,CAND-1154,Intérim IA/Data,Terminée,2025-06-19,2025-06-29,70,71.28,131.12,1.839,9178.17,4989.59,4188.58
MISS-12989,AG-10,CLI-128,CAND-1217,Intérim IA/Data,Terminée,2024-11-13,2025-01-12,420,58.99,105.32,1.785,44234.69,24776.22,19458.47
MISS-12990,AG-18,CLI-128,CAND-1308,Intérim IA/Data,Terminée,2026-02-08,2026-02-28,140,70.36,147.37,2.095,20631.76,9850.44,10781.32
MISS-12991,AG-15,CLI-152,CAND-1270,Recrutement CDI,En cours,2024-02-02,2024-04-02,420,34.38,62.7,1.824,26332.33,14440.3,11892.03
MISS-12992,AG-04,CLI-157,CAND-1256,Intérim IA/Data,Terminée,2026-07-31,2026-09-29,420,36.85,71.67,1.945,30100.06,15477.82,14622.23
MISS-12993,AG-06,CLI-143,CAND-1082,Intérim IA/Data,Terminée,2025-03-18,2025-04-07,140,36.93,67.55,1.829,9456.59,5170.68,4285.91
MISS-12994,AG-14,CLI-173,CAND-1466,Intérim IA/Data,Terminée,2025-09-30,2025-10-20,140,51.35,102.64,1.999,14370.02,7189.58,7180.44
MISS-12995,AG-10,CLI-168,CAND-1367,Intérim IA/Data,En cours,2024-08-20,2024-09-09,140,58.51,117.85,2.014,16499.5,8191.28,8308.22
MISS-12996,AG-21,CLI-161,CAND-1005,Intérim IA/Data,Terminée,2026-06-14,2026-07-04,140,73.29,131.96,1.8,18475.05,10261.21,8213.84
MISS-12997,AG-05,CLI-122,CAND-1310,Intérim IA/Data,Terminée,2024-03-01,2024-08-28,1260,54.28,113.07,2.083,142462.16,68396.46,74065.7
MISS-12998,AG-15,CLI-132,CAND-1004,Intérim IA/Data,Terminée,2024-12-14,2024-12-24,70,51.38,98.61,1.919,6902.38,3596.4,3305.98
MISS-12999,AG-06,CLI-137,CAND-1333,Intérim IA/Data,En cours,2024-02-05,2024-02-10,35,42.65,83.07,1.948,2907.42,1492.73,1414.69
MISS-13000,AG-11,CLI-119,CAND-1369,Intérim IA/Data,Terminée,2024-08-14,2024-10-13,420,62.51,121.4,1.942,50986.78,26254.99,24731.79
MISS-13001,AG-01,CLI-117,CAND-1059,Recrutement CDI,Terminée,2024-01-17,2024-07-15,1260,30.2,53.74,1.78,67715.1,38050.12,29664.98
MISS-13002,AG-03,CLI-173,CAND-1207,Intérim IA/Data,Terminée,2026-02-03,2026-02-13,70,46.26,83.81,1.812,5866.62,3238.0,2628.62
MISS-13003,AG-08,CLI-105,CAND-1022,Intérim IA/Data,Terminée,2024-02-10,2024-03-01,140,40.96,73.79,1.802,10331.01,5734.43,4596.58
MISS-13004,AG-12,CLI-109,CAND-1366,Intérim IA/Data,Terminée,2025-04-16,2025-04-26,70,68.32,131.67,1.927,9217.24,4782.35,4434.89
MISS-13005,AG-18,CLI-107,CAND-1049,Intérim IA/Data,Terminée,2025-07-18,2025-07-23,35,54.52,99.65,1.828,3487.67,1908.17,1579.5
MISS-13006,AG-10,CLI-161,CAND-1230,Intérim IA/Data,Terminée,2025-10-08,2026-04-06,1260,50.73,100.12,1.974,126157.31,63919.48,62237.83
MISS-13007,AG-15,CLI-131,CAND-1446,Recrutement CDI,Terminée,2024-05-05,2024-05-15,70,35.35,69.36,1.962,4855.32,2474.76,2380.56
MISS-13008,AG-13,CLI-110,CAND-1380,Recrutement CDI,En cours,2026-06-22,2026-08-21,420,58.25,106.89,1.835,44894.31,24466.86,20427.45
MISS-13009,AG-11,CLI-108,CAND-1079,Intérim IA/Data,Terminée,2025-06-08,2025-06-28,140,41.3,76.39,1.85,10694.48,5781.42,4913.06
MISS-13010,AG-01,CLI-137,CAND-1366,Intérim IA/Data,Terminée,2025-07-05,2025-10-03,630,65.68,121.19,1.845,76348.46,41375.61,34972.85
MISS-13011,AG-04,CLI-109,CAND-1004,Intérim IA/Data,Terminée,2025-04-22,2025-10-19,1260,32.89,65.37,1.987,82363.55,41444.22,40919.32
MISS-13012,AG-19,CLI-127,CAND-1281,Recrutement CDI,Terminée,2025-04-19,2025-10-16,1260,39.59,72.51,1.832,91358.05,49881.05,41477.0
MISS-13013,AG-18,CLI-159,CAND-1226,Recrutement CDI,Terminée,2024-01-29,2024-07-27,1260,51.1,96.11,1.881,121097.44,64383.76,56713.68
MISS-13014,AG-03,CLI-165,CAND-1413,Intérim IA/Data,Terminée,2025-04-13,2025-10-10,1260,51.13,105.58,2.065,133033.02,64429.98,68603.04
MISS-13015,AG-09,CLI-166,CAND-1223,Recrutement CDI,Terminée,2025-03-10,2025-05-09,420,53.46,106.86,1.999,44881.74,22452.14,22429.6
MISS-13016,AG-06,CLI-130,CAND-1074,Intérim IA/Data,Terminée,2025-02-19,2025-08-18,1260,31.7,58.98,1.86,74314.74,39945.46,34369.28
MISS-13017,AG-15,CLI-177,CAND-1135,Recrutement CDI,En cours,2025-10-09,2026-01-07,630,64.31,121.09,1.883,76286.23,40517.46,35768.78
MISS-13018,AG-04,CLI-120,CAND-1490,Recrutement CDI,Terminée,2026-02-04,2026-02-24,140,54.57,95.79,1.755,13409.93,7640.32,5769.62
MISS-13019,AG-07,CLI-157,CAND-1455,Recrutement CDI,Terminée,2025-12-19,2025-12-29,70,38.31,68.41,1.785,4788.36,2681.89,2106.47
MISS-13020,AG-18,CLI-168,CAND-1228,Management Transition,Annulée,2025-06-04,2025-06-09,35,43.15,83.91,1.944,2936.74,1510.31,1426.43
MISS-13021,AG-11,CLI-104,CAND-1329,Intérim IA/Data,Terminée,2025-02-03,2025-02-08,35,50.01,92.6,1.852,3241.16,1750.19,1490.97
MISS-13022,AG-19,CLI-150,CAND-1338,Intérim IA/Data,Terminée,2024-09-06,2024-09-26,140,62.14,112.28,1.807,15719.2,8700.22,7018.98
MISS-13023,AG-17,CLI-152,CAND-1214,Recrutement CDI,Terminée,2026-08-03,2026-11-01,630,52.58,99.86,1.899,62909.52,33122.62,29786.89
MISS-13024,AG-19,CLI-137,CAND-1245,Intérim IA/Data,Terminée,2024-05-09,2024-05-29,140,31.4,63.87,2.034,8942.0,4396.22,4545.78
MISS-13025,AG-22,CLI-104,CAND-1499,Intérim IA/Data,Terminée,2025-04-04,2025-04-24,140,71.96,144.3,2.005,20201.42,10074.09,10127.32
MISS-13026,AG-15,CLI-148,CAND-1279,Intérim IA/Data,Terminée,2024-01-29,2024-07-27,1260,30.04,55.05,1.833,69368.58,37850.35,31518.23
MISS-13027,AG-20,CLI-151,CAND-1361,Recrutement CDI,Terminée,2026-03-15,2026-04-04,140,58.47,117.65,2.012,16470.68,8185.84,8284.85
MISS-13028,AG-05,CLI-147,CAND-1090,Intérim IA/Data,En cours,2025-07-26,2025-07-31,35,70.68,140.25,1.984,4908.82,2473.73,2435.08
MISS-13029,AG-03,CLI-169,CAND-1248,Intérim IA/Data,Terminée,2024-08-13,2025-02-09,1260,37.03,68.11,1.839,85815.87,46656.09,39159.78
MISS-13030,AG-14,CLI-160,CAND-1447,Management Transition,Terminée,2026-04-13,2026-06-12,420,40.2,82.88,2.062,34811.26,16885.19,17926.07
MISS-13031,AG-06,CLI-170,CAND-1372,Intérim IA/Data,Terminée,2024-05-29,2024-06-18,140,74.36,146.32,1.968,20484.2,10409.73,10074.47
MISS-13032,AG-21,CLI-121,CAND-1081,Intérim IA/Data,Terminée,2026-03-15,2026-05-14,420,70.96,142.5,2.008,59849.11,29804.97,30044.14
MISS-13033,AG-16,CLI-178,CAND-1421,Intérim IA/Data,Terminée,2025-09-20,2025-12-19,630,39.41,71.41,1.812,44989.29,24827.16,20162.13
MISS-13034,AG-18,CLI-139,CAND-1331,Intérim IA/Data,Terminée,2025-07-15,2025-07-25,70,40.73,73.82,1.812,5167.28,2851.13,2316.14
MISS-13035,AG-21,CLI-161,CAND-1144,Intérim IA/Data,Terminée,2025-08-30,2025-09-19,140,57.68,115.82,2.008,16214.45,8075.12,8139.33
MISS-13036,AG-08,CLI-126,CAND-1440,Recrutement CDI,Terminée,2024-10-09,2024-10-29,140,52.64,108.72,2.065,15220.64,7369.04,7851.6
MISS-13037,AG-14,CLI-139,CAND-1252,Intérim IA/Data,Terminée,2025-05-21,2025-05-31,70,52.46,101.52,1.935,7106.64,3672.36,3434.28
MISS-13038,AG-01,CLI-128,CAND-1025,Recrutement CDI,En cours,2025-07-10,2025-09-08,420,68.63,133.03,1.938,55872.19,28822.69,27049.51
MISS-13039,AG-13,CLI-134,CAND-1390,Intérim IA/Data,Terminée,2025-06-10,2025-06-30,140,73.68,133.2,1.808,18648.21,10315.57,8332.64
MISS-13040,AG-16,CLI-115,CAND-1114,Intérim IA/Data,Terminée,2024-05-04,2024-05-24,140,71.19,146.63,2.06,20528.61,9966.53,10562.08
MISS-13041,AG-15,CLI-146,CAND-1204,Intérim IA/Data,Terminée,2024-10-10,2025-01-08,630,31.54,65.87,2.089,41497.8,19867.18,21630.61
MISS-13042,AG-16,CLI-117,CAND-1236,Intérim IA/Data,Terminée,2025-09-17,2025-11-16,420,53.96,113.27,2.099,47573.7,22663.68,24910.02
MISS-13043,AG-06,CLI-123,CAND-1240,Intérim IA/Data,Terminée,2024-07-03,2024-07-23,140,45.34,91.31,2.014,12783.73,6347.86,6435.86
MISS-13044,AG-22,CLI-113,CAND-1074,Recrutement CDI,En cours,2024-12-05,2025-03-05,630,41.05,78.97,1.924,49753.21,25859.26,23893.95
MISS-13045,AG-07,CLI-125,CAND-1289,Intérim IA/Data,En cours,2026-03-15,2026-03-25,70,33.51,67.59,2.017,4730.99,2345.62,2385.37
MISS-13046,AG-17,CLI-122,CAND-1396,Intérim IA/Data,Terminée,2024-04-18,2024-06-17,420,32.05,60.29,1.881,25323.59,13459.92,11863.67
MISS-13047,AG-11,CLI-122,CAND-1269,Intérim IA/Data,En cours,2025-07-22,2025-07-27,35,70.32,124.77,1.774,4366.98,2461.25,1905.73
MISS-13048,AG-13,CLI-116,CAND-1181,Recrutement CDI,En cours,2026-01-28,2026-07-27,1260,30.84,57.2,1.855,72071.5,38855.54,33215.97
MISS-13049,AG-14,CLI-172,CAND-1078,Recrutement CDI,En cours,2025-10-27,2025-11-01,35,46.78,96.92,2.072,3392.11,1637.47,1754.64
MISS-13050,AG-11,CLI-110,CAND-1385,Management Transition,Terminée,2026-03-17,2026-05-16,420,46.28,84.05,1.816,35301.81,19438.77,15863.04
MISS-13051,AG-10,CLI-128,CAND-1348,Intérim IA/Data,Terminée,2025-06-22,2025-07-02,70,30.62,56.43,1.843,3950.37,2143.35,1807.02
MISS-13052,AG-09,CLI-150,CAND-1065,Recrutement CDI,En cours,2026-03-13,2026-05-12,420,33.67,61.76,1.834,25939.26,14141.8,11797.46
MISS-13053,AG-13,CLI-115,CAND-1160,Intérim IA/Data,Terminée,2025-09-02,2025-09-22,140,32.02,56.16,1.754,7862.09,4482.92,3379.17
MISS-13054,AG-20,CLI-138,CAND-1417,Intérim IA/Data,Terminée,2024-08-24,2024-09-13,140,59.07,117.78,1.994,16489.13,8270.36,8218.77
MISS-13055,AG-11,CLI-160,CAND-1424,Intérim IA/Data,Terminée,2024-07-23,2024-08-12,140,61.05,112.44,1.842,15741.02,8547.13,7193.89
MISS-13056,AG-13,CLI-176,CAND-1341,Intérim IA/Data,En cours,2025-09-09,2025-09-29,140,32.43,59.64,1.839,8349.69,4539.98,3809.71
MISS-13057,AG-16,CLI-163,CAND-1259,Management Transition,Terminée,2026-07-04,2026-10-02,630,44.68,78.9,1.766,49704.28,28151.36,21552.91
MISS-13058,AG-06,CLI-165,CAND-1072,Intérim IA/Data,Terminée,2026-07-17,2026-07-27,70,53.57,96.77,1.806,6774.12,3750.23,3023.89
MISS-13059,AG-04,CLI-139,CAND-1213,Intérim IA/Data,Terminée,2025-11-06,2026-01-05,420,54.84,110.3,2.011,46326.92,23034.74,23292.19
MISS-13060,AG-01,CLI-153,CAND-1132,Intérim IA/Data,Terminée,2024-09-01,2024-09-21,140,37.63,78.46,2.085,10984.89,5268.16,5716.73
MISS-13061,AG-06,CLI-145,CAND-1035,Recrutement CDI,Terminée,2024-01-23,2024-02-02,70,61.49,123.82,2.014,8667.65,4303.97,4363.69
MISS-13062,AG-03,CLI-134,CAND-1405,Intérim IA/Data,Terminée,2024-12-18,2025-01-07,140,31.41,60.21,1.917,8429.48,4397.19,4032.28
MISS-13063,AG-09,CLI-114,CAND-1126,Intérim IA/Data,Terminée,2026-06-05,2026-06-10,35,39.09,71.42,1.827,2499.75,1368.12,1131.63
MISS-13064,AG-17,CLI-109,CAND-1445,Intérim IA/Data,Terminée,2026-03-31,2026-04-10,70,53.02,107.82,2.034,7547.26,3711.28,3835.98
MISS-13065,AG-08,CLI-133,CAND-1289,Recrutement CDI,En cours,2025-05-14,2025-08-12,630,35.18,67.15,1.909,42303.86,22164.48,20139.38
MISS-13066,AG-19,CLI-178,CAND-1018,Intérim IA/Data,Terminée,2025-01-10,2025-01-20,70,44.48,83.07,1.868,5814.95,3113.44,2701.51
MISS-13067,AG-07,CLI-154,CAND-1289,Intérim IA/Data,Terminée,2025-04-10,2025-06-09,420,34.48,69.0,2.001,28982.08,14480.32,14501.75
MISS-13068,AG-14,CLI-138,CAND-1181,Intérim IA/Data,Terminée,2024-03-31,2024-04-10,70,59.16,111.75,1.889,7822.7,4141.35,3681.35
MISS-13069,AG-03,CLI-154,CAND-1444,Intérim IA/Data,Terminée,2025-10-29,2025-11-18,140,61.38,115.63,1.884,16188.39,8593.68,7594.7
MISS-13070,AG-05,CLI-104,CAND-1295,Intérim IA/Data,Terminée,2026-05-22,2026-06-11,140,40.8,80.38,1.97,11253.49,5712.2,5541.29
MISS-13071,AG-07,CLI-158,CAND-1326,Intérim IA/Data,Annulée,2024-07-29,2024-08-18,140,70.74,147.62,2.087,20667.02,9903.31,10763.71
MISS-13072,AG-07,CLI-110,CAND-1373,Recrutement CDI,En cours,2024-07-31,2024-08-20,140,67.35,136.32,2.024,19084.97,9429.1,9655.87
MISS-13073,AG-05,CLI-162,CAND-1137,Intérim IA/Data,Terminée,2025-03-31,2025-04-20,140,33.45,59.57,1.781,8339.14,4682.78,3656.36
MISS-13074,AG-01,CLI-148,CAND-1012,Intérim IA/Data,Terminée,2025-03-03,2025-03-08,35,60.84,110.51,1.816,3867.69,2129.49,1738.2
MISS-13075,AG-17,CLI-149,CAND-1380,Recrutement CDI,Terminée,2024-08-06,2025-02-02,1260,48.56,96.28,1.983,121313.23,61186.53,60126.7
MISS-13076,AG-17,CLI-171,CAND-1339,Management Transition,En cours,2024-04-25,2024-06-24,420,74.29,135.58,1.825,56943.99,31202.68,25741.31
MISS-13077,AG-19,CLI-104,CAND-1001,Recrutement CDI,Terminée,2024-12-18,2025-01-07,140,69.84,128.07,1.834,17930.09,9778.08,8152.01
MISS-13078,AG-03,CLI-167,CAND-1096,Intérim IA/Data,Terminée,2026-03-24,2026-06-22,630,35.39,72.3,2.043,45551.58,22297.53,23254.06
MISS-13079,AG-19,CLI-116,CAND-1413,Intérim IA/Data,Terminée,2024-03-03,2024-03-23,140,53.57,105.28,1.965,14739.29,7499.72,7239.57
MISS-13080,AG-15,CLI-149,CAND-1486,Recrutement CDI,Terminée,2026-05-23,2026-07-22,420,43.25,81.32,1.88,34152.31,18165.81,15986.51
MISS-13081,AG-10,CLI-139,CAND-1312,Intérim IA/Data,Terminée,2024-05-04,2024-05-24,140,36.15,69.99,1.936,9798.46,5060.41,4738.05
MISS-13082,AG-05,CLI-173,CAND-1301,Intérim IA/Data,En cours,2025-07-27,2025-09-25,420,58.49,106.48,1.82,44720.03,24565.72,20154.31
MISS-13083,AG-20,CLI-166,CAND-1439,Intérim IA/Data,Terminée,2026-07-30,2026-08-19,140,53.46,96.8,1.811,13551.89,7484.04,6067.84
MISS-13084,AG-02,CLI-132,CAND-1498,Intérim IA/Data,Terminée,2025-02-15,2025-02-20,35,49.77,94.93,1.908,3322.7,1741.88,1580.82
MISS-13085,AG-15,CLI-117,CAND-1178,Intérim IA/Data,Terminée,2025-03-12,2025-05-11,420,71.53,130.63,1.826,54862.55,30040.68,24821.87
MISS-13086,AG-14,CLI-101,CAND-1447,Intérim IA/Data,Terminée,2024-10-15,2024-11-04,140,51.26,92.38,1.802,12932.83,7176.16,5756.67
MISS-13087,AG-20,CLI-138,CAND-1082,Recrutement CDI,Terminée,2026-02-18,2026-03-10,140,70.39,144.04,2.046,20165.93,9854.23,10311.69
MISS-13088,AG-02,CLI-125,CAND-1243,Intérim IA/Data,En cours,2025-08-31,2025-09-10,70,59.74,120.85,2.023,8459.81,4181.46,4278.35
MISS-13089,AG-11,CLI-168,CAND-1321,Intérim IA/Data,Terminée,2024-06-09,2024-08-08,420,52.72,102.77,1.949,43162.75,22143.55,21019.2
MISS-13090,AG-20,CLI-126,CAND-1489,Intérim IA/Data,Annulée,2025-11-18,2026-05-17,1260,35.61,63.5,1.783,80005.54,44868.36,35137.19
MISS-13091,AG-21,CLI-131,CAND-1144,Intérim IA/Data,Terminée,2024-12-16,2024-12-26,70,40.39,70.86,1.754,4960.08,2827.61,2132.47
MISS-13092,AG-10,CLI-148,CAND-1100,Intérim IA/Data,Terminée,2025-02-13,2025-04-14,420,35.93,72.88,2.029,30609.69,15089.53,15520.16
MISS-13093,AG-16,CLI-122,CAND-1098,Intérim IA/Data,Terminée,2025-01-07,2025-01-17,70,56.38,113.57,2.014,7950.03,3946.43,4003.6
MISS-13094,AG-03,CLI-131,CAND-1382,Intérim IA/Data,Terminée,2025-01-26,2025-02-15,140,58.23,115.12,1.977,16116.55,8152.23,7964.31
MISS-13095,AG-14,CLI-103,CAND-1349,Management Transition,Terminée,2025-10-31,2025-11-10,70,43.15,76.37,1.77,5345.92,3020.54,2325.38
MISS-13096,AG-11,CLI-102,CAND-1376,Intérim IA/Data,Terminée,2026-06-22,2026-07-12,140,64.89,118.98,1.834,16657.13,9083.92,7573.21
MISS-13097,AG-18,CLI-128,CAND-1186,Recrutement CDI,Terminée,2024-07-21,2024-07-26,35,50.12,99.28,1.981,3474.94,1754.26,1720.68
MISS-13098,AG-03,CLI-128,CAND-1145,Intérim IA/Data,Annulée,2024-01-06,2024-04-05,630,37.52,74.1,1.975,46683.7,23640.46,23043.24
MISS-13099,AG-13,CLI-150,CAND-1496,Intérim IA/Data,Terminée,2025-06-03,2025-06-13,70,62.88,112.92,1.796,7904.07,4401.45,3502.62
MISS-13100,AG-16,CLI-104,CAND-1471,Intérim IA/Data,Terminée,2025-01-02,2025-01-07,35,68.94,144.53,2.096,5058.51,2412.86,2645.65
MISS-13101,AG-07,CLI-109,CAND-1222,Recrutement CDI,Terminée,2025-08-09,2025-08-14,35,59.57,124.38,2.088,4353.39,2084.97,2268.42
MISS-13102,AG-03,CLI-160,CAND-1121,Management Transition,Terminée,2026-05-04,2026-05-24,140,32.56,59.23,1.819,8291.79,4558.39,3733.4
MISS-13103,AG-10,CLI-161,CAND-1030,Intérim IA/Data,Terminée,2025-11-20,2025-11-30,70,43.4,82.5,1.901,5774.92,3038.01,2736.91
MISS-13104,AG-14,CLI-138,CAND-1044,Recrutement CDI,Terminée,2025-01-03,2025-01-23,140,58.62,107.38,1.832,15033.7,8206.7,6826.99
MISS-13105,AG-13,CLI-120,CAND-1349,Intérim IA/Data,Terminée,2024-04-27,2024-05-17,140,64.48,114.94,1.783,16092.22,9027.07,7065.15
MISS-13106,AG-14,CLI-105,CAND-1487,Intérim IA/Data,Terminée,2024-07-10,2024-07-30,140,61.83,121.11,1.959,16955.96,8656.03,8299.93
MISS-13107,AG-09,CLI-146,CAND-1226,Intérim IA/Data,Terminée,2025-09-23,2026-03-22,1260,52.61,103.23,1.962,130063.92,66289.05,63774.86
MISS-13108,AG-19,CLI-161,CAND-1434,Management Transition,Terminée,2026-01-06,2026-01-16,70,44.39,79.39,1.789,5557.62,3107.28,2450.34
MISS-13109,AG-18,CLI-105,CAND-1377,Management Transition,Terminée,2024-03-01,2024-03-11,70,65.56,124.82,1.904,8737.13,4588.98,4148.16
MISS-13110,AG-19,CLI-130,CAND-1215,Intérim IA/Data,En cours,2026-05-16,2026-05-26,70,60.38,124.49,2.062,8714.1,4226.67,4487.43
MISS-13111,AG-09,CLI-154,CAND-1381,Intérim IA/Data,Terminée,2024-01-31,2024-04-30,630,51.39,100.63,1.958,63396.99,32373.78,31023.21
MISS-13112,AG-19,CLI-176,CAND-1312,Recrutement CDI,En cours,2024-06-30,2024-07-20,140,72.8,144.49,1.985,20228.2,10192.34,10035.86
MISS-13113,AG-22,CLI-178,CAND-1220,Intérim IA/Data,Terminée,2026-03-16,2026-05-15,420,62.44,130.86,2.096,54960.63,26224.79,28735.84
MISS-13114,AG-04,CLI-179,CAND-1460,Intérim IA/Data,Terminée,2025-08-27,2025-09-16,140,42.76,78.05,1.825,10926.97,5985.96,4941.01
MISS-13115,AG-11,CLI-161,CAND-1317,Intérim IA/Data,Terminée,2025-04-13,2025-05-03,140,60.25,118.9,1.973,16646.37,8435.45,8210.92
MISS-13116,AG-08,CLI-112,CAND-1209,Intérim IA/Data,Terminée,2025-02-22,2025-03-04,70,50.87,96.78,1.903,6774.7,3560.59,3214.1
MISS-13117,AG-21,CLI-138,CAND-1407,Intérim IA/Data,Terminée,2024-05-10,2024-05-30,140,52.79,110.85,2.1,15519.15,7390.39,8128.76
MISS-13118,AG-22,CLI-166,CAND-1303,Intérim IA/Data,Terminée,2025-02-19,2025-04-20,420,32.87,60.03,1.826,25210.72,13804.87,11405.85
MISS-13119,AG-12,CLI-133,CAND-1304,Intérim IA/Data,Terminée,2024-12-29,2025-02-27,420,68.01,124.91,1.837,52462.6,28562.75,23899.86
MISS-13120,AG-11,CLI-132,CAND-1346,Intérim IA/Data,En cours,2024-04-29,2024-05-19,140,33.49,69.54,2.076,9735.5,4688.7,5046.8
MISS-13121,AG-09,CLI-152,CAND-1174,Intérim IA/Data,Terminée,2025-01-22,2025-03-23,420,43.96,91.87,2.09,38584.55,18463.66,20120.89
MISS-13122,AG-21,CLI-169,CAND-1401,Intérim IA/Data,En cours,2024-01-18,2024-02-07,140,70.44,126.41,1.795,17697.28,9861.73,7835.55
MISS-13123,AG-19,CLI-106,CAND-1302,Recrutement CDI,Terminée,2025-04-09,2025-06-08,420,35.72,69.51,1.946,29192.23,15001.5,14190.73
MISS-13124,AG-07,CLI-117,CAND-1366,Intérim IA/Data,Terminée,2024-09-13,2024-09-23,70,38.2,72.53,1.899,5077.36,2673.99,2403.37
MISS-13125,AG-01,CLI-142,CAND-1005,Intérim IA/Data,En cours,2024-08-31,2024-09-20,140,65.34,125.06,1.914,17507.84,9146.91,8360.93
MISS-13126,AG-13,CLI-175,CAND-1159,Intérim IA/Data,Terminée,2026-05-14,2026-05-19,35,51.03,101.83,1.995,3564.01,1786.09,1777.91
MISS-13127,AG-18,CLI-121,CAND-1018,Intérim IA/Data,Terminée,2024-03-19,2024-04-08,140,46.71,88.0,1.884,12320.01,6539.85,5780.16
MISS-13128,AG-04,CLI-128,CAND-1283,Management Transition,Terminée,2025-02-06,2025-02-16,70,41.74,74.93,1.795,5245.26,2921.75,2323.51
MISS-13129,AG-15,CLI-174,CAND-1064,Management Transition,Annulée,2025-12-18,2025-12-28,70,37.25,68.13,1.829,4768.89,2607.19,2161.71
MISS-13130,AG-05,CLI-148,CAND-1189,Intérim IA/Data,Terminée,2024-05-18,2024-06-07,140,65.23,131.5,2.016,18410.14,9132.19,9277.95
MISS-13131,AG-03,CLI-144,CAND-1041,Intérim IA/Data,En cours,2025-04-09,2025-06-08,420,40.11,78.23,1.95,32855.61,16847.82,16007.79
MISS-13132,AG-05,CLI-153,CAND-1084,Intérim IA/Data,Terminée,2024-10-31,2024-11-20,140,45.94,86.53,1.884,12114.8,6432.05,5682.75
MISS-13133,AG-12,CLI-152,CAND-1480,Intérim IA/Data,Terminée,2024-08-12,2024-08-17,35,60.13,122.27,2.033,4279.4,2104.66,2174.73
MISS-13134,AG-18,CLI-114,CAND-1090,Intérim IA/Data,Terminée,2025-08-03,2025-08-23,140,60.93,112.86,1.852,15800.71,8529.58,7271.14
MISS-13135,AG-03,CLI-107,CAND-1266,Intérim IA/Data,Terminée,2025-12-28,2026-01-02,35,37.52,70.44,1.877,2465.23,1313.2,1152.03
MISS-13136,AG-05,CLI-128,CAND-1092,Intérim IA/Data,En cours,2024-01-28,2024-02-07,70,67.98,131.15,1.929,9180.78,4758.59,4422.19
MISS-13137,AG-13,CLI-104,CAND-1270,Recrutement CDI,Terminée,2025-09-24,2025-10-04,70,39.29,77.88,1.982,5451.35,2750.41,2700.93
MISS-13138,AG-17,CLI-135,CAND-1087,Intérim IA/Data,En cours,2025-08-25,2025-09-14,140,38.94,70.98,1.823,9937.04,5451.99,4485.05
MISS-13139,AG-16,CLI-114,CAND-1180,Recrutement CDI,Terminée,2025-02-12,2025-02-22,70,35.88,69.04,1.924,4832.86,2511.7,2321.16
MISS-13140,AG-04,CLI-105,CAND-1098,Recrutement CDI,Terminée,2026-04-13,2026-06-12,420,38.89,76.52,1.968,32138.56,16332.79,15805.77
MISS-13141,AG-18,CLI-179,CAND-1430,Intérim IA/Data,En cours,2025-02-04,2025-08-03,1260,58.54,112.78,1.927,142103.22,73755.29,68347.94
MISS-13142,AG-15,CLI-162,CAND-1267,Intérim IA/Data,Terminée,2024-02-02,2024-02-22,140,40.53,82.44,2.034,11542.11,5673.78,5868.34
MISS-13143,AG-09,CLI-124,CAND-1392,Intérim IA/Data,En cours,2025-09-22,2025-10-12,140,52.71,106.44,2.019,14901.0,7379.8,7521.2
MISS-13144,AG-07,CLI-117,CAND-1302,Intérim IA/Data,Terminée,2024-02-20,2024-05-20,630,71.64,136.46,1.905,85971.14,45132.4,40838.74
MISS-13145,AG-05,CLI-128,CAND-1083,Intérim IA/Data,Terminée,2024-05-01,2024-10-28,1260,55.41,109.68,1.979,138198.03,69820.73,68377.3
MISS-13146,AG-15,CLI-170,CAND-1425,Recrutement CDI,Terminée,2026-03-24,2026-04-13,140,49.87,89.81,1.801,12573.7,6981.16,5592.53
MISS-13147,AG-17,CLI-132,CAND-1314,Management Transition,Terminée,2025-11-02,2026-01-01,420,50.81,103.16,2.03,43328.12,21339.07,21989.05
MISS-13148,AG-03,CLI-117,CAND-1059,Intérim IA/Data,Terminée,2025-08-26,2025-09-15,140,49.88,98.69,1.979,13816.38,6983.2,6833.19
MISS-13149,AG-05,CLI-141,CAND-1094,Intérim IA/Data,Terminée,2026-02-10,2026-04-11,420,30.22,60.03,1.987,25214.67,12692.26,12522.41
MISS-13150,AG-19,CLI-111,CAND-1232,Management Transition,Terminée,2025-02-14,2025-05-15,630,44.98,80.52,1.79,50725.74,28334.71,22391.03
MISS-13151,AG-18,CLI-135,CAND-1312,Recrutement CDI,Terminée,2026-06-02,2026-06-12,70,34.56,65.39,1.892,4577.22,2418.88,2158.34
MISS-13152,AG-13,CLI-173,CAND-1342,Intérim IA/Data,Annulée,2024-03-24,2024-04-13,140,46.23,91.69,1.983,12836.7,6472.72,6363.97
MISS-13153,AG-08,CLI-143,CAND-1125,Intérim IA/Data,En cours,2024-10-25,2024-11-04,70,44.21,85.87,1.942,6010.93,3094.79,2916.14
MISS-13154,AG-21,CLI-176,CAND-1304,Intérim IA/Data,Terminée,2024-06-28,2024-07-08,70,37.28,71.23,1.911,4985.81,2609.26,2376.55
MISS-13155,AG-22,CLI-103,CAND-1096,Management Transition,Terminée,2025-12-07,2025-12-27,140,42.97,88.42,2.058,12378.59,6015.46,6363.13
MISS-13156,AG-16,CLI-140,CAND-1122,Intérim IA/Data,En cours,2024-06-09,2024-09-07,630,41.79,84.93,2.032,53508.66,26327.23,27181.43
MISS-13157,AG-19,CLI-101,CAND-1079,Intérim IA/Data,Terminée,2026-02-26,2026-03-03,35,46.62,87.69,1.881,3069.1,1631.63,1437.48
MISS-13158,AG-01,CLI-135,CAND-1077,Intérim IA/Data,En cours,2025-07-17,2025-07-27,70,71.6,145.57,2.033,10189.73,5012.24,5177.49
MISS-13159,AG-14,CLI-162,CAND-1344,Intérim IA/Data,Terminée,2025-03-26,2025-09-22,1260,59.46,117.73,1.98,148339.03,74915.21,73423.82
MISS-13160,AG-01,CLI-118,CAND-1119,Intérim IA/Data,Terminée,2025-05-07,2025-07-06,420,31.14,61.69,1.981,25910.68,13078.33,12832.35
MISS-13161,AG-10,CLI-177,CAND-1330,Recrutement CDI,Terminée,2025-10-01,2025-10-11,70,61.56,115.02,1.869,8051.73,4309.11,3742.62
MISS-13162,AG-16,CLI-100,CAND-1444,Intérim IA/Data,Terminée,2024-07-12,2024-07-22,70,63.05,123.97,1.966,8678.12,4413.62,4264.5
MISS-13163,AG-20,CLI-134,CAND-1243,Intérim IA/Data,En cours,2025-10-13,2025-10-18,35,39.88,77.39,1.94,2708.51,1395.89,1312.62
MISS-13164,AG-22,CLI-171,CAND-1180,Recrutement CDI,En cours,2025-12-08,2025-12-18,70,72.44,127.38,1.758,8916.47,5070.81,3845.66
MISS-13165,AG-14,CLI-146,CAND-1467,Recrutement CDI,En cours,2026-05-28,2026-06-07,70,68.45,124.25,1.815,8697.83,4791.25,3906.58
MISS-13166,AG-05,CLI-140,CAND-1030,Recrutement CDI,Terminée,2024-03-15,2024-03-25,70,72.62,145.93,2.01,10215.18,5083.37,5131.8
MISS-13167,AG-03,CLI-126,CAND-1131,Intérim IA/Data,En cours,2025-11-26,2025-12-06,70,45.39,94.22,2.076,6595.33,3177.54,3417.79
MISS-13168,AG-21,CLI-164,CAND-1366,Intérim IA/Data,Terminée,2025-06-22,2025-08-21,420,69.51,122.12,1.757,51291.24,29195.94,22095.29
MISS-13169,AG-19,CLI-117,CAND-1072,Management Transition,En cours,2025-03-09,2025-09-05,1260,34.6,66.03,1.908,83196.77,43601.48,39595.3
MISS-13170,AG-10,CLI-131,CAND-1311,Intérim IA/Data,Terminée,2024-11-20,2024-12-10,140,57.06,117.97,2.067,16516.33,7988.56,8527.76
MISS-13171,AG-17,CLI-112,CAND-1321,Intérim IA/Data,Terminée,2024-10-13,2024-10-23,70,40.8,84.88,2.08,5941.74,2856.17,3085.57
MISS-13172,AG-13,CLI-133,CAND-1381,Intérim IA/Data,Terminée,2024-10-13,2024-10-23,70,36.9,74.01,2.006,5180.93,2583.34,2597.59
MISS-13173,AG-20,CLI-159,CAND-1409,Intérim IA/Data,Terminée,2025-02-24,2025-03-01,35,61.93,120.97,1.953,4233.97,2167.4,2066.58
MISS-13174,AG-19,CLI-153,CAND-1311,Intérim IA/Data,En cours,2026-04-28,2026-07-27,630,48.83,95.47,1.955,60149.17,30765.28,29383.89
MISS-13175,AG-09,CLI-151,CAND-1078,Intérim IA/Data,En cours,2024-04-26,2024-05-01,35,38.83,77.61,1.999,2716.24,1359.0,1357.23
MISS-13176,AG-13,CLI-105,CAND-1216,Intérim IA/Data,Terminée,2025-02-16,2025-02-26,70,74.56,139.49,1.871,9764.23,5219.33,4544.9
MISS-13177,AG-16,CLI-109,CAND-1149,Intérim IA/Data,Terminée,2024-12-07,2025-02-05,420,40.86,79.86,1.954,33540.93,17161.18,16379.75
MISS-13178,AG-03,CLI-133,CAND-1321,Intérim IA/Data,Terminée,2026-07-25,2026-07-30,35,51.27,104.64,2.041,3662.33,1794.62,1867.71
MISS-13179,AG-12,CLI-120,CAND-1413,Intérim IA/Data,En cours,2025-07-20,2025-07-25,35,51.12,104.03,2.035,3641.03,1789.1,1851.94
MISS-13180,AG-19,CLI-106,CAND-1234,Intérim IA/Data,Annulée,2025-07-30,2025-08-09,70,63.93,133.08,2.082,9315.81,4474.94,4840.87
MISS-13181,AG-01,CLI-110,CAND-1386,Recrutement CDI,Terminée,2024-07-29,2025-01-25,1260,35.62,73.36,2.06,92431.0,44878.58,47552.42
MISS-13182,AG-02,CLI-151,CAND-1432,Intérim IA/Data,Annulée,2026-05-21,2026-07-20,420,72.07,132.31,1.836,55569.49,30271.48,25298.02
MISS-13183,AG-03,CLI-135,CAND-1151,Intérim IA/Data,Terminée,2024-06-03,2024-08-02,420,49.04,101.72,2.074,42722.64,20594.75,22127.89
MISS-13184,AG-10,CLI-146,CAND-1095,Intérim IA/Data,En cours,2026-04-24,2026-06-23,420,62.51,119.85,1.917,50336.13,26255.74,24080.39
MISS-13185,AG-16,CLI-174,CAND-1378,Intérim IA/Data,En cours,2024-08-17,2024-09-06,140,41.04,73.44,1.79,10281.54,5745.36,4536.19
MISS-13186,AG-08,CLI-104,CAND-1356,Recrutement CDI,Terminée,2024-07-05,2024-07-15,70,50.27,104.54,2.08,7317.85,3518.87,3798.98
MISS-13187,AG-10,CLI-104,CAND-1390,Intérim IA/Data,Terminée,2024-03-22,2024-04-11,140,42.96,80.78,1.88,11309.71,6014.25,5295.46
MISS-13188,AG-10,CLI-143,CAND-1024,Intérim IA/Data,Terminée,2025-04-27,2025-06-26,420,38.86,74.68,1.922,31366.72,16321.79,15044.94
MISS-13189,AG-21,CLI-123,CAND-1016,Recrutement CDI,Terminée,2025-10-20,2025-10-30,70,49.77,88.73,1.783,6211.1,3484.04,2727.06
MISS-13190,AG-14,CLI-117,CAND-1309,Management Transition,En cours,2025-12-01,2025-12-21,140,59.57,122.61,2.058,17165.6,8340.43,8825.17
MISS-13191,AG-04,CLI-133,CAND-1427,Intérim IA/Data,Terminée,2026-01-26,2026-02-15,140,53.4,108.07,2.024,15129.48,7475.66,7653.82
MISS-13192,AG-22,CLI-176,CAND-1410,Intérim IA/Data,En cours,2024-04-07,2024-04-17,70,58.84,117.41,1.996,8218.9,4118.7,4100.2
MISS-13193,AG-05,CLI-175,CAND-1471,Intérim IA/Data,Terminée,2025-08-26,2025-08-31,35,62.82,126.05,2.007,4411.73,2198.67,2213.06
MISS-13194,AG-02,CLI-109,CAND-1245,Intérim IA/Data,Terminée,2025-10-05,2025-12-04,420,47.05,93.84,1.994,39412.48,19762.8,19649.68
MISS-13195,AG-07,CLI-132,CAND-1114,Intérim IA/Data,Terminée,2025-08-30,2025-10-29,420,38.77,71.92,1.855,30206.33,16284.28,13922.05
MISS-13196,AG-09,CLI-137,CAND-1006,Intérim IA/Data,En cours,2025-12-13,2026-01-02,140,48.87,95.16,1.947,13322.96,6842.24,6480.72
MISS-13197,AG-06,CLI-155,CAND-1000,Intérim IA/Data,Terminée,2024-08-13,2024-08-23,70,42.03,82.72,1.968,5790.17,2942.18,2847.98
MISS-13198,AG-13,CLI-153,CAND-1329,Intérim IA/Data,Terminée,2025-11-26,2025-12-06,70,46.89,83.59,1.783,5851.57,3282.32,2569.24
MISS-13199,AG-01,CLI-142,CAND-1449,Intérim IA/Data,En cours,2026-05-21,2026-07-20,420,32.29,60.04,1.86,25215.11,13559.87,11655.25
MISS-13200,AG-10,CLI-178,CAND-1310,Recrutement CDI,Terminée,2024-05-30,2024-06-19,140,36.53,73.26,2.005,10256.4,5114.28,5142.12
MISS-13201,AG-15,CLI-123,CAND-1354,Recrutement CDI,Terminée,2025-12-25,2025-12-30,35,68.55,128.27,1.871,4489.45,2399.36,2090.1
MISS-13202,AG-06,CLI-136,CAND-1225,Intérim IA/Data,Annulée,2024-12-12,2025-02-10,420,36.84,67.8,1.84,28474.46,15472.91,13001.54
MISS-13203,AG-04,CLI-129,CAND-1208,Intérim IA/Data,En cours,2024-03-26,2024-04-15,140,71.79,128.08,1.784,17931.3,10051.08,7880.22
MISS-13204,AG-03,CLI-117,CAND-1350,Management Transition,Terminée,2026-05-30,2026-07-29,420,58.77,117.7,2.003,49434.05,24683.87,24750.18
MISS-13205,AG-09,CLI-125,CAND-1318,Intérim IA/Data,Terminée,2025-10-25,2025-11-14,140,47.05,84.77,1.802,11867.1,6587.11,5279.99
MISS-13206,AG-07,CLI-111,CAND-1490,Intérim IA/Data,En cours,2026-07-06,2026-07-26,140,45.22,93.35,2.064,13068.68,6331.22,6737.46
MISS-13207,AG-10,CLI-152,CAND-1411,Recrutement CDI,Terminée,2025-11-19,2026-01-18,420,35.0,65.85,1.882,27657.77,14699.03,12958.74
MISS-13208,AG-02,CLI-175,CAND-1444,Management Transition,Terminée,2025-11-26,2025-12-06,70,44.91,90.0,2.004,6299.79,3143.71,3156.08
MISS-13209,AG-20,CLI-138,CAND-1060,Recrutement CDI,En cours,2024-04-11,2024-05-01,140,46.17,88.12,1.908,12337.02,6464.29,5872.73
MISS-13210,AG-22,CLI-174,CAND-1043,Management Transition,En cours,2024-01-06,2024-01-16,70,55.58,100.71,1.812,7049.82,3890.51,3159.31
MISS-13211,AG-22,CLI-155,CAND-1192,Intérim IA/Data,Terminée,2025-09-24,2025-10-04,70,69.27,142.51,2.057,9975.44,4849.08,5126.36
MISS-13212,AG-22,CLI-145,CAND-1068,Intérim IA/Data,Terminée,2024-03-01,2024-08-28,1260,35.14,67.89,1.932,85539.26,44270.98,41268.28
MISS-13213,AG-22,CLI-114,CAND-1313,Intérim IA/Data,Terminée,2025-10-21,2025-10-31,70,51.17,99.16,1.938,6941.03,3581.87,3359.16
MISS-13214,AG-04,CLI-108,CAND-1190,Intérim IA/Data,En cours,2024-03-19,2024-05-18,420,68.6,135.46,1.975,56891.77,28810.16,28081.61
MISS-13215,AG-02,CLI-152,CAND-1480,Management Transition,Terminée,2026-04-07,2026-04-27,140,74.14,140.31,1.892,19642.85,10380.29,9262.57
MISS-13216,AG-20,CLI-171,CAND-1491,Intérim IA/Data,Terminée,2026-02-24,2026-03-06,70,42.93,83.77,1.952,5864.22,3004.84,2859.38
MISS-13217,AG-15,CLI-179,CAND-1270,Management Transition,Terminée,2025-08-15,2026-02-11,1260,49.53,89.51,1.807,112783.98,62409.04,50374.94
MISS-13218,AG-11,CLI-167,CAND-1086,Recrutement CDI,Terminée,2025-11-30,2026-05-29,1260,39.72,71.02,1.788,89491.49,50051.72,39439.77
MISS-13219,AG-19,CLI-126,CAND-1005,Recrutement CDI,Terminée,2025-04-20,2025-05-10,140,66.73,138.49,2.075,19388.05,9342.14,10045.9
MISS-13220,AG-11,CLI-143,CAND-1086,Intérim IA/Data,Terminée,2025-04-28,2025-05-03,35,60.32,120.32,1.995,4211.19,2111.19,2100.0
MISS-13221,AG-16,CLI-113,CAND-1051,Recrutement CDI,Terminée,2024-03-01,2024-03-21,140,68.87,134.05,1.947,18767.6,9641.39,9126.21
MISS-13222,AG-10,CLI-102,CAND-1411,Intérim IA/Data,Terminée,2024-07-01,2024-09-29,630,30.5,60.62,1.988,38190.44,19212.22,18978.23
MISS-13223,AG-22,CLI-105,CAND-1495,Intérim IA/Data,Terminée,2024-04-25,2024-06-24,420,46.48,96.81,2.083,40661.63,19521.12,21140.51
MISS-13224,AG-03,CLI-107,CAND-1061,Intérim IA/Data,Terminée,2024-08-09,2024-11-07,630,46.24,85.38,1.846,53788.01,29129.84,24658.16
MISS-13225,AG-20,CLI-177,CAND-1080,Recrutement CDI,Terminée,2024-09-11,2024-09-16,35,73.99,130.92,1.769,4582.07,2589.53,1992.54
MISS-13226,AG-16,CLI-108,CAND-1065,Intérim IA/Data,En cours,2024-05-07,2024-11-03,1260,67.71,133.86,1.977,168662.89,85315.39,83347.5
MISS-13227,AG-02,CLI-156,CAND-1472,Intérim IA/Data,Terminée,2024-12-06,2025-02-04,420,49.77,90.55,1.819,38031.22,20902.34,17128.88
MISS-13228,AG-04,CLI-153,CAND-1478,Intérim IA/Data,Annulée,2024-12-11,2025-02-09,420,43.81,78.37,1.789,32913.6,18400.77,14512.83
MISS-13229,AG-20,CLI-171,CAND-1451,Management Transition,Terminée,2025-12-25,2026-01-14,140,37.57,67.6,1.799,9464.41,5259.98,4204.43
MISS-13230,AG-10,CLI-161,CAND-1441,Management Transition,Terminée,2024-12-15,2024-12-25,70,48.91,91.74,1.876,6421.98,3423.76,2998.22
MISS-13231,AG-01,CLI-142,CAND-1291,Intérim IA/Data,En cours,2024-10-24,2025-01-22,630,42.24,77.12,1.826,48587.91,26611.76,21976.15
MISS-13232,AG-22,CLI-146,CAND-1360,Intérim IA/Data,En cours,2025-10-01,2025-10-21,140,70.96,136.5,1.924,19110.49,9934.59,9175.9
MISS-13233,AG-01,CLI-128,CAND-1064,Intérim IA/Data,Annulée,2024-07-02,2024-09-30,630,63.94,125.51,1.963,79069.01,40283.43,38785.58
MISS-13234,AG-13,CLI-134,CAND-1395,Intérim IA/Data,Terminée,2026-02-19,2026-03-11,140,49.29,100.58,2.041,14081.84,6901.02,7180.82
MISS-13235,AG-19,CLI-135,CAND-1110,Intérim IA/Data,Terminée,2026-04-23,2026-06-22,420,35.34,65.07,1.841,27329.08,14841.91,12487.17
MISS-13236,AG-19,CLI-100,CAND-1327,Intérim IA/Data,Terminée,2024-07-12,2024-08-01,140,31.08,55.53,1.787,7773.91,4350.85,3423.07
MISS-13237,AG-11,CLI-124,CAND-1109,Intérim IA/Data,Terminée,2024-07-10,2024-09-08,420,58.0,109.11,1.881,45825.61,24359.39,21466.22
MISS-13238,AG-06,CLI-125,CAND-1417,Intérim IA/Data,Terminée,2025-09-02,2025-09-07,35,73.5,145.88,1.985,5105.81,2572.54,2533.27
MISS-13239,AG-19,CLI-139,CAND-1360,Recrutement CDI,Terminée,2026-05-06,2026-05-11,35,45.92,95.98,2.09,3359.32,1607.3,1752.02
MISS-13240,AG-12,CLI-168,CAND-1117,Intérim IA/Data,En cours,2024-10-04,2025-04-02,1260,56.83,111.72,1.966,140766.94,71605.97,69160.97
MISS-13241,AG-18,CLI-100,CAND-1366,Intérim IA/Data,Terminée,2026-05-08,2026-05-28,140,39.43,80.01,2.029,11201.48,5519.9,5681.58
MISS-13242,AG-03,CLI-176,CAND-1495,Management Transition,Terminée,2025-04-21,2025-07-20,630,39.59,72.66,1.835,45777.64,24944.06,20833.59
MISS-13243,AG-22,CLI-174,CAND-1441,Intérim IA/Data,Terminée,2024-07-19,2024-07-29,70,33.3,62.68,1.882,4387.59,2331.27,2056.32
MISS-13244,AG-03,CLI-111,CAND-1041,Intérim IA/Data,Terminée,2025-04-07,2025-10-04,1260,34.14,70.14,2.054,88378.72,43020.4,45358.32
MISS-13245,AG-14,CLI-104,CAND-1064,Intérim IA/Data,Terminée,2024-08-09,2024-11-07,630,31.61,61.43,1.943,38699.91,19914.67,18785.25
MISS-13246,AG-21,CLI-172,CAND-1369,Intérim IA/Data,Terminée,2025-12-19,2026-02-17,420,74.33,130.32,1.753,54732.64,31217.24,23515.4
MISS-13247,AG-09,CLI-178,CAND-1409,Intérim IA/Data,En cours,2024-07-11,2024-10-09,630,63.9,126.84,1.985,79910.85,40257.33,39653.52
MISS-13248,AG-14,CLI-157,CAND-1019,Intérim IA/Data,En cours,2025-10-15,2025-12-14,420,73.84,148.66,2.013,62436.21,31013.22,31422.98
MISS-13249,AG-21,CLI-131,CAND-1460,Intérim IA/Data,Terminée,2025-04-11,2025-05-01,140,61.59,116.62,1.893,16326.66,8622.48,7704.18
MISS-13250,AG-03,CLI-156,CAND-1281,Intérim IA/Data,Terminée,2025-11-26,2025-12-16,140,45.45,81.55,1.794,11416.86,6363.65,5053.21
MISS-13251,AG-07,CLI-156,CAND-1010,Intérim IA/Data,En cours,2024-10-05,2024-12-04,420,52.74,100.17,1.899,42071.95,22150.9,19921.05
MISS-13252,AG-12,CLI-177,CAND-1202,Intérim IA/Data,Terminée,2026-06-19,2026-06-29,70,56.79,118.34,2.084,8284.11,3975.52,4308.59
MISS-13253,AG-15,CLI-125,CAND-1304,Recrutement CDI,Terminée,2025-03-15,2025-04-04,140,40.57,82.66,2.037,11571.74,5680.21,5891.53
MISS-13254,AG-01,CLI-113,CAND-1135,Intérim IA/Data,En cours,2024-03-18,2024-03-28,70,57.59,116.05,2.015,8123.36,4031.06,4092.29
MISS-13255,AG-12,CLI-171,CAND-1412,Intérim IA/Data,En cours,2025-05-10,2025-08-08,630,37.92,67.94,1.792,42805.12,23887.76,18917.36
MISS-13256,AG-06,CLI-163,CAND-1218,Intérim IA/Data,Terminée,2025-09-21,2025-12-20,630,31.3,57.3,1.831,36102.04,19718.78,16383.26
MISS-13257,AG-01,CLI-157,CAND-1372,Recrutement CDI,Terminée,2025-04-01,2025-06-30,630,69.57,129.47,1.861,81567.35,43830.61,37736.74
MISS-13258,AG-21,CLI-174,CAND-1040,Recrutement CDI,Terminée,2025-07-26,2025-09-24,420,70.79,128.35,1.813,53906.38,29731.52,24174.86
MISS-13259,AG-19,CLI-119,CAND-1478,Intérim IA/Data,Terminée,2026-01-31,2026-04-01,420,65.93,131.34,1.992,55161.57,27689.3,27472.27
MISS-13260,AG-20,CLI-173,CAND-1259,Intérim IA/Data,Terminée,2025-05-27,2025-06-16,140,71.15,131.56,1.849,18418.89,9961.69,8457.2
MISS-13261,AG-21,CLI-100,CAND-1118,Recrutement CDI,Terminée,2024-05-25,2024-08-23,630,64.14,130.53,2.035,82235.83,40405.3,41830.54
MISS-13262,AG-06,CLI-131,CAND-1454,Intérim IA/Data,Annulée,2025-07-09,2025-07-14,35,37.46,70.52,1.883,2468.16,1311.09,1157.07
MISS-13263,AG-13,CLI-166,CAND-1127,Intérim IA/Data,En cours,2024-10-03,2024-12-02,420,36.56,71.35,1.952,29967.15,15354.57,14612.58
MISS-13264,AG-11,CLI-124,CAND-1176,Intérim IA/Data,Terminée,2024-11-28,2024-12-08,70,48.44,90.72,1.873,6350.09,3390.98,2959.11
MISS-13265,AG-17,CLI-117,CAND-1031,Intérim IA/Data,Terminée,2024-05-04,2024-05-24,140,66.7,139.85,2.097,19578.79,9338.0,10240.8
MISS-13266,AG-12,CLI-121,CAND-1295,Intérim IA/Data,Terminée,2025-11-23,2025-12-03,70,42.8,89.4,2.089,6258.16,2996.16,3262.0
MISS-13267,AG-14,CLI-176,CAND-1360,Recrutement CDI,Terminée,2024-03-04,2024-05-03,420,33.76,67.34,1.995,28280.82,14178.31,14102.51
MISS-13268,AG-22,CLI-143,CAND-1023,Intérim IA/Data,Terminée,2025-07-28,2026-01-24,1260,59.06,109.23,1.849,137629.58,74418.07,63211.51
MISS-13269,AG-10,CLI-132,CAND-1499,Management Transition,Terminée,2026-05-14,2026-11-10,1260,59.66,122.23,2.049,154004.37,75170.2,78834.18
MISS-13270,AG-15,CLI-124,CAND-1172,Intérim IA/Data,Terminée,2026-04-26,2026-06-25,420,63.62,132.88,2.089,55808.21,26718.82,29089.38
MISS-13271,AG-13,CLI-157,CAND-1055,Management Transition,Terminée,2025-12-03,2025-12-08,35,51.63,95.14,1.843,3329.89,1807.2,1522.69
MISS-13272,AG-13,CLI-135,CAND-1301,Intérim IA/Data,Terminée,2025-12-26,2026-01-15,140,58.07,119.18,2.052,16684.89,8129.65,8555.24
MISS-13273,AG-16,CLI-138,CAND-1066,Recrutement CDI,Terminée,2025-10-15,2025-10-25,70,40.96,79.64,1.944,5574.55,2867.17,2707.38
MISS-13274,AG-11,CLI-123,CAND-1257,Intérim IA/Data,Terminée,2026-04-23,2026-05-13,140,43.61,77.81,1.784,10892.72,6105.1,4787.62
MISS-13275,AG-13,CLI-137,CAND-1075,Recrutement CDI,Terminée,2024-07-21,2024-09-19,420,50.42,96.84,1.921,40674.19,21177.08,19497.11
MISS-13276,AG-13,CLI-169,CAND-1189,Intérim IA/Data,Terminée,2026-03-11,2026-03-21,70,33.5,67.62,2.018,4733.08,2345.3,2387.78
MISS-13277,AG-10,CLI-111,CAND-1041,Intérim IA/Data,Terminée,2024-05-26,2024-07-25,420,34.69,68.62,1.978,28818.85,14570.89,14247.96
MISS-13278,AG-18,CLI-114,CAND-1427,Intérim IA/Data,Terminée,2026-01-13,2026-04-13,630,69.41,142.69,2.056,89893.52,43725.78,46167.75
MISS-13279,AG-02,CLI-166,CAND-1353,Intérim IA/Data,Terminée,2024-09-22,2024-10-02,70,44.04,79.84,1.813,5588.78,3082.95,2505.83
MISS-13280,AG-18,CLI-167,CAND-1164,Recrutement CDI,Terminée,2025-07-05,2025-07-25,140,61.91,112.06,1.81,15687.84,8667.5,7020.33
MISS-13281,AG-08,CLI-179,CAND-1174,Intérim IA/Data,Terminée,2025-01-17,2025-01-27,70,69.38,123.64,1.782,8654.49,4856.73,3797.76
MISS-13282,AG-19,CLI-133,CAND-1073,Intérim IA/Data,Terminée,2025-11-19,2025-11-24,35,39.63,80.98,2.044,2834.31,1386.92,1447.39
MISS-13283,AG-05,CLI-141,CAND-1299,Intérim IA/Data,Terminée,2026-07-23,2026-09-21,420,69.69,133.36,1.914,56011.19,29269.36,26741.83
MISS-13284,AG-18,CLI-121,CAND-1351,Intérim IA/Data,Terminée,2026-02-25,2026-04-26,420,30.97,55.56,1.794,23334.0,13008.45,10325.55
MISS-13285,AG-08,CLI-117,CAND-1358,Recrutement CDI,En cours,2026-07-19,2026-07-29,70,38.41,80.56,2.098,5639.2,2688.38,2950.82
MISS-13286,AG-20,CLI-120,CAND-1058,Intérim IA/Data,Terminée,2025-07-07,2025-10-05,630,74.74,139.52,1.867,87896.6,47088.5,40808.1
MISS-13287,AG-11,CLI-157,CAND-1393,Intérim IA/Data,En cours,2024-08-28,2024-10-27,420,45.04,93.43,2.074,39239.17,18918.9,20320.27
MISS-13288,AG-17,CLI-125,CAND-1345,Intérim IA/Data,Terminée,2025-07-25,2025-08-04,70,33.47,62.22,1.859,4355.49,2342.88,2012.61
MISS-13289,AG-04,CLI-177,CAND-1327,Intérim IA/Data,Terminée,2024-02-17,2024-03-08,140,49.53,89.92,1.816,12588.83,6933.71,5655.12
MISS-13290,AG-12,CLI-158,CAND-1317,Intérim IA/Data,Terminée,2024-05-14,2024-05-19,35,71.2,137.23,1.927,4802.92,2491.83,2311.09
MISS-13291,AG-03,CLI-169,CAND-1065,Intérim IA/Data,Terminée,2024-11-23,2024-12-03,70,43.62,81.36,1.865,5695.28,3053.73,2641.56
MISS-13292,AG-22,CLI-154,CAND-1126,Intérim IA/Data,Terminée,2025-08-14,2025-11-12,630,45.93,91.42,1.99,57594.52,28936.53,28657.98
MISS-13293,AG-15,CLI-148,CAND-1070,Recrutement CDI,Terminée,2026-02-15,2026-03-07,140,40.73,73.43,1.803,10280.27,5702.17,4578.11
MISS-13294,AG-18,CLI-133,CAND-1387,Intérim IA/Data,En cours,2025-12-18,2026-06-16,1260,49.1,90.29,1.839,113769.58,61871.17,51898.4
MISS-13295,AG-20,CLI-104,CAND-1271,Intérim IA/Data,Terminée,2026-03-24,2026-03-29,35,74.93,134.1,1.79,4693.65,2622.45,2071.2
MISS-13296,AG-02,CLI-124,CAND-1132,Recrutement CDI,En cours,2025-09-28,2025-10-08,70,47.2,84.86,1.798,5940.03,3303.87,2636.16
MISS-13297,AG-18,CLI-168,CAND-1326,Intérim IA/Data,Terminée,2025-08-24,2025-09-13,140,74.4,149.16,2.005,20882.99,10415.4,10467.59
MISS-13298,AG-19,CLI-155,CAND-1356,Intérim IA/Data,Terminée,2025-03-04,2025-03-14,70,47.57,99.55,2.093,6968.37,3329.76,3638.61
MISS-13299,AG-16,CLI-112,CAND-1223,Intérim IA/Data,Terminée,2024-08-08,2024-08-18,70,63.0,130.03,2.064,9101.8,4409.89,4691.92
MISS-13300,AG-13,CLI-135,CAND-1056,Recrutement CDI,Terminée,2024-12-08,2024-12-28,140,68.22,137.36,2.014,19230.9,9550.24,9680.66
MISS-13301,AG-01,CLI-143,CAND-1095,Intérim IA/Data,Terminée,2024-12-13,2024-12-23,70,41.66,78.07,1.874,5464.85,2916.43,2548.42
MISS-13302,AG-17,CLI-144,CAND-1452,Intérim IA/Data,Terminée,2026-01-19,2026-03-20,420,49.38,94.34,1.911,39623.48,20738.26,18885.22
MISS-13303,AG-22,CLI-133,CAND-1012,Intérim IA/Data,Terminée,2026-05-02,2026-05-12,70,66.74,124.12,1.86,8688.59,4671.9,4016.69
MISS-13304,AG-20,CLI-117,CAND-1330,Management Transition,En cours,2025-11-09,2025-11-29,140,52.64,94.66,1.798,13252.84,7369.82,5883.02
MISS-13305,AG-17,CLI-153,CAND-1024,Recrutement CDI,Terminée,2025-10-09,2025-10-29,140,60.62,125.23,2.066,17531.57,8486.46,9045.12
MISS-13306,AG-04,CLI-107,CAND-1354,Intérim IA/Data,En cours,2024-12-22,2025-03-22,630,51.63,100.34,1.944,63215.31,32524.86,30690.45
MISS-13307,AG-22,CLI-119,CAND-1001,Recrutement CDI,Terminée,2026-04-02,2026-04-12,70,52.8,97.36,1.844,6815.36,3695.95,3119.41
MISS-13308,AG-13,CLI-175,CAND-1174,Intérim IA/Data,Terminée,2026-05-31,2026-07-30,420,74.93,132.15,1.764,55502.57,31469.03,24033.54
MISS-13309,AG-17,CLI-135,CAND-1017,Intérim IA/Data,Terminée,2025-09-25,2025-10-15,140,47.24,88.01,1.863,12321.41,6614.27,5707.14
MISS-13310,AG-05,CLI-131,CAND-1343,Intérim IA/Data,Terminée,2024-12-07,2024-12-27,140,46.54,91.27,1.961,12778.08,6515.68,6262.39
MISS-13311,AG-09,CLI-154,CAND-1306,Intérim IA/Data,Terminée,2026-04-04,2026-07-03,630,49.71,97.83,1.968,61634.73,31320.01,30314.71
MISS-13312,AG-11,CLI-116,CAND-1436,Intérim IA/Data,Terminée,2025-10-05,2025-10-25,140,55.12,105.35,1.911,14749.26,7716.57,7032.69
MISS-13313,AG-18,CLI-148,CAND-1112,Intérim IA/Data,Terminée,2024-05-10,2024-05-20,70,37.91,78.86,2.08,5520.21,2653.54,2866.67
MISS-13314,AG-18,CLI-147,CAND-1165,Recrutement CDI,Terminée,2025-06-03,2025-06-23,140,42.32,87.29,2.063,12221.18,5924.72,6296.46
MISS-13315,AG-08,CLI-148,CAND-1320,Intérim IA/Data,Terminée,2024-04-30,2024-05-20,140,41.86,75.03,1.793,10504.29,5859.96,4644.34
MISS-13316,AG-04,CLI-107,CAND-1469,Management Transition,Terminée,2024-08-18,2024-09-07,140,46.81,94.31,2.015,13203.37,6553.18,6650.2
MISS-13317,AG-02,CLI-116,CAND-1274,Intérim IA/Data,En cours,2024-05-10,2024-07-09,420,70.58,130.99,1.856,55014.9,29645.38,25369.52
MISS-13318,AG-04,CLI-139,CAND-1258,Recrutement CDI,Terminée,2025-04-15,2025-06-14,420,30.23,54.37,1.798,22833.81,12696.28,10137.53
MISS-13319,AG-13,CLI-175,CAND-1133,Intérim IA/Data,Terminée,2025-08-23,2025-09-12,140,61.97,109.13,1.761,15278.01,8675.62,6602.39
MISS-13320,AG-10,CLI-122,CAND-1133,Intérim IA/Data,En cours,2024-12-13,2025-06-11,1260,61.9,121.45,1.962,153023.81,77993.37,75030.44
MISS-13321,AG-21,CLI-166,CAND-1173,Intérim IA/Data,Terminée,2026-05-24,2026-11-20,1260,59.47,115.35,1.94,145343.48,74926.66,70416.83
MISS-13322,AG-13,CLI-139,CAND-1259,Intérim IA/Data,Annulée,2024-12-29,2025-01-08,70,55.74,102.97,1.847,7207.82,3901.51,3306.31
MISS-13323,AG-11,CLI-151,CAND-1310,Intérim IA/Data,Terminée,2024-01-27,2024-02-16,140,63.03,111.25,1.765,15574.84,8823.91,6750.93
MISS-13324,AG-05,CLI-125,CAND-1329,Intérim IA/Data,Terminée,2024-07-17,2024-07-27,70,59.56,117.13,1.966,8199.04,4169.38,4029.66
MISS-13325,AG-08,CLI-157,CAND-1499,Intérim IA/Data,Terminée,2025-02-08,2025-02-28,140,68.68,127.56,1.857,17858.05,9615.88,8242.17
MISS-13326,AG-11,CLI-160,CAND-1107,Recrutement CDI,Annulée,2024-12-21,2025-02-19,420,54.76,109.11,1.993,45827.52,22997.12,22830.4
MISS-13327,AG-14,CLI-168,CAND-1012,Recrutement CDI,Annulée,2026-02-17,2026-03-09,140,66.05,120.12,1.818,16816.46,9247.61,7568.85
MISS-13328,AG-03,CLI-132,CAND-1060,Intérim IA/Data,En cours,2024-08-04,2024-08-14,70,39.4,77.26,1.961,5407.96,2758.07,2649.89
MISS-13329,AG-12,CLI-100,CAND-1116,Intérim IA/Data,Terminée,2025-01-30,2025-03-31,420,42.2,75.91,1.799,31880.48,17724.54,14155.94
MISS-13330,AG-18,CLI-129,CAND-1108,Recrutement CDI,Terminée,2024-09-27,2024-10-02,35,67.97,140.56,2.068,4919.45,2378.96,2540.49
MISS-13331,AG-18,CLI-178,CAND-1358,Intérim IA/Data,En cours,2026-03-18,2026-09-14,1260,64.19,130.82,2.038,164828.22,80876.71,83951.51
MISS-13332,AG-20,CLI-170,CAND-1267,Intérim IA/Data,Terminée,2026-06-23,2026-08-22,420,57.02,103.27,1.811,43372.91,23946.84,19426.07
MISS-13333,AG-04,CLI-113,CAND-1288,Intérim IA/Data,Terminée,2025-09-22,2025-10-12,140,69.29,123.58,1.783,17300.68,9700.51,7600.17
MISS-13334,AG-04,CLI-110,CAND-1180,Intérim IA/Data,Terminée,2026-06-07,2026-06-17,70,61.15,115.2,1.884,8063.72,4280.81,3782.91
MISS-13335,AG-07,CLI-147,CAND-1360,Intérim IA/Data,Terminée,2024-12-19,2025-01-08,140,67.61,123.37,1.825,17272.09,9465.78,7806.31
MISS-13336,AG-21,CLI-106,CAND-1280,Recrutement CDI,Terminée,2025-03-09,2025-09-05,1260,64.38,134.8,2.094,169843.39,81113.33,88730.06
MISS-13337,AG-14,CLI-111,CAND-1354,Intérim IA/Data,En cours,2026-01-26,2026-07-25,1260,73.34,144.96,1.977,182650.27,92408.75,90241.52
MISS-13338,AG-02,CLI-135,CAND-1465,Intérim IA/Data,Terminée,2024-12-19,2025-03-19,630,68.88,132.87,1.929,83707.44,43395.09,40312.35
MISS-13339,AG-07,CLI-112,CAND-1452,Intérim IA/Data,Terminée,2024-06-21,2024-07-11,140,47.04,92.29,1.962,12920.01,6585.18,6334.84
MISS-13340,AG-06,CLI-172,CAND-1125,Management Transition,Terminée,2024-06-20,2024-06-30,70,60.53,108.25,1.788,7577.3,4237.24,3340.07
MISS-13341,AG-06,CLI-165,CAND-1178,Intérim IA/Data,Terminée,2024-08-22,2024-08-27,35,59.17,117.56,1.987,4114.45,2071.1,2043.35
MISS-13342,AG-02,CLI-149,CAND-1099,Management Transition,Annulée,2026-02-15,2026-04-16,420,58.14,113.5,1.952,47668.32,24419.42,23248.9
MISS-13343,AG-07,CLI-117,CAND-1070,Management Transition,Terminée,2025-06-10,2025-06-20,70,50.3,93.55,1.86,6548.81,3521.13,3027.68
MISS-13344,AG-04,CLI-170,CAND-1379,Intérim IA/Data,Terminée,2025-11-03,2025-11-23,140,50.63,94.9,1.875,13286.28,7087.84,6198.44
MISS-13345,AG-19,CLI-102,CAND-1133,Intérim IA/Data,Terminée,2025-06-05,2025-06-25,140,45.21,92.52,2.047,12952.83,6329.26,6623.57
MISS-13346,AG-09,CLI-104,CAND-1056,Intérim IA/Data,En cours,2025-01-12,2025-02-01,140,58.49,122.7,2.098,17177.66,8188.01,8989.65
MISS-13347,AG-06,CLI-144,CAND-1226,Intérim IA/Data,En cours,2026-03-22,2026-04-01,70,59.42,119.03,2.003,8332.06,4159.24,4172.82
MISS-13348,AG-19,CLI-101,CAND-1398,Intérim IA/Data,Annulée,2025-02-03,2025-02-23,140,52.46,100.16,1.909,14021.74,7343.82,6677.92
MISS-13349,AG-07,CLI-126,CAND-1082,Recrutement CDI,En cours,2025-09-01,2026-02-28,1260,32.58,62.43,1.916,78655.55,41056.41,37599.14
MISS-13350,AG-19,CLI-148,CAND-1087,Intérim IA/Data,En cours,2024-03-03,2024-06-01,630,62.4,109.73,1.758,69131.74,39314.33,29817.41
MISS-13351,AG-13,CLI-168,CAND-1295,Intérim IA/Data,En cours,2025-06-14,2025-07-04,140,32.21,65.89,2.046,9224.04,4508.8,4715.24
MISS-13352,AG-01,CLI-151,CAND-1034,Intérim IA/Data,En cours,2024-12-16,2025-02-14,420,34.45,72.34,2.1,30381.14,14468.95,15912.19
MISS-13353,AG-16,CLI-174,CAND-1428,Intérim IA/Data,Terminée,2024-11-16,2024-12-06,140,46.99,89.62,1.907,12547.1,6578.65,5968.46
MISS-13354,AG-03,CLI-113,CAND-1414,Intérim IA/Data,En cours,2025-05-05,2025-08-03,630,72.16,128.13,1.776,80721.86,45458.32,35263.54
MISS-13355,AG-21,CLI-112,CAND-1058,Intérim IA/Data,En cours,2025-12-08,2026-02-06,420,63.79,113.98,1.787,47872.6,26793.02,21079.57
MISS-13356,AG-07,CLI-117,CAND-1039,Intérim IA/Data,Annulée,2024-10-25,2025-01-23,630,45.6,89.95,1.972,56666.2,28728.13,27938.07
MISS-13357,AG-09,CLI-144,CAND-1036,Intérim IA/Data,Terminée,2024-06-07,2024-09-05,630,67.92,123.07,1.812,77535.13,42791.07,34744.05
MISS-13358,AG-11,CLI-132,CAND-1380,Intérim IA/Data,Terminée,2024-11-08,2024-11-28,140,70.24,127.25,1.812,17814.92,9833.49,7981.44
MISS-13359,AG-21,CLI-129,CAND-1469,Intérim IA/Data,Terminée,2025-05-14,2025-05-24,70,51.07,101.93,1.996,7135.04,3575.0,3560.04
MISS-13360,AG-08,CLI-113,CAND-1458,Management Transition,Terminée,2025-09-13,2025-12-12,630,53.46,100.08,1.872,63047.87,33682.85,29365.02
MISS-13361,AG-02,CLI-140,CAND-1310,Recrutement CDI,Terminée,2025-01-30,2025-03-31,420,57.38,101.73,1.773,42727.87,24101.33,18626.54
MISS-13362,AG-16,CLI-102,CAND-1316,Management Transition,Terminée,2025-11-01,2026-01-30,630,42.83,80.92,1.889,50980.01,26984.48,23995.53
MISS-13363,AG-05,CLI-173,CAND-1237,Intérim IA/Data,Terminée,2024-09-11,2025-03-10,1260,30.27,59.99,1.981,75583.47,38146.37,37437.1
MISS-13364,AG-19,CLI-123,CAND-1428,Intérim IA/Data,Terminée,2026-06-24,2026-07-14,140,35.27,71.43,2.025,10000.13,4937.71,5062.42
MISS-13365,AG-07,CLI-118,CAND-1037,Intérim IA/Data,En cours,2025-03-23,2025-04-12,140,56.5,103.58,1.833,14501.14,7910.49,6590.66
MISS-13366,AG-14,CLI-150,CAND-1477,Management Transition,Annulée,2026-04-28,2026-05-03,35,63.44,122.93,1.938,4302.51,2220.26,2082.26
MISS-13367,AG-22,CLI-121,CAND-1416,Recrutement CDI,En cours,2024-07-23,2024-07-28,35,65.02,116.87,1.798,4090.44,2275.58,1814.86
MISS-13368,AG-14,CLI-156,CAND-1105,Recrutement CDI,Terminée,2024-07-08,2024-07-18,70,30.75,56.85,1.849,3979.48,2152.24,1827.24
MISS-13369,AG-12,CLI-107,CAND-1222,Management Transition,Terminée,2024-05-16,2024-06-05,140,46.47,95.5,2.055,13370.32,6505.23,6865.08
MISS-13370,AG-08,CLI-115,CAND-1453,Intérim IA/Data,Terminée,2024-07-06,2024-10-04,630,43.74,90.77,2.075,57183.99,27559.04,29624.96
MISS-13371,AG-16,CLI-103,CAND-1349,Intérim IA/Data,Terminée,2026-05-17,2026-05-22,35,40.0,79.71,1.993,2789.97,1400.15,1389.81
MISS-13372,AG-15,CLI-122,CAND-1174,Recrutement CDI,En cours,2025-03-08,2025-03-18,70,43.45,87.75,2.02,6142.72,3041.25,3101.48
MISS-13373,AG-03,CLI-160,CAND-1375,Intérim IA/Data,En cours,2025-11-30,2025-12-10,70,71.54,145.18,2.029,10162.36,5008.07,5154.29
MISS-13374,AG-22,CLI-115,CAND-1360,Intérim IA/Data,Terminée,2024-04-20,2024-07-19,630,54.7,100.94,1.845,63591.77,34459.84,29131.93
MISS-13375,AG-15,CLI-112,CAND-1021,Intérim IA/Data,Terminée,2026-01-25,2026-02-04,70,40.04,83.18,2.077,5822.27,2803.03,3019.24
MISS-13376,AG-06,CLI-168,CAND-1432,Management Transition,En cours,2025-11-22,2025-12-12,140,47.84,88.97,1.86,12455.19,6696.92,5758.26
MISS-13377,AG-11,CLI-102,CAND-1142,Intérim IA/Data,Terminée,2025-12-06,2026-02-04,420,37.82,72.53,1.918,30463.39,15885.65,14577.74
MISS-13378,AG-14,CLI-136,CAND-1376,Intérim IA/Data,Terminée,2024-07-23,2024-08-02,70,49.15,86.3,1.756,6040.74,3440.46,2600.28
MISS-13379,AG-01,CLI-156,CAND-1033,Intérim IA/Data,Terminée,2024-11-01,2024-11-06,35,60.87,114.44,1.88,4005.32,2130.32,1875.0
MISS-13380,AG-22,CLI-103,CAND-1251,Intérim IA/Data,Terminée,2024-07-17,2024-07-22,35,34.41,66.14,1.922,2315.0,1204.25,1110.75
MISS-13381,AG-02,CLI-106,CAND-1485,Intérim IA/Data,Terminée,2024-03-01,2024-03-06,35,49.34,97.94,1.985,3428.02,1726.8,1701.23
MISS-13382,AG-05,CLI-103,CAND-1105,Recrutement CDI,Terminée,2024-03-22,2024-09-18,1260,54.55,106.44,1.951,134118.25,68727.18,65391.07
MISS-13383,AG-20,CLI-125,CAND-1336,Intérim IA/Data,Terminée,2024-11-23,2024-11-28,35,38.03,68.14,1.792,2384.84,1331.1,1053.74
MISS-13384,AG-02,CLI-145,CAND-1174,Recrutement CDI,Terminée,2024-07-06,2025-01-02,1260,67.98,138.22,2.033,174160.52,85649.8,88510.71
MISS-13385,AG-17,CLI-117,CAND-1200,Management Transition,Terminée,2024-07-16,2024-09-14,420,62.94,116.26,1.847,48827.84,26433.56,22394.28
MISS-13386,AG-05,CLI-147,CAND-1370,Intérim IA/Data,En cours,2025-02-13,2025-03-05,140,69.03,133.21,1.93,18650.03,9664.09,8985.95
MISS-13387,AG-04,CLI-125,CAND-1409,Intérim IA/Data,Terminée,2024-02-13,2024-08-11,1260,42.78,83.73,1.957,105505.53,53899.46,51606.07
MISS-13388,AG-10,CLI-164,CAND-1348,Intérim IA/Data,Terminée,2026-05-30,2026-06-04,35,40.23,70.87,1.762,2480.49,1407.9,1072.58
MISS-13389,AG-03,CLI-142,CAND-1183,Intérim IA/Data,Terminée,2026-06-06,2026-09-04,630,70.66,136.25,1.928,85834.96,44518.75,41316.22
MISS-13390,AG-04,CLI-153,CAND-1330,Intérim IA/Data,Terminée,2024-02-25,2024-03-06,70,45.22,81.46,1.801,5702.03,3165.36,2536.68
MISS-13391,AG-14,CLI-177,CAND-1467,Management Transition,Terminée,2025-12-28,2026-01-07,70,61.11,125.44,2.053,8780.61,4277.74,4502.87
MISS-13392,AG-01,CLI-154,CAND-1377,Intérim IA/Data,Terminée,2025-05-23,2025-07-22,420,69.08,124.42,1.801,52257.43,29014.4,23243.03
MISS-13393,AG-08,CLI-176,CAND-1024,Recrutement CDI,Annulée,2026-02-28,2026-08-27,1260,61.31,127.67,2.082,160863.0,77249.19,83613.81
MISS-13394,AG-22,CLI-141,CAND-1119,Intérim IA/Data,Terminée,2024-04-28,2024-05-18,140,62.57,114.22,1.825,15991.2,8760.02,7231.18
MISS-13395,AG-12,CLI-126,CAND-1364,Intérim IA/Data,Terminée,2026-07-20,2026-08-09,140,58.64,115.54,1.97,16175.13,8209.89,7965.25
MISS-13396,AG-18,CLI-105,CAND-1115,Intérim IA/Data,Terminée,2025-08-22,2025-09-11,140,55.26,108.23,1.959,15152.77,7735.87,7416.9
MISS-13397,AG-01,CLI-127,CAND-1419,Recrutement CDI,Terminée,2025-04-20,2025-04-30,70,34.54,67.59,1.957,4731.62,2418.03,2313.59
MISS-13398,AG-13,CLI-174,CAND-1485,Intérim IA/Data,Terminée,2026-03-23,2026-04-12,140,36.77,71.99,1.958,10078.65,5148.36,4930.29
MISS-13399,AG-18,CLI-124,CAND-1229,Recrutement CDI,Terminée,2024-05-25,2024-07-24,420,38.98,79.2,2.032,33264.27,16370.92,16893.35
MISS-13400,AG-07,CLI-127,CAND-1456,Intérim IA/Data,En cours,2025-11-26,2026-01-25,420,68.91,139.64,2.026,58648.47,28942.85,29705.62
MISS-13401,AG-16,CLI-126,CAND-1128,Intérim IA/Data,Terminée,2025-06-28,2025-08-27,420,30.95,60.75,1.963,25513.01,12997.07,12515.93
MISS-13402,AG-11,CLI-120,CAND-1265,Intérim IA/Data,En cours,2026-07-16,2026-08-05,140,49.22,86.79,1.763,12150.31,6890.21,5260.1
MISS-13403,AG-01,CLI-162,CAND-1162,Intérim IA/Data,En cours,2025-01-04,2025-07-03,1260,46.45,86.2,1.856,108606.05,58523.05,50083.0
MISS-13404,AG-21,CLI-117,CAND-1473,Intérim IA/Data,Terminée,2025-06-14,2025-06-19,35,64.0,130.61,2.041,4571.36,2240.1,2331.26
MISS-13405,AG-13,CLI-165,CAND-1180,Management Transition,Terminée,2025-07-06,2025-07-26,140,40.28,77.18,1.916,10805.89,5639.2,5166.69
MISS-13406,AG-07,CLI-101,CAND-1031,Intérim IA/Data,Terminée,2025-03-29,2025-09-25,1260,49.7,96.57,1.943,121681.2,62623.55,59057.65
MISS-13407,AG-10,CLI-172,CAND-1107,Intérim IA/Data,Terminée,2024-04-10,2024-04-15,35,45.74,83.87,1.834,2935.37,1600.94,1334.43
MISS-13408,AG-19,CLI-167,CAND-1494,Management Transition,Terminée,2025-11-20,2025-11-25,35,34.59,71.91,2.079,2516.8,1210.66,1306.15
MISS-13409,AG-04,CLI-135,CAND-1107,Intérim IA/Data,Terminée,2024-09-16,2024-09-21,35,57.16,115.8,2.026,4052.92,2000.55,2052.37
MISS-13410,AG-14,CLI-137,CAND-1477,Intérim IA/Data,Terminée,2025-05-20,2025-06-09,140,73.79,134.72,1.826,18860.48,10330.99,8529.48
MISS-13411,AG-17,CLI-149,CAND-1210,Intérim IA/Data,Terminée,2025-04-15,2025-06-14,420,73.99,135.06,1.825,56723.78,31077.88,25645.9
MISS-13412,AG-05,CLI-139,CAND-1341,Intérim IA/Data,Terminée,2026-04-25,2026-05-05,70,37.45,66.67,1.78,4666.76,2621.46,2045.3
MISS-13413,AG-20,CLI-124,CAND-1429,Intérim IA/Data,En cours,2024-04-14,2024-04-24,70,38.53,76.47,1.985,5353.18,2697.38,2655.81
MISS-13414,AG-21,CLI-120,CAND-1054,Intérim IA/Data,En cours,2026-07-09,2027-01-05,1260,45.37,85.08,1.875,107195.53,57170.98,50024.56
MISS-13415,AG-10,CLI-100,CAND-1064,Management Transition,Terminée,2025-10-22,2025-11-01,70,64.07,120.23,1.877,8415.85,4484.63,3931.22
MISS-13416,AG-22,CLI-141,CAND-1253,Intérim IA/Data,Terminée,2024-02-10,2024-02-20,70,55.91,102.08,1.826,7145.53,3914.0,3231.53
MISS-13417,AG-20,CLI-159,CAND-1239,Intérim IA/Data,Annulée,2024-10-30,2024-12-29,420,65.94,134.97,2.047,56689.06,27694.1,28994.96
MISS-13418,AG-11,CLI-166,CAND-1266,Intérim IA/Data,En cours,2024-09-22,2025-03-21,1260,70.6,131.55,1.863,165757.46,88952.17,76805.29
MISS-13419,AG-22,CLI-178,CAND-1490,Intérim IA/Data,Annulée,2024-06-29,2024-12-26,1260,59.89,107.52,1.795,135470.55,75465.45,60005.1
MISS-13420,AG-20,CLI-177,CAND-1340,Intérim IA/Data,En cours,2024-01-11,2024-07-09,1260,47.24,93.39,1.977,117672.47,59519.89,58152.59
MISS-13421,AG-20,CLI-138,CAND-1141,Intérim IA/Data,Annulée,2025-01-29,2025-02-18,140,56.69,106.69,1.882,14936.42,7936.44,6999.99
MISS-13422,AG-14,CLI-138,CAND-1026,Intérim IA/Data,Annulée,2025-09-02,2025-09-12,70,59.45,121.18,2.038,8482.69,4161.39,4321.3
MISS-13423,AG-09,CLI-143,CAND-1296,Intérim IA/Data,En cours,2025-04-03,2025-04-23,140,44.8,92.35,2.061,12928.7,6272.16,6656.54
MISS-13424,AG-10,CLI-136,CAND-1212,Management Transition,Terminée,2024-08-20,2024-11-18,630,38.64,73.98,1.915,46609.12,24343.05,22266.06
MISS-13425,AG-20,CLI-159,CAND-1356,Intérim IA/Data,Terminée,2024-02-16,2024-02-26,70,35.33,67.83,1.92,4748.08,2473.45,2274.64
MISS-13426,AG-13,CLI-169,CAND-1030,Intérim IA/Data,Terminée,2026-06-02,2026-08-01,420,70.75,124.31,1.757,52209.56,29713.7,22495.86
MISS-13427,AG-19,CLI-164,CAND-1492,Intérim IA/Data,Terminée,2026-06-10,2026-06-30,140,53.15,103.02,1.938,14423.21,7441.22,6981.99
MISS-13428,AG-17,CLI-152,CAND-1046,Intérim IA/Data,Terminée,2024-01-03,2024-03-03,420,63.12,132.24,2.095,55539.19,26511.53,29027.66
MISS-13429,AG-18,CLI-121,CAND-1092,Intérim IA/Data,Terminée,2025-10-11,2025-10-31,140,56.52,107.02,1.893,14982.9,7913.1,7069.8
MISS-13430,AG-22,CLI-144,CAND-1225,Intérim IA/Data,Terminée,2024-02-17,2024-04-17,420,40.0,82.6,2.065,34691.01,16798.42,17892.59
MISS-13431,AG-15,CLI-108,CAND-1245,Recrutement CDI,En cours,2024-01-01,2024-03-01,420,42.49,80.32,1.89,33735.09,17846.32,15888.77
MISS-13432,AG-11,CLI-140,CAND-1227,Intérim IA/Data,En cours,2024-08-13,2024-11-11,630,33.15,58.46,1.763,36831.32,20885.61,15945.71
MISS-13433,AG-10,CLI-132,CAND-1043,Intérim IA/Data,Terminée,2024-05-26,2024-07-25,420,73.15,131.05,1.791,55039.09,30723.0,24316.09
MISS-13434,AG-06,CLI-166,CAND-1411,Intérim IA/Data,Terminée,2025-03-17,2025-05-16,420,41.37,75.51,1.825,31715.99,17375.07,14340.93
MISS-13435,AG-15,CLI-148,CAND-1422,Intérim IA/Data,Terminée,2024-07-21,2024-08-10,140,39.8,76.94,1.933,10771.56,5571.56,5200.0
MISS-13436,AG-04,CLI-166,CAND-1440,Intérim IA/Data,En cours,2024-12-03,2024-12-23,140,46.15,92.96,2.014,13014.17,6461.68,6552.5
MISS-13437,AG-01,CLI-176,CAND-1351,Intérim IA/Data,Terminée,2025-05-18,2025-07-17,420,50.93,97.51,1.915,40955.64,21390.53,19565.11
MISS-13438,AG-02,CLI-166,CAND-1060,Recrutement CDI,Terminée,2025-12-23,2026-01-12,140,74.17,131.29,1.77,18380.3,10383.76,7996.54
MISS-13439,AG-03,CLI-101,CAND-1342,Intérim IA/Data,En cours,2024-07-13,2024-08-02,140,37.47,76.19,2.033,10666.7,5246.14,5420.56
MISS-13440,AG-18,CLI-158,CAND-1106,Intérim IA/Data,Annulée,2024-04-28,2024-05-18,140,59.01,111.2,1.884,15567.74,8262.01,7305.72
MISS-13441,AG-09,CLI-148,CAND-1060,Management Transition,En cours,2024-02-18,2024-02-23,35,30.41,58.76,1.932,2056.52,1064.44,992.07
MISS-13442,AG-08,CLI-157,CAND-1433,Intérim IA/Data,En cours,2024-02-18,2024-05-18,630,54.74,109.95,2.009,69269.79,34484.43,34785.36
MISS-13443,AG-22,CLI-167,CAND-1008,Intérim IA/Data,En cours,2024-07-04,2024-10-02,630,61.04,114.78,1.881,72313.86,38453.23,33860.63
MISS-13444,AG-19,CLI-136,CAND-1451,Intérim IA/Data,Terminée,2025-02-25,2025-08-24,1260,73.69,139.69,1.896,176011.39,92845.66,83165.72
MISS-13445,AG-09,CLI-109,CAND-1362,Intérim IA/Data,Terminée,2024-03-24,2024-04-03,70,32.01,59.62,1.863,4173.44,2240.54,1932.9
MISS-13446,AG-07,CLI-137,CAND-1228,Intérim IA/Data,Terminée,2024-04-29,2024-10-26,1260,55.49,97.78,1.762,123200.84,69921.02,53279.82
MISS-13447,AG-05,CLI-152,CAND-1101,Intérim IA/Data,Terminée,2025-01-14,2025-07-13,1260,70.61,144.34,2.044,181873.0,88973.24,92899.76
MISS-13448,AG-08,CLI-171,CAND-1035,Intérim IA/Data,Terminée,2024-07-15,2024-07-20,35,67.68,126.2,1.865,4416.96,2368.86,2048.1
MISS-13449,AG-14,CLI-170,CAND-1385,Recrutement CDI,Terminée,2024-10-03,2024-10-23,140,50.92,90.54,1.778,12675.61,7128.45,5547.17
MISS-13450,AG-17,CLI-103,CAND-1050,Intérim IA/Data,Terminée,2026-04-08,2026-07-07,630,44.0,84.61,1.923,53305.61,27717.72,25587.89
MISS-13451,AG-06,CLI-133,CAND-1187,Intérim IA/Data,En cours,2024-03-29,2024-04-08,70,31.96,62.69,1.961,4388.2,2237.22,2150.98
MISS-13452,AG-09,CLI-178,CAND-1246,Intérim IA/Data,En cours,2024-07-01,2024-07-21,140,57.21,108.74,1.901,15223.85,8008.85,7214.99
MISS-13453,AG-19,CLI-105,CAND-1196,Management Transition,Terminée,2026-03-21,2026-03-31,70,44.25,77.68,1.755,5437.75,3097.75,2340.0
MISS-13454,AG-03,CLI-137,CAND-1450,Intérim IA/Data,Terminée,2024-06-24,2024-06-29,35,35.61,65.05,1.827,2276.91,1246.2,1030.71
MISS-13455,AG-17,CLI-142,CAND-1354,Intérim IA/Data,Terminée,2024-10-18,2025-01-16,630,69.09,122.56,1.774,77211.35,43526.66,33684.69
MISS-13456,AG-01,CLI-168,CAND-1195,Recrutement CDI,Terminée,2024-12-02,2024-12-07,35,61.62,115.24,1.87,4033.54,2156.56,1876.98
MISS-13457,AG-02,CLI-143,CAND-1440,Intérim IA/Data,Terminée,2026-05-25,2026-06-04,70,34.55,64.06,1.854,4484.24,2418.52,2065.72
MISS-13458,AG-03,CLI-177,CAND-1118,Intérim IA/Data,Terminée,2024-02-19,2024-08-17,1260,48.49,88.54,1.826,111558.82,61091.63,50467.19
MISS-13459,AG-08,CLI-116,CAND-1017,Intérim IA/Data,Terminée,2025-11-24,2025-12-14,140,35.85,74.48,2.077,10427.03,5019.53,5407.51
MISS-13460,AG-17,CLI-111,CAND-1099,Intérim IA/Data,Terminée,2025-10-02,2025-10-22,140,50.61,99.4,1.964,13916.03,7085.68,6830.36
MISS-13461,AG-01,CLI-119,CAND-1403,Intérim IA/Data,Terminée,2026-08-02,2026-08-12,70,39.1,75.42,1.929,5279.31,2736.99,2542.32
MISS-13462,AG-13,CLI-119,CAND-1282,Recrutement CDI,Terminée,2025-08-19,2025-08-29,70,57.7,120.97,2.097,8468.13,4038.84,4429.29
MISS-13463,AG-19,CLI-150,CAND-1485,Intérim IA/Data,Terminée,2025-12-14,2026-01-03,140,51.67,106.62,2.063,14926.63,7234.42,7692.21
MISS-13464,AG-13,CLI-123,CAND-1180,Management Transition,Terminée,2025-03-12,2025-05-11,420,37.73,76.01,2.015,31925.35,15845.82,16079.53
MISS-13465,AG-07,CLI-140,CAND-1064,Intérim IA/Data,Terminée,2026-05-21,2026-05-26,35,53.32,110.91,2.08,3881.69,1866.16,2015.53
MISS-13466,AG-14,CLI-157,CAND-1389,Intérim IA/Data,Annulée,2024-11-23,2024-11-28,35,59.57,124.88,2.096,4370.85,2084.95,2285.9
MISS-13467,AG-02,CLI-150,CAND-1434,Intérim IA/Data,Terminée,2025-05-20,2025-08-18,630,34.53,71.01,2.056,44736.97,21755.7,22981.26
MISS-13468,AG-11,CLI-113,CAND-1453,Recrutement CDI,Terminée,2024-07-24,2024-08-13,140,39.77,73.35,1.844,10268.8,5567.85,4700.95
MISS-13469,AG-20,CLI-178,CAND-1301,Recrutement CDI,En cours,2024-09-08,2024-11-07,420,69.06,137.92,1.997,57925.27,29006.25,28919.02
MISS-13470,AG-20,CLI-171,CAND-1029,Recrutement CDI,Terminée,2024-06-12,2024-08-11,420,52.99,94.98,1.793,39892.59,22254.17,17638.42
MISS-13471,AG-03,CLI-156,CAND-1241,Intérim IA/Data,Terminée,2025-04-21,2025-10-18,1260,38.53,79.53,2.064,100211.62,48552.77,51658.86
MISS-13472,AG-07,CLI-126,CAND-1264,Recrutement CDI,Terminée,2024-04-21,2024-05-11,140,50.91,103.76,2.038,14527.01,7127.14,7399.87
MISS-13473,AG-03,CLI-161,CAND-1453,Intérim IA/Data,En cours,2025-07-12,2025-10-10,630,74.92,146.07,1.95,92023.22,47198.52,44824.69
MISS-13474,AG-13,CLI-178,CAND-1182,Recrutement CDI,Terminée,2026-04-20,2026-06-19,420,47.22,93.0,1.969,39059.17,19834.14,19225.03
MISS-13475,AG-16,CLI-131,CAND-1400,Recrutement CDI,Terminée,2025-12-28,2026-02-26,420,61.36,112.87,1.839,47407.21,25772.99,21634.22
MISS-13476,AG-22,CLI-133,CAND-1494,Intérim IA/Data,Terminée,2026-07-01,2026-07-06,35,65.2,124.07,1.903,4342.52,2282.13,2060.38
MISS-13477,AG-06,CLI-176,CAND-1478,Intérim IA/Data,Terminée,2026-06-01,2026-07-31,420,57.04,113.38,1.988,47617.98,23955.39,23662.59
MISS-13478,AG-17,CLI-170,CAND-1280,Intérim IA/Data,Terminée,2024-02-08,2024-02-18,70,43.76,82.44,1.884,5770.56,3062.86,2707.7
MISS-13479,AG-02,CLI-120,CAND-1476,Intérim IA/Data,Terminée,2024-05-11,2024-05-21,70,37.23,66.93,1.798,4685.35,2605.85,2079.5
MISS-13480,AG-04,CLI-171,CAND-1435,Intérim IA/Data,Terminée,2025-06-02,2025-06-22,140,63.08,121.65,1.929,17030.93,8830.62,8200.31
MISS-13481,AG-16,CLI-133,CAND-1024,Intérim IA/Data,Terminée,2026-06-28,2026-09-26,630,51.95,98.8,1.902,62243.0,32730.54,29512.46
MISS-13482,AG-17,CLI-174,CAND-1021,Recrutement CDI,Annulée,2025-10-02,2025-10-12,70,39.04,76.91,1.97,5383.65,2733.01,2650.64
MISS-13483,AG-05,CLI-140,CAND-1370,Recrutement CDI,En cours,2025-09-24,2025-10-14,140,71.04,137.91,1.941,19307.77,9945.11,9362.66
MISS-13484,AG-13,CLI-125,CAND-1376,Intérim IA/Data,En cours,2025-03-18,2025-09-14,1260,55.35,111.12,2.007,140014.13,69747.13,70266.99
MISS-13485,AG-20,CLI-122,CAND-1311,Intérim IA/Data,Terminée,2026-04-15,2026-05-05,140,49.93,93.19,1.866,13046.05,6990.54,6055.51
MISS-13486,AG-16,CLI-164,CAND-1051,Intérim IA/Data,Terminée,2026-04-15,2026-05-05,140,33.84,66.82,1.974,9354.29,4738.09,4616.2
MISS-13487,AG-21,CLI-106,CAND-1445,Recrutement CDI,Terminée,2025-08-18,2025-08-28,70,74.13,146.3,1.974,10240.69,5188.93,5051.76
MISS-13488,AG-09,CLI-129,CAND-1062,Intérim IA/Data,Terminée,2025-12-25,2026-06-23,1260,32.43,59.97,1.849,75565.73,40866.72,34699.01
MISS-13489,AG-11,CLI-150,CAND-1204,Management Transition,Terminée,2024-01-08,2024-01-28,140,34.63,72.01,2.079,10080.95,4848.58,5232.37
MISS-13490,AG-03,CLI-179,CAND-1489,Recrutement CDI,Terminée,2025-01-13,2025-04-13,630,66.68,132.33,1.985,83367.59,42007.72,41359.87
MISS-13491,AG-13,CLI-174,CAND-1106,Recrutement CDI,Terminée,2025-12-21,2026-03-21,630,52.29,100.36,1.919,63229.18,32942.67,30286.51
MISS-13492,AG-13,CLI-109,CAND-1040,Intérim IA/Data,En cours,2026-03-03,2026-03-13,70,54.4,114.15,2.098,7990.36,3808.06,4182.3
MISS-13493,AG-06,CLI-141,CAND-1262,Intérim IA/Data,Terminée,2026-07-24,2026-07-29,35,34.9,69.43,1.989,2429.89,1221.66,1208.23
MISS-13494,AG-13,CLI-157,CAND-1257,Recrutement CDI,Terminée,2026-06-12,2026-07-02,140,45.43,87.62,1.929,12266.75,6359.99,5906.76
MISS-13495,AG-20,CLI-156,CAND-1323,Intérim IA/Data,Terminée,2026-02-14,2026-04-15,420,37.04,71.64,1.934,30089.88,15556.28,14533.6
MISS-13496,AG-09,CLI-105,CAND-1387,Intérim IA/Data,Terminée,2025-09-09,2025-09-14,35,71.89,149.23,2.076,5223.15,2516.2,2706.95
MISS-13497,AG-03,CLI-135,CAND-1290,Intérim IA/Data,Terminée,2025-12-17,2025-12-27,70,45.85,90.4,1.972,6328.04,3209.42,3118.62
MISS-13498,AG-21,CLI-170,CAND-1252,Intérim IA/Data,En cours,2025-03-31,2025-04-05,35,48.42,85.79,1.772,3002.79,1694.75,1308.04
MISS-13499,AG-13,CLI-106,CAND-1050,Intérim IA/Data,Terminée,2024-08-20,2024-09-09,140,56.64,113.95,2.012,15952.53,7929.28,8023.25
