bulletin_id,candidat_id,mission_id,date_paie,heures_indemnisees,salaire_brut_base,ifm_montant,cp_montant,total_brut,charges_patronales,cout_total_employeur
PAY-2026-1000,CAND-1480,MISS-13133,2024-09-11,17.5,1052.33,105.23,115.76,1273.32,534.79,1808.11
PAY-2026-1001,CAND-1093,MISS-11531,2026-08-09,70.0,3291.66,329.17,362.08,3982.91,1672.82,5655.73
PAY-2026-1002,CAND-1085,MISS-12457,2024-02-24,35.0,1181.0,118.1,129.91,1429.01,600.18,2029.19
PAY-2026-1003,CAND-1190,MISS-10914,2026-08-02,70.0,4056.8,405.68,446.25,4908.73,2061.67,6970.4
PAY-2026-1004,CAND-1431,MISS-11059,2024-05-15,17.5,595.26,59.53,65.48,720.27,302.51,1022.78
PAY-2026-1005,CAND-1467,MISS-11054,2024-12-13,315.0,12964.4,1296.44,1426.08,15686.93,6588.51,22275.44
PAY-2026-1006,CAND-1199,MISS-10549,2024-07-28,17.5,689.74,68.97,75.87,834.59,350.53,1185.11
PAY-2026-1007,CAND-1036,MISS-13357,2024-07-07,315.0,21395.54,2139.55,2353.51,25888.6,10873.21,36761.81
PAY-2026-1008,CAND-1442,MISS-10842,2024-07-15,70.0,2375.23,237.52,261.28,2874.03,1207.09,4081.12
PAY-2026-1009,CAND-1100,MISS-10143,2024-05-03,630.0,27585.81,2758.58,3034.44,33378.83,14019.11,47397.94
PAY-2026-1010,CAND-1109,MISS-10957,2024-08-14,210.0,14071.94,1407.19,1547.91,17027.05,7151.36,24178.41
PAY-2026-1011,CAND-1163,MISS-10389,2024-04-14,35.0,1113.74,111.37,122.51,1347.63,566.0,1913.63
PAY-2026-1012,CAND-1189,MISS-11907,2026-03-09,210.0,6982.3,698.23,768.05,8448.58,3548.4,11996.98
PAY-2026-1013,CAND-1065,MISS-11131,2026-02-15,35.0,2206.52,220.65,242.72,2669.9,1121.36,3791.25
PAY-2026-1014,CAND-1282,MISS-11935,2026-02-06,630.0,29785.3,2978.53,3276.38,36040.21,15136.89,51177.1
PAY-2026-1015,CAND-1180,MISS-10324,2026-01-20,70.0,3950.16,395.02,434.52,4779.69,2007.47,6787.16
PAY-2026-1016,CAND-1151,MISS-11567,2025-04-05,35.0,2290.16,229.02,251.92,2771.09,1163.86,3934.94
PAY-2026-1017,CAND-1453,MISS-12752,2024-10-17,35.0,1604.86,160.49,176.54,1941.89,815.59,2757.48
PAY-2026-1018,CAND-1418,MISS-12953,2026-07-21,35.0,1866.24,186.62,205.29,2258.14,948.42,3206.56
PAY-2026-1019,CAND-1220,MISS-11570,2024-03-13,17.5,1005.42,100.54,110.6,1216.56,510.95,1727.51
PAY-2026-1020,CAND-1152,MISS-11664,2026-07-17,210.0,9100.74,910.07,1001.08,11011.89,4624.99,15636.88
PAY-2026-1021,CAND-1386,MISS-11829,2026-05-23,210.0,6392.9,639.29,703.22,7735.42,3248.87,10984.29
PAY-2026-1022,CAND-1382,MISS-12223,2026-01-31,35.0,2534.72,253.47,278.82,3067.01,1288.14,4355.16
PAY-2026-1023,CAND-1253,MISS-10698,2024-03-21,210.0,8620.61,862.06,948.27,10430.94,4380.99,14811.93
PAY-2026-1024,CAND-1383,MISS-11756,2024-11-01,70.0,4428.72,442.87,487.16,5358.75,2250.67,7609.42
PAY-2026-1025,CAND-1259,MISS-12200,2024-11-29,210.0,11694.06,1169.41,1286.35,14149.81,5942.92,20092.73
PAY-2026-1026,CAND-1014,MISS-12141,2024-08-01,210.0,10972.6,1097.26,1206.99,13276.84,5576.27,18853.11
PAY-2026-1027,CAND-1331,MISS-11249,2025-01-22,210.0,10994.36,1099.44,1209.38,13303.18,5587.33,18890.51
PAY-2026-1028,CAND-1383,MISS-12267,2026-06-18,70.0,3672.2,367.22,403.94,4443.36,1866.21,6309.57
PAY-2026-1029,CAND-1139,MISS-10333,2024-08-22,315.0,20353.72,2035.37,2238.91,24628.0,10343.76,34971.76
PAY-2026-1030,CAND-1417,MISS-10711,2025-10-24,630.0,37624.84,3762.48,4138.73,45526.05,19120.94,64646.99
PAY-2026-1031,CAND-1030,MISS-11069,2025-11-16,210.0,11569.45,1156.95,1272.64,13999.03,5879.59,19878.63
PAY-2026-1032,CAND-1302,MISS-10796,2026-03-03,70.0,4792.34,479.23,527.16,5798.73,2435.46,8234.19
PAY-2026-1033,CAND-1120,MISS-11253,2024-04-30,70.0,2258.31,225.83,248.41,2732.56,1147.67,3880.23
PAY-2026-1034,CAND-1432,MISS-13182,2026-06-20,210.0,15135.74,1513.57,1664.93,18314.25,7691.98,26006.23
PAY-2026-1035,CAND-1164,MISS-11539,2026-06-22,70.0,2639.86,263.99,290.39,3194.24,1341.58,4535.82
PAY-2026-1036,CAND-1272,MISS-11250,2026-07-17,70.0,4161.7,416.17,457.79,5035.66,2114.98,7150.63
PAY-2026-1037,CAND-1381,MISS-13111,2024-03-01,315.0,16186.89,1618.69,1780.56,19586.14,8226.18,27812.31
PAY-2026-1038,CAND-1173,MISS-11727,2024-11-10,70.0,3377.38,337.74,371.51,4086.62,1716.38,5803.01
PAY-2026-1039,CAND-1496,MISS-10474,2024-11-30,35.0,2277.1,227.71,250.48,2755.29,1157.22,3912.51
PAY-2026-1040,CAND-1497,MISS-10441,2024-02-22,315.0,17380.17,1738.02,1911.82,21030.01,8832.6,29862.61
PAY-2026-1041,CAND-1269,MISS-11405,2024-06-29,70.0,3964.62,396.46,436.11,4797.18,2014.82,6812.0
PAY-2026-1042,CAND-1048,MISS-11796,2026-08-03,35.0,1121.33,112.13,123.35,1356.81,569.86,1926.67
PAY-2026-1043,CAND-1042,MISS-11931,2024-11-30,17.5,954.02,95.4,104.94,1154.36,484.83,1639.2
PAY-2026-1044,CAND-1182,MISS-10361,2025-06-15,35.0,2469.55,246.96,271.65,2988.16,1255.03,4243.19
PAY-2026-1045,CAND-1234,MISS-10538,2025-12-05,210.0,8267.76,826.78,909.45,10004.0,4201.68,14205.67
PAY-2026-1046,CAND-1155,MISS-11736,2026-02-08,17.5,1262.2,126.22,138.84,1527.26,641.45,2168.7
PAY-2026-1047,CAND-1470,MISS-12957,2026-04-12,35.0,2256.6,225.66,248.23,2730.49,1146.81,3877.3
PAY-2026-1048,CAND-1252,MISS-10119,2024-07-27,70.0,3533.46,353.35,388.68,4275.49,1795.71,6071.2
PAY-2026-1049,CAND-1412,MISS-10077,2025-04-15,17.5,971.11,97.11,106.82,1175.04,493.52,1668.56
PAY-2026-1050,CAND-1012,MISS-11538,2026-07-04,35.0,2068.66,206.87,227.55,2503.08,1051.29,3554.37
PAY-2026-1051,CAND-1336,MISS-10322,2025-02-08,210.0,15292.63,1529.26,1682.19,18504.08,7771.71,26275.8
PAY-2026-1052,CAND-1268,MISS-12149,2026-04-10,35.0,1672.86,167.29,184.02,2024.17,850.15,2874.32
PAY-2026-1053,CAND-1386,MISS-11810,2026-08-01,210.0,9676.31,967.63,1064.39,11708.34,4917.5,16625.84
PAY-2026-1054,CAND-1390,MISS-12932,2024-03-28,70.0,3232.82,323.28,355.61,3911.71,1642.92,5554.63
PAY-2026-1055,CAND-1392,MISS-10562,2024-07-27,70.0,4122.56,412.26,453.48,4988.3,2095.09,7083.39
PAY-2026-1056,CAND-1055,MISS-12945,2026-05-29,17.5,973.13,97.31,107.04,1177.49,494.54,1672.03
PAY-2026-1057,CAND-1308,MISS-10748,2024-07-10,35.0,1147.77,114.78,126.25,1388.8,583.3,1972.1
PAY-2026-1058,CAND-1230,MISS-10130,2025-07-08,70.0,2341.5,234.15,257.56,2833.22,1189.95,4023.17
PAY-2026-1059,CAND-1090,MISS-12881,2025-02-05,35.0,2365.39,236.54,260.19,2862.12,1202.09,4064.21
PAY-2026-1060,CAND-1098,MISS-12547,2025-10-28,315.0,9526.04,952.6,1047.86,11526.51,4841.13,16367.64
PAY-2026-1061,CAND-1458,MISS-10885,2026-05-17,630.0,27359.24,2735.92,3009.52,33104.67,13903.96,47008.64
PAY-2026-1062,CAND-1061,MISS-11856,2025-06-09,70.0,2679.44,267.94,294.74,3242.12,1361.69,4603.81
PAY-2026-1063,CAND-1300,MISS-12842,2024-08-04,35.0,1536.2,153.62,168.98,1858.8,780.69,2639.49
PAY-2026-1064,CAND-1107,MISS-11037,2026-06-08,315.0,16225.46,1622.55,1784.8,19632.81,8245.78,27878.59
PAY-2026-1065,CAND-1226,MISS-12749,2025-05-24,70.0,4804.41,480.44,528.49,5813.34,2441.6,8254.94
PAY-2026-1066,CAND-1113,MISS-10960,2024-02-10,35.0,1909.58,190.96,210.05,2310.59,970.45,3281.04
PAY-2026-1067,CAND-1126,MISS-13063,2026-07-05,17.5,684.06,68.41,75.25,827.71,347.64,1175.35
PAY-2026-1068,CAND-1030,MISS-13426,2026-07-02,210.0,14856.85,1485.69,1634.25,17976.79,7550.25,25527.04
PAY-2026-1069,CAND-1138,MISS-11950,2025-05-25,17.5,948.34,94.83,104.32,1147.49,481.94,1629.43
PAY-2026-1070,CAND-1289,MISS-10222,2024-05-31,630.0,40049.42,4004.94,4405.44,48459.8,20353.12,68812.91
PAY-2026-1071,CAND-1329,MISS-11440,2025-03-11,35.0,1827.54,182.75,201.03,2211.33,928.76,3140.09
PAY-2026-1072,CAND-1220,MISS-11570,2024-03-13,17.5,1005.42,100.54,110.6,1216.56,510.95,1727.51
PAY-2026-1073,CAND-1070,MISS-10096,2025-07-25,17.5,681.4,68.14,74.95,824.49,346.28,1170.77
PAY-2026-1074,CAND-1083,MISS-11170,2024-02-05,35.0,2076.18,207.62,228.38,2512.18,1055.11,3567.29
PAY-2026-1075,CAND-1005,MISS-11956,2024-09-21,70.0,3022.1,302.21,332.43,3656.75,1535.83,5192.58
PAY-2026-1076,CAND-1208,MISS-11717,2026-08-21,210.0,8764.36,876.44,964.08,10604.87,4454.05,15058.91
PAY-2026-1077,CAND-1000,MISS-10145,2024-12-27,630.0,42092.41,4209.24,4630.17,50931.82,21391.36,72323.18
PAY-2026-1078,CAND-1199,MISS-10549,2024-07-28,17.5,689.74,68.97,75.87,834.59,350.53,1185.11
PAY-2026-1079,CAND-1344,MISS-11386,2024-04-26,630.0,22782.6,2278.26,2506.09,27566.94,11578.11,39145.05
PAY-2026-1080,CAND-1292,MISS-12817,2025-12-24,17.5,715.02,71.5,78.65,865.17,363.37,1228.54
PAY-2026-1081,CAND-1238,MISS-12521,2025-04-20,210.0,8527.59,852.76,938.04,10318.39,4333.72,14652.11
PAY-2026-1082,CAND-1350,MISS-10279,2025-08-17,210.0,11278.32,1127.83,1240.62,13646.77,5731.64,19378.41
PAY-2026-1083,CAND-1110,MISS-10247,2025-06-08,210.0,12165.99,1216.6,1338.26,14720.85,6182.76,20903.6
PAY-2026-1084,CAND-1196,MISS-10228,2024-04-14,70.0,2352.6,235.26,258.79,2846.65,1195.59,4042.25
PAY-2026-1085,CAND-1204,MISS-11072,2024-05-20,630.0,25641.74,2564.17,2820.59,31026.5,13031.13,44057.63
PAY-2026-1086,CAND-1398,MISS-11813,2024-07-23,17.5,1209.53,120.95,133.05,1463.53,614.68,2078.21
PAY-2026-1087,CAND-1428,MISS-12706,2024-02-03,35.0,2265.08,226.51,249.16,2740.75,1151.12,3891.87
PAY-2026-1088,CAND-1402,MISS-12166,2025-09-24,35.0,1087.67,108.77,119.64,1316.08,552.75,1868.83
PAY-2026-1089,CAND-1315,MISS-12658,2025-12-28,210.0,7096.62,709.66,780.63,8586.92,3606.5,12193.42
PAY-2026-1090,CAND-1428,MISS-10799,2026-07-19,35.0,2161.28,216.13,237.74,2615.15,1098.37,3713.52
PAY-2026-1091,CAND-1209,MISS-10038,2025-04-11,70.0,3542.0,354.2,389.62,4285.83,1800.05,6085.87
PAY-2026-1092,CAND-1440,MISS-10021,2026-01-09,210.0,12971.1,1297.11,1426.82,15695.03,6591.91,22286.94
PAY-2026-1093,CAND-1031,MISS-11805,2025-05-05,630.0,30893.3,3089.33,3398.26,37380.89,15699.98,53080.87
PAY-2026-1094,CAND-1299,MISS-10887,2026-08-14,210.0,14961.9,1496.19,1645.81,18103.89,7603.64,25707.53
PAY-2026-1095,CAND-1283,MISS-12279,2026-04-07,315.0,16354.26,1635.43,1798.97,19788.66,8311.24,28099.9
PAY-2026-1096,CAND-1390,MISS-10243,2025-04-18,210.0,14279.84,1427.98,1570.78,17278.6,7257.01,24535.61
PAY-2026-1097,CAND-1001,MISS-13077,2025-01-17,70.0,4889.04,488.9,537.79,5915.74,2484.61,8400.35
PAY-2026-1098,CAND-1280,MISS-12746,2025-04-24,35.0,1134.7,113.47,124.82,1372.99,576.65,1949.64
PAY-2026-1099,CAND-1095,MISS-10410,2024-08-12,17.5,902.83,90.28,99.31,1092.42,458.82,1551.24
PAY-2026-1100,CAND-1203,MISS-11135,2026-06-01,210.0,15183.66,1518.37,1670.2,18372.23,7716.34,26088.56
PAY-2026-1101,CAND-1036,MISS-13357,2024-07-07,315.0,21395.54,2139.55,2353.51,25888.6,10873.21,36761.81
PAY-2026-1102,CAND-1185,MISS-10544,2026-08-27,35.0,1362.21,136.22,149.84,1648.27,692.28,2340.55
PAY-2026-1103,CAND-1298,MISS-12210,2025-01-24,70.0,4797.37,479.74,527.71,5804.82,2438.02,8242.84
PAY-2026-1104,CAND-1243,MISS-13088,2025-09-30,35.0,2090.73,209.07,229.98,2529.78,1062.51,3592.29
PAY-2026-1105,CAND-1307,MISS-12126,2026-07-22,35.0,1445.49,144.55,159.0,1749.04,734.6,2483.64
PAY-2026-1106,CAND-1068,MISS-12043,2025-03-15,210.0,11733.09,1173.31,1290.64,14197.04,5962.76,20159.8
PAY-2026-1107,CAND-1468,MISS-10448,2025-02-27,210.0,11254.74,1125.47,1238.02,13618.24,5719.66,19337.89
PAY-2026-1108,CAND-1135,MISS-10657,2024-12-07,70.0,3099.98,310.0,341.0,3750.98,1575.41,5326.39
PAY-2026-1109,CAND-1060,MISS-13209,2024-05-11,70.0,3232.14,323.21,355.54,3910.9,1642.58,5553.47
PAY-2026-1110,CAND-1112,MISS-10932,2024-02-06,210.0,6435.6,643.56,707.92,7787.07,3270.57,11057.64
PAY-2026-1111,CAND-1472,MISS-10909,2026-04-26,70.0,3573.38,357.34,393.07,4323.8,1815.99,6139.79
PAY-2026-1112,CAND-1104,MISS-11818,2025-09-21,630.0,26539.99,2654.0,2919.4,32113.39,13487.62,45601.01
PAY-2026-1113,CAND-1464,MISS-12772,2024-02-18,210.0,13128.75,1312.88,1444.16,15885.79,6672.03,22557.82
PAY-2026-1114,CAND-1449,MISS-12830,2024-04-06,630.0,25237.33,2523.73,2776.11,30537.17,12825.61,43362.78
PAY-2026-1115,CAND-1370,MISS-11975,2024-02-21,70.0,3002.2,300.22,330.24,3632.67,1525.72,5158.39
PAY-2026-1116,CAND-1336,MISS-12292,2024-03-01,70.0,4328.42,432.84,476.13,5237.39,2199.7,7437.09
PAY-2026-1117,CAND-1026,MISS-10328,2024-04-16,17.5,666.52,66.65,73.32,806.48,338.72,1145.21
PAY-2026-1118,CAND-1410,MISS-10132,2024-06-15,70.0,3714.5,371.45,408.6,4494.55,1887.71,6382.26
PAY-2026-1119,CAND-1317,MISS-13115,2025-05-13,70.0,4217.73,421.77,463.95,5103.45,2143.45,7246.9
PAY-2026-1120,CAND-1269,MISS-12004,2026-01-29,35.0,1193.44,119.34,131.28,1444.06,606.5,2050.56
PAY-2026-1121,CAND-1301,MISS-12303,2026-04-20,70.0,4400.7,440.07,484.08,5324.84,2236.43,7561.27
PAY-2026-1122,CAND-1182,MISS-12743,2024-03-06,210.0,15516.14,1551.61,1706.78,18774.53,7885.3,26659.83
PAY-2026-1123,CAND-1393,MISS-10731,2025-11-18,70.0,4779.34,477.93,525.73,5783.0,2428.86,8211.85
PAY-2026-1124,CAND-1405,MISS-11834,2025-03-20,70.0,4799.97,480.0,528.0,5807.96,2439.34,8247.31
PAY-2026-1125,CAND-1420,MISS-12475,2024-09-28,17.5,709.65,70.96,78.06,858.68,360.64,1219.32
PAY-2026-1126,CAND-1356,MISS-13186,2024-08-04,35.0,1759.44,175.94,193.54,2128.92,894.14,3023.06
PAY-2026-1127,CAND-1469,MISS-12191,2026-04-22,315.0,20713.3,2071.33,2278.46,25063.1,10526.5,35589.6
PAY-2026-1128,CAND-1450,MISS-11898,2025-04-10,35.0,1434.7,143.47,157.82,1735.99,729.12,2465.11
PAY-2026-1129,CAND-1189,MISS-10054,2024-03-18,630.0,43595.16,4359.52,4795.47,52750.14,22155.06,74905.2
PAY-2026-1130,CAND-1127,MISS-11708,2025-06-19,70.0,2409.58,240.96,265.05,2915.6,1224.55,4140.15
PAY-2026-1131,CAND-1475,MISS-10031,2026-07-16,630.0,23373.66,2337.37,2571.1,28282.12,11878.49,40160.61
PAY-2026-1132,CAND-1310,MISS-13361,2025-03-01,210.0,12050.66,1205.07,1325.57,14581.3,6124.15,20705.45
PAY-2026-1133,CAND-1016,MISS-10832,2026-01-22,210.0,6747.84,674.78,742.26,8164.89,3429.25,11594.14
PAY-2026-1134,CAND-1095,MISS-12900,2025-10-16,315.0,9681.64,968.16,1064.98,11714.79,4920.21,16635.0
PAY-2026-1135,CAND-1344,MISS-11581,2024-10-09,315.0,21707.81,2170.78,2387.86,26266.45,11031.91,37298.36
PAY-2026-1136,CAND-1340,MISS-10671,2026-01-30,210.0,12617.41,1261.74,1387.92,15267.07,6412.17,21679.23
PAY-2026-1137,CAND-1005,MISS-11674,2026-01-05,630.0,23428.96,2342.9,2577.19,28349.04,11906.6,40255.64
PAY-2026-1138,CAND-1354,MISS-13201,2026-01-24,17.5,1199.68,119.97,131.96,1451.61,609.68,2061.29
PAY-2026-1139,CAND-1055,MISS-12090,2025-05-23,70.0,4591.34,459.13,505.05,5555.52,2333.32,7888.83
PAY-2026-1140,CAND-1266,MISS-11868,2026-05-30,35.0,2192.18,219.22,241.14,2652.53,1114.06,3766.6
PAY-2026-1141,CAND-1261,MISS-12005,2026-03-26,17.5,834.02,83.4,91.74,1009.17,423.85,1433.02
PAY-2026-1142,CAND-1461,MISS-11526,2025-01-04,210.0,9309.12,930.91,1024.0,11264.04,4730.89,15994.93
PAY-2026-1143,CAND-1130,MISS-10982,2024-12-31,315.0,15771.8,1577.18,1734.9,19083.88,8015.23,27099.12
PAY-2026-1144,CAND-1056,MISS-12284,2025-09-28,35.0,1872.82,187.28,206.01,2266.12,951.77,3217.89
PAY-2026-1145,CAND-1259,MISS-13057,2026-08-03,315.0,14075.68,1407.57,1548.32,17031.57,7153.26,24184.83
PAY-2026-1146,CAND-1475,MISS-11686,2026-03-15,315.0,18049.16,1804.92,1985.41,21839.48,9172.58,31012.07
PAY-2026-1147,CAND-1014,MISS-11270,2025-05-31,35.0,2173.93,217.39,239.13,2630.45,1104.79,3735.24
PAY-2026-1148,CAND-1014,MISS-11540,2026-01-20,315.0,14929.2,1492.92,1642.21,18064.34,7587.02,25651.36
PAY-2026-1149,CAND-1121,MISS-12326,2024-04-28,315.0,21337.57,2133.76,2347.13,25818.46,10843.75,36662.21
PAY-2026-1150,CAND-1387,MISS-11298,2024-08-30,70.0,3531.7,353.17,388.49,4273.36,1794.81,6068.18
PAY-2026-1151,CAND-1144,MISS-10729,2025-07-12,35.0,1495.03,149.5,164.45,1808.99,759.77,2568.76
PAY-2026-1152,CAND-1152,MISS-12926,2024-11-11,630.0,36136.07,3613.61,3974.97,43724.65,18364.35,62089.0
PAY-2026-1153,CAND-1377,MISS-11370,2026-06-29,35.0,1691.14,169.11,186.03,2046.28,859.44,2905.72
PAY-2026-1154,CAND-1482,MISS-12556,2024-09-27,17.5,849.24,84.92,93.42,1027.57,431.58,1459.16
PAY-2026-1155,CAND-1075,MISS-11058,2025-05-17,17.5,866.51,86.65,95.32,1048.48,440.36,1488.84
PAY-2026-1156,CAND-1230,MISS-10664,2026-06-14,315.0,23295.39,2329.54,2562.49,28187.42,11838.72,40026.14
PAY-2026-1157,CAND-1026,MISS-10328,2024-04-16,17.5,666.52,66.65,73.32,806.48,338.72,1145.21
PAY-2026-1158,CAND-1377,MISS-11370,2026-06-29,35.0,1691.14,169.11,186.03,2046.28,859.44,2905.72
PAY-2026-1159,CAND-1250,MISS-11104,2026-01-25,315.0,16661.76,1666.18,1832.79,20160.74,8467.51,28628.24
PAY-2026-1160,CAND-1366,MISS-12730,2024-05-25,17.5,771.26,77.13,84.84,933.22,391.95,1325.17
PAY-2026-1161,CAND-1247,MISS-11701,2026-03-23,630.0,37411.76,3741.18,4115.29,45268.23,19012.66,64280.89
PAY-2026-1162,CAND-1305,MISS-10999,2025-07-12,210.0,14239.24,1423.92,1566.32,17229.47,7236.38,24465.85
PAY-2026-1163,CAND-1097,MISS-10790,2026-08-18,630.0,21321.48,2132.15,2345.36,25799.0,10835.58,36634.58
PAY-2026-1164,CAND-1204,MISS-13041,2024-11-09,315.0,9933.59,993.36,1092.69,12019.64,5048.25,17067.89
PAY-2026-1165,CAND-1136,MISS-10358,2026-06-27,630.0,36541.04,3654.1,4019.51,44214.66,18570.16,62784.82
PAY-2026-1166,CAND-1450,MISS-11898,2025-04-10,35.0,1434.7,143.47,157.82,1735.99,729.12,2465.11
PAY-2026-1167,CAND-1370,MISS-13386,2025-03-15,70.0,4832.04,483.2,531.52,5846.77,2455.65,8302.42
PAY-2026-1168,CAND-1312,MISS-10689,2026-05-13,315.0,15679.04,1567.9,1724.69,18971.64,7968.09,26939.74
PAY-2026-1169,CAND-1442,MISS-11351,2026-05-29,210.0,6754.53,675.45,743.0,8172.98,3432.65,11605.63
PAY-2026-1170,CAND-1093,MISS-12446,2025-02-03,70.0,4704.02,470.4,517.44,5691.87,2390.59,8082.46
PAY-2026-1171,CAND-1159,MISS-10642,2024-10-16,35.0,2253.16,225.32,247.85,2726.32,1145.06,3871.38
PAY-2026-1172,CAND-1113,MISS-12052,2025-02-10,35.0,1109.42,110.94,122.04,1342.4,563.81,1906.21
PAY-2026-1173,CAND-1048,MISS-12481,2024-06-17,315.0,23290.62,2329.06,2561.97,28181.65,11836.29,40017.94
PAY-2026-1174,CAND-1326,MISS-11333,2026-04-12,315.0,9698.25,969.82,1066.81,11734.88,4928.65,16663.52
PAY-2026-1175,CAND-1453,MISS-10184,2025-04-19,70.0,4407.05,440.71,484.78,5332.53,2239.66,7572.19
PAY-2026-1176,CAND-1140,MISS-11086,2024-08-01,70.0,3876.27,387.63,426.39,4690.29,1969.92,6660.21
PAY-2026-1177,CAND-1050,MISS-10568,2024-11-09,70.0,2662.58,266.26,292.88,3221.73,1353.13,4574.85
PAY-2026-1178,CAND-1480,MISS-11358,2024-02-21,70.0,4706.44,470.64,517.71,5694.79,2391.81,8086.61
PAY-2026-1179,CAND-1349,MISS-13105,2024-05-27,70.0,4513.54,451.35,496.49,5461.38,2293.78,7755.16
PAY-2026-1180,CAND-1494,MISS-11511,2024-06-25,210.0,15242.44,1524.24,1676.67,18443.35,7746.21,26189.56
PAY-2026-1181,CAND-1263,MISS-10382,2026-02-04,35.0,1565.12,156.51,172.16,1893.8,795.4,2689.2
PAY-2026-1182,CAND-1102,MISS-11909,2026-01-21,315.0,13799.86,1379.99,1517.98,16697.82,7013.09,23710.91
PAY-2026-1183,CAND-1175,MISS-11152,2024-06-21,35.0,2147.47,214.75,236.22,2598.44,1091.34,3689.78
PAY-2026-1184,CAND-1384,MISS-11749,2024-10-11,210.0,11008.05,1100.8,1210.89,13319.74,5594.29,18914.03
PAY-2026-1185,CAND-1156,MISS-12691,2026-06-25,35.0,2305.05,230.51,253.56,2789.12,1171.43,3960.55
PAY-2026-1186,CAND-1036,MISS-13357,2024-07-07,315.0,21395.54,2139.55,2353.51,25888.6,10873.21,36761.81
PAY-2026-1187,CAND-1407,MISS-13117,2024-06-09,70.0,3695.2,369.52,406.47,4471.19,1877.9,6349.08
PAY-2026-1188,CAND-1165,MISS-11024,2026-07-11,35.0,2484.82,248.48,273.33,3006.63,1262.79,4269.42
PAY-2026-1189,CAND-1285,MISS-11226,2025-05-21,35.0,1539.48,153.95,169.34,1862.76,782.36,2645.13
PAY-2026-1190,CAND-1445,MISS-10626,2024-04-21,35.0,1060.79,106.08,116.69,1283.56,539.09,1822.65
PAY-2026-1191,CAND-1142,MISS-11974,2025-06-17,70.0,2971.18,297.12,326.83,3595.12,1509.95,5105.07
PAY-2026-1192,CAND-1129,MISS-10155,2026-01-14,210.0,9017.53,901.75,991.93,10911.21,4582.71,15493.92
PAY-2026-1193,CAND-1266,MISS-11752,2026-05-27,70.0,2545.11,254.51,279.96,3079.58,1293.42,4373.01
PAY-2026-1194,CAND-1485,MISS-13381,2024-03-31,17.5,863.4,86.34,94.97,1044.71,438.78,1483.49
PAY-2026-1195,CAND-1148,MISS-12146,2024-09-06,70.0,4857.26,485.73,534.3,5877.28,2468.46,8345.74
PAY-2026-1196,CAND-1234,MISS-12121,2026-04-27,630.0,45647.6,4564.76,5021.24,55233.6,23198.11,78431.71
PAY-2026-1197,CAND-1069,MISS-10655,2025-01-16,70.0,4963.28,496.33,545.96,6005.57,2522.34,8527.91
PAY-2026-1198,CAND-1409,MISS-13387,2024-03-14,630.0,26949.73,2694.97,2964.47,32609.17,13695.85,46305.03
PAY-2026-1199,CAND-1238,MISS-11203,2024-03-11,210.0,12583.58,1258.36,1384.19,15226.13,6394.97,21621.1
PAY-2026-1200,CAND-1392,MISS-11713,2024-08-22,630.0,31661.38,3166.14,3482.75,38310.26,16090.31,54400.57
PAY-2026-1201,CAND-1102,MISS-10807,2026-06-17,70.0,5070.89,507.09,557.8,6135.78,2577.03,8712.8
PAY-2026-1202,CAND-1037,MISS-12734,2025-07-11,630.0,30784.16,3078.42,3386.26,37248.83,15644.51,52893.34
PAY-2026-1203,CAND-1015,MISS-12323,2024-07-10,210.0,13783.98,1378.4,1516.24,16678.62,7005.02,23683.64
PAY-2026-1204,CAND-1470,MISS-11772,2025-02-16,17.5,1231.74,123.17,135.49,1490.41,625.97,2116.38
PAY-2026-1205,CAND-1377,MISS-13392,2025-06-22,210.0,14507.2,1450.72,1595.79,17553.71,7372.56,24926.27
PAY-2026-1206,CAND-1319,MISS-10686,2025-02-04,70.0,3294.55,329.46,362.4,3986.41,1674.29,5660.7
PAY-2026-1207,CAND-1484,MISS-12828,2024-08-23,70.0,2839.64,283.96,312.36,3435.96,1443.1,4879.06
PAY-2026-1208,CAND-1360,MISS-11982,2026-05-28,35.0,1820.97,182.1,200.31,2203.37,925.42,3128.79
PAY-2026-1209,CAND-1430,MISS-13141,2025-03-06,630.0,36877.64,3687.76,4056.54,44621.95,18741.22,63363.17
PAY-2026-1210,CAND-1360,MISS-11681,2024-02-27,630.0,42260.74,4226.07,4648.68,51135.5,21476.91,72612.41
PAY-2026-1211,CAND-1302,MISS-10180,2024-04-06,210.0,10541.06,1054.11,1159.52,12754.69,5356.97,18111.66
PAY-2026-1212,CAND-1239,MISS-13417,2024-11-29,210.0,13847.05,1384.7,1523.18,16754.93,7037.07,23792.0
PAY-2026-1213,CAND-1460,MISS-10266,2024-06-24,35.0,2536.12,253.61,278.97,3068.71,1288.86,4357.57
PAY-2026-1214,CAND-1257,MISS-11247,2025-02-24,35.0,1533.28,153.33,168.66,1855.26,779.21,2634.47
PAY-2026-1215,CAND-1178,MISS-11614,2024-03-09,210.0,7068.77,706.88,777.56,8553.21,3592.35,12145.56
PAY-2026-1216,CAND-1419,MISS-10229,2025-09-14,35.0,1122.68,112.27,123.49,1358.44,570.54,1928.98
PAY-2026-1217,CAND-1351,MISS-13437,2025-06-17,210.0,10695.26,1069.53,1176.48,12941.27,5435.33,18376.6
PAY-2026-1218,CAND-1390,MISS-12932,2024-03-28,70.0,3232.82,323.28,355.61,3911.71,1642.92,5554.63
PAY-2026-1219,CAND-1391,MISS-12042,2025-02-22,35.0,1075.44,107.54,118.3,1301.29,546.54,1847.83
PAY-2026-1220,CAND-1051,MISS-11569,2025-02-26,210.0,15027.18,1502.72,1652.99,18182.89,7636.82,25819.71
PAY-2026-1221,CAND-1282,MISS-10986,2025-04-18,70.0,2704.06,270.41,297.45,3271.91,1374.2,4646.11
PAY-2026-1222,CAND-1242,MISS-11365,2025-06-12,35.0,2538.38,253.84,279.22,3071.43,1290.0,4361.44
PAY-2026-1223,CAND-1213,MISS-10588,2026-01-06,70.0,3878.37,387.84,426.62,4692.83,1970.99,6663.82
PAY-2026-1224,CAND-1212,MISS-11563,2025-08-07,70.0,4019.47,401.95,442.14,4863.56,2042.69,6906.25
PAY-2026-1225,CAND-1101,MISS-12586,2025-11-22,70.0,2145.12,214.51,235.96,2595.6,1090.15,3685.75
PAY-2026-1226,CAND-1262,MISS-11802,2025-02-04,70.0,3173.4,317.34,349.07,3839.81,1612.72,5452.54
PAY-2026-1227,CAND-1060,MISS-11527,2024-05-17,315.0,9698.63,969.86,1066.85,11735.34,4928.84,16664.19
PAY-2026-1228,CAND-1310,MISS-13323,2024-02-26,70.0,4411.96,441.2,485.32,5338.47,2242.16,7580.62
PAY-2026-1229,CAND-1090,MISS-12373,2026-07-12,70.0,4631.41,463.14,509.46,5604.01,2353.68,7957.69
PAY-2026-1230,CAND-1030,MISS-12609,2026-07-29,210.0,12469.16,1246.92,1371.61,15087.69,6336.83,21424.52
PAY-2026-1231,CAND-1475,MISS-12545,2024-12-04,70.0,3324.74,332.47,365.72,4022.94,1689.64,5712.58
PAY-2026-1232,CAND-1014,MISS-10348,2024-06-14,35.0,2431.93,243.19,267.51,2942.63,1235.9,4178.53
PAY-2026-1233,CAND-1274,MISS-11224,2025-08-14,630.0,19766.98,1976.7,2174.37,23918.05,10045.58,33963.63
PAY-2026-1234,CAND-1414,MISS-13354,2025-06-04,315.0,22729.16,2272.92,2500.21,27502.28,11550.96,39053.24
PAY-2026-1235,CAND-1117,MISS-10765,2026-04-14,70.0,2218.78,221.88,244.07,2684.73,1127.59,3812.32
PAY-2026-1236,CAND-1396,MISS-12462,2025-03-02,210.0,14646.42,1464.64,1611.11,17722.16,7443.31,25165.47
PAY-2026-1237,CAND-1178,MISS-13085,2025-04-11,210.0,15020.34,1502.03,1652.24,18174.61,7633.34,25807.95
PAY-2026-1238,CAND-1035,MISS-10288,2025-04-22,35.0,2026.53,202.65,222.92,2452.1,1029.88,3481.98
PAY-2026-1239,CAND-1458,MISS-11015,2024-05-07,630.0,46269.02,4626.9,5089.59,55985.52,23513.92,79499.44
PAY-2026-1240,CAND-1064,MISS-10257,2025-02-02,210.0,8920.09,892.01,981.21,10793.31,4533.19,15326.51
PAY-2026-1241,CAND-1112,MISS-12968,2024-08-02,17.5,777.27,77.73,85.5,940.5,395.01,1335.51
PAY-2026-1242,CAND-1156,MISS-12617,2024-08-25,70.0,3821.78,382.18,420.4,4624.35,1942.23,6566.57
PAY-2026-1243,CAND-1409,MISS-12972,2024-07-04,70.0,4620.3,462.03,508.23,5590.57,2348.04,7938.61
PAY-2026-1244,CAND-1329,MISS-11932,2025-05-20,630.0,37067.24,3706.72,4077.4,44851.36,18837.57,63688.93
PAY-2026-1245,CAND-1065,MISS-12856,2025-07-22,35.0,1364.02,136.4,150.04,1650.46,693.19,2343.66
PAY-2026-1246,CAND-1330,MISS-12576,2026-07-02,210.0,13475.44,1347.54,1482.3,16305.28,6848.22,23153.49
PAY-2026-1247,CAND-1189,MISS-10427,2025-08-14,630.0,44044.35,4404.44,4844.88,53293.66,22383.34,75677.0
PAY-2026-1248,CAND-1093,MISS-12022,2025-09-27,70.0,4413.5,441.35,485.49,5340.34,2242.94,7583.28
PAY-2026-1249,CAND-1117,MISS-13240,2024-11-03,630.0,35802.98,3580.3,3938.33,43321.61,18195.08,61516.69
PAY-2026-1250,CAND-1051,MISS-13221,2024-03-31,70.0,4820.7,482.07,530.28,5833.04,2449.88,8282.92
PAY-2026-1251,CAND-1335,MISS-11482,2025-08-09,17.5,588.29,58.83,64.71,711.83,298.97,1010.8
PAY-2026-1252,CAND-1178,MISS-13341,2024-09-21,17.5,1035.55,103.56,113.91,1253.02,526.27,1779.28
PAY-2026-1253,CAND-1085,MISS-10168,2026-03-19,315.0,16592.58,1659.26,1825.18,20077.03,8432.35,28509.38
PAY-2026-1254,CAND-1284,MISS-12110,2026-06-15,35.0,1529.97,153.0,168.3,1851.26,777.53,2628.79
PAY-2026-1255,CAND-1334,MISS-10594,2024-02-06,210.0,12750.26,1275.03,1402.53,15427.81,6479.68,21907.49
PAY-2026-1256,CAND-1094,MISS-10924,2024-03-24,210.0,9421.7,942.17,1036.39,11400.25,4788.11,16188.36
PAY-2026-1257,CAND-1148,MISS-12051,2025-08-22,70.0,3880.0,388.0,426.8,4694.79,1971.81,6666.61
PAY-2026-1258,CAND-1001,MISS-12115,2026-02-18,630.0,37335.53,3733.55,4106.91,45175.99,18973.92,64149.91
PAY-2026-1259,CAND-1376,MISS-13378,2024-08-22,35.0,1720.23,172.02,189.23,2081.48,874.22,2955.7
PAY-2026-1260,CAND-1322,MISS-11885,2025-10-03,17.5,819.62,81.96,90.16,991.74,416.53,1408.27
PAY-2026-1261,CAND-1201,MISS-11520,2025-08-06,630.0,43122.96,4312.3,4743.53,52178.78,21915.09,74093.87
PAY-2026-1262,CAND-1255,MISS-10572,2025-09-16,35.0,1886.5,188.65,207.52,2282.66,958.72,3241.38
PAY-2026-1263,CAND-1434,MISS-13467,2025-06-19,315.0,10877.85,1087.79,1196.56,13162.2,5528.12,18690.32
PAY-2026-1264,CAND-1431,MISS-12242,2026-04-14,210.0,10656.43,1065.64,1172.21,12894.28,5415.6,18309.88
PAY-2026-1265,CAND-1329,MISS-11536,2025-06-21,630.0,30143.67,3014.37,3315.8,36473.84,15319.01,51792.85
PAY-2026-1266,CAND-1125,MISS-13153,2024-11-24,35.0,1547.4,154.74,170.21,1872.35,786.39,2658.73
PAY-2026-1267,CAND-1384,MISS-11338,2024-10-09,210.0,15437.74,1543.77,1698.15,18679.66,7845.46,26525.12
PAY-2026-1268,CAND-1379,MISS-11659,2024-07-20,70.0,3814.41,381.44,419.59,4615.44,1938.48,6553.92
PAY-2026-1269,CAND-1366,MISS-10547,2024-06-02,630.0,45436.44,4543.64,4998.01,54978.09,23090.8,78068.88
PAY-2026-1270,CAND-1208,MISS-11303,2025-02-06,35.0,2430.76,243.08,267.38,2941.21,1235.31,4176.52
PAY-2026-1271,CAND-1323,MISS-11002,2026-03-23,70.0,4301.69,430.17,473.19,5205.04,2186.12,7391.16
PAY-2026-1272,CAND-1075,MISS-11216,2024-06-17,70.0,3492.33,349.23,384.16,4225.72,1774.8,6000.52
PAY-2026-1273,CAND-1297,MISS-10126,2025-08-13,70.0,4188.42,418.84,460.73,5067.99,2128.56,7196.54
PAY-2026-1274,CAND-1358,MISS-13285,2026-08-18,35.0,1344.19,134.42,147.86,1626.47,683.12,2309.59
PAY-2026-1275,CAND-1027,MISS-11140,2024-04-23,630.0,44693.0,4469.3,4916.23,54078.53,22712.98,76791.51
PAY-2026-1276,CAND-1214,MISS-12678,2024-12-19,210.0,7386.24,738.62,812.49,8937.34,3753.68,12691.03
PAY-2026-1277,CAND-1202,MISS-11118,2025-09-19,35.0,1715.68,171.57,188.72,2075.97,871.91,2947.87
PAY-2026-1278,CAND-1174,MISS-13308,2026-06-30,210.0,15734.52,1573.45,1730.8,19038.76,7996.28,27035.04
PAY-2026-1279,CAND-1388,MISS-12424,2026-01-20,210.0,10561.73,1056.17,1161.79,12779.69,5367.47,18147.16
PAY-2026-1280,CAND-1385,MISS-11852,2024-07-31,315.0,17246.21,1724.62,1897.08,20867.91,8764.52,29632.44
PAY-2026-1281,CAND-1406,MISS-10313,2025-10-22,315.0,23388.9,2338.89,2572.78,28300.58,11886.24,40186.82
PAY-2026-1282,CAND-1392,MISS-10305,2026-03-18,35.0,1073.5,107.35,118.08,1298.94,545.55,1844.49
PAY-2026-1283,CAND-1336,MISS-10632,2025-02-21,35.0,1297.57,129.76,142.73,1570.06,659.43,2229.48
PAY-2026-1284,CAND-1054,MISS-12394,2024-10-14,70.0,3121.84,312.18,343.4,3777.42,1586.52,5363.94
PAY-2026-1285,CAND-1049,MISS-13005,2025-08-17,17.5,954.08,95.41,104.95,1154.44,484.87,1639.31
PAY-2026-1286,CAND-1452,MISS-10059,2025-06-08,630.0,32974.66,3297.47,3627.21,39899.34,16757.72,56657.07
PAY-2026-1287,CAND-1316,MISS-12967,2026-07-03,315.0,14806.66,1480.67,1628.73,17916.06,7524.74,25440.8
PAY-2026-1288,CAND-1111,MISS-10113,2025-01-29,35.0,2214.15,221.42,243.56,2679.12,1125.23,3804.35
PAY-2026-1289,CAND-1060,MISS-13441,2024-03-19,17.5,532.22,53.22,58.54,643.99,270.47,914.46
PAY-2026-1290,CAND-1358,MISS-12622,2026-01-05,35.0,1302.69,130.27,143.3,1576.25,662.03,2238.28
PAY-2026-1291,CAND-1354,MISS-11041,2026-04-15,210.0,14736.9,1473.69,1621.06,17831.65,7489.29,25320.94
PAY-2026-1292,CAND-1140,MISS-11791,2026-04-05,35.0,1475.18,147.52,162.27,1784.97,749.69,2534.65
PAY-2026-1293,CAND-1470,MISS-12294,2025-04-01,70.0,2395.84,239.58,263.54,2898.97,1217.57,4116.54
PAY-2026-1294,CAND-1200,MISS-13385,2024-08-15,210.0,13216.78,1321.68,1453.85,15992.3,6716.77,22709.07
PAY-2026-1295,CAND-1186,MISS-13097,2024-08-20,17.5,877.13,87.71,96.48,1061.33,445.76,1507.08
PAY-2026-1296,CAND-1247,MISS-10415,2025-06-20,70.0,4111.55,411.16,452.27,4974.98,2089.49,7064.47
PAY-2026-1297,CAND-1013,MISS-12236,2024-02-03,315.0,11297.74,1129.77,1242.75,13670.27,5741.51,19411.79
PAY-2026-1298,CAND-1394,MISS-10802,2026-02-11,70.0,5172.59,517.26,568.98,6258.83,2628.71,8887.54
PAY-2026-1299,CAND-1352,MISS-10898,2025-08-16,17.5,1076.72,107.67,118.44,1302.84,547.19,1850.03
PAY-2026-1300,CAND-1459,MISS-11402,2026-03-03,210.0,12733.3,1273.33,1400.66,15407.29,6471.06,21878.35
PAY-2026-1301,CAND-1027,MISS-12860,2024-02-04,35.0,2029.6,202.96,223.26,2455.81,1031.44,3487.25
PAY-2026-1302,CAND-1245,MISS-10996,2024-06-27,210.0,10077.24,1007.72,1108.5,12193.46,5121.25,17314.71
PAY-2026-1303,CAND-1043,MISS-10779,2025-03-21,35.0,1247.56,124.76,137.23,1509.54,634.01,2143.55
PAY-2026-1304,CAND-1459,MISS-11402,2026-03-03,210.0,12733.3,1273.33,1400.66,15407.29,6471.06,21878.35
PAY-2026-1305,CAND-1212,MISS-13424,2024-09-19,315.0,12171.52,1217.15,1338.87,14727.55,6185.57,20913.11
PAY-2026-1306,CAND-1468,MISS-11534,2025-07-08,35.0,2519.36,251.94,277.13,3048.43,1280.34,4328.76
PAY-2026-1307,CAND-1424,MISS-10899,2025-05-05,70.0,4104.17,410.42,451.46,4966.05,2085.74,7051.78
PAY-2026-1308,CAND-1489,MISS-12120,2025-09-01,210.0,13447.82,1344.78,1479.26,16271.86,6834.18,23106.04
PAY-2026-1309,CAND-1038,MISS-12396,2025-10-04,70.0,4579.58,457.96,503.75,5541.29,2327.34,7868.63
PAY-2026-1310,CAND-1277,MISS-11360,2025-09-28,35.0,1429.34,142.93,157.23,1729.51,726.39,2455.9
PAY-2026-1311,CAND-1185,MISS-10544,2026-08-27,35.0,1362.21,136.22,149.84,1648.27,692.28,2340.55
PAY-2026-1312,CAND-1209,MISS-11196,2024-11-28,315.0,11732.42,1173.24,1290.57,14196.22,5962.41,20158.64
PAY-2026-1313,CAND-1342,MISS-13152,2024-04-23,70.0,3236.36,323.64,356.0,3916.0,1644.72,5560.71
PAY-2026-1314,CAND-1265,MISS-13402,2026-08-15,70.0,3445.1,344.51,378.96,4168.58,1750.8,5919.38
PAY-2026-1315,CAND-1306,MISS-13311,2026-05-04,315.0,15660.0,1566.0,1722.6,18948.61,7958.41,26907.02
PAY-2026-1316,CAND-1280,MISS-10207,2026-04-20,315.0,17863.3,1786.33,1964.96,21614.59,9078.13,30692.72
PAY-2026-1317,CAND-1369,MISS-12458,2026-07-26,630.0,41784.36,4178.44,4596.28,50559.07,21234.81,71793.88
PAY-2026-1318,CAND-1441,MISS-13230,2025-01-14,35.0,1711.88,171.19,188.31,2071.37,869.98,2941.35
PAY-2026-1319,CAND-1091,MISS-10203,2026-08-04,70.0,3461.36,346.14,380.75,4188.24,1759.06,5947.3
PAY-2026-1320,CAND-1436,MISS-10321,2025-09-17,70.0,3779.25,377.92,415.72,4572.89,1920.61,6493.51
PAY-2026-1321,CAND-1487,MISS-10055,2024-12-17,70.0,2574.8,257.48,283.23,3115.51,1308.52,4424.03
PAY-2026-1322,CAND-1379,MISS-13344,2025-12-03,70.0,3543.92,354.39,389.83,4288.14,1801.02,6089.16
PAY-2026-1323,CAND-1123,MISS-11849,2024-08-06,630.0,28220.32,2822.03,3104.24,34146.59,14341.57,48488.15
PAY-2026-1324,CAND-1013,MISS-12236,2024-02-03,315.0,11297.74,1129.77,1242.75,13670.27,5741.51,19411.79
PAY-2026-1325,CAND-1104,MISS-12714,2024-10-08,315.0,14613.4,1461.34,1607.47,17682.22,7426.53,25108.75
PAY-2026-1326,CAND-1121,MISS-11770,2026-07-01,630.0,29484.41,2948.44,3243.29,35676.14,14983.98,50660.11
PAY-2026-1327,CAND-1234,MISS-12518,2025-04-07,35.0,2452.05,245.21,269.73,2966.98,1246.13,4213.11
PAY-2026-1328,CAND-1098,MISS-12547,2025-10-28,315.0,9526.04,952.6,1047.86,11526.51,4841.13,16367.64
PAY-2026-1329,CAND-1308,MISS-10748,2024-07-10,35.0,1147.77,114.78,126.25,1388.8,583.3,1972.1
PAY-2026-1330,CAND-1189,MISS-12257,2026-08-23,210.0,15318.3,1531.83,1685.01,18535.14,7784.76,26319.9
PAY-2026-1331,CAND-1335,MISS-10196,2025-08-17,70.0,3125.09,312.51,343.76,3781.36,1588.17,5369.53
PAY-2026-1332,CAND-1199,MISS-10094,2025-01-20,17.5,1251.04,125.1,137.61,1513.76,635.78,2149.55
PAY-2026-1333,CAND-1125,MISS-13153,2024-11-24,35.0,1547.4,154.74,170.21,1872.35,786.39,2658.73
PAY-2026-1334,CAND-1299,MISS-12803,2024-10-12,210.0,14583.73,1458.37,1604.21,17646.31,7411.45,25057.76
PAY-2026-1335,CAND-1348,MISS-10472,2025-12-10,210.0,13674.54,1367.45,1504.2,16546.19,6949.4,23495.59
PAY-2026-1336,CAND-1284,MISS-12379,2026-08-10,210.0,10417.22,1041.72,1145.89,12604.84,5294.03,17898.87
PAY-2026-1337,CAND-1277,MISS-11794,2025-01-24,210.0,14555.65,1455.56,1601.12,17612.34,7397.18,25009.52
PAY-2026-1338,CAND-1204,MISS-11160,2025-12-10,210.0,10563.98,1056.4,1162.04,12782.42,5368.62,18151.04
PAY-2026-1339,CAND-1105,MISS-11273,2025-05-24,17.5,1004.4,100.44,110.48,1215.32,510.44,1725.76
PAY-2026-1340,CAND-1118,MISS-13261,2024-06-24,315.0,20202.65,2020.27,2222.29,24445.21,10266.99,34712.19
PAY-2026-1341,CAND-1320,MISS-11243,2026-08-22,70.0,2780.48,278.05,305.85,3364.37,1413.04,4777.41
PAY-2026-1342,CAND-1102,MISS-11761,2024-12-04,210.0,8425.46,842.55,926.8,10194.81,4281.82,14476.63
PAY-2026-1343,CAND-1304,MISS-12245,2025-11-10,35.0,2185.66,218.57,240.42,2644.65,1110.75,3755.4
PAY-2026-1344,CAND-1266,MISS-11582,2024-02-05,210.0,6680.39,668.04,734.84,8083.27,3394.97,11478.25
PAY-2026-1345,CAND-1258,MISS-12205,2024-06-29,70.0,4607.51,460.75,506.83,5575.09,2341.54,7916.62
PAY-2026-1346,CAND-1455,MISS-12281,2026-07-31,70.0,4718.3,471.83,519.01,5709.14,2397.84,8106.98
PAY-2026-1347,CAND-1216,MISS-10535,2024-09-10,70.0,2961.32,296.13,325.75,3583.2,1504.94,5088.14
PAY-2026-1348,CAND-1164,MISS-13280,2025-08-04,70.0,4333.75,433.38,476.71,5243.84,2202.41,7446.25
PAY-2026-1349,CAND-1343,MISS-10704,2024-10-30,35.0,1722.56,172.26,189.48,2084.3,875.4,2959.7
PAY-2026-1350,CAND-1299,MISS-10115,2025-07-18,210.0,12860.18,1286.02,1414.62,15560.81,6535.54,22096.35
PAY-2026-1351,CAND-1327,MISS-11111,2025-10-26,210.0,11485.1,1148.51,1263.36,13896.97,5836.73,19733.7
PAY-2026-1352,CAND-1031,MISS-10739,2025-04-15,70.0,4211.29,421.13,463.24,5095.66,2140.18,7235.84
PAY-2026-1353,CAND-1231,MISS-10092,2026-08-15,17.5,644.92,64.49,70.94,780.35,327.75,1108.09
PAY-2026-1354,CAND-1346,MISS-13120,2024-05-29,70.0,2344.35,234.44,257.88,2836.66,1191.4,4028.06
PAY-2026-1355,CAND-1205,MISS-12150,2024-05-15,630.0,22093.78,2209.38,2430.32,26733.47,11228.06,37961.53
PAY-2026-1356,CAND-1395,MISS-13234,2026-03-21,70.0,3450.51,345.05,379.56,4175.12,1753.55,5928.67
PAY-2026-1357,CAND-1055,MISS-10625,2024-09-10,210.0,15736.15,1573.62,1730.98,19040.74,7997.11,27037.85
PAY-2026-1358,CAND-1434,MISS-13467,2025-06-19,315.0,10877.85,1087.79,1196.56,13162.2,5528.12,18690.32
PAY-2026-1359,CAND-1248,MISS-11938,2024-04-12,315.0,20932.1,2093.21,2302.53,25327.84,10637.69,35965.53
PAY-2026-1360,CAND-1487,MISS-10710,2025-10-15,70.0,3292.08,329.21,362.13,3983.42,1673.04,5656.45
PAY-2026-1361,CAND-1204,MISS-12248,2024-08-09,35.0,1246.12,124.61,137.07,1507.81,633.28,2141.08
PAY-2026-1362,CAND-1487,MISS-10821,2024-11-18,17.5,802.14,80.21,88.23,970.58,407.65,1378.23
PAY-2026-1363,CAND-1127,MISS-10339,2024-03-31,35.0,1819.62,181.96,200.16,2201.75,924.73,3126.48
PAY-2026-1364,CAND-1398,MISS-12452,2025-04-29,35.0,1451.66,145.17,159.68,1756.51,737.73,2494.24
PAY-2026-1365,CAND-1411,MISS-10502,2024-05-19,630.0,35234.3,3523.43,3875.77,42633.5,17906.07,60539.57
PAY-2026-1366,CAND-1031,MISS-12758,2025-09-21,17.5,733.48,73.35,80.68,887.51,372.75,1260.27
PAY-2026-1367,CAND-1497,MISS-10441,2024-02-22,315.0,17380.17,1738.02,1911.82,21030.01,8832.6,29862.61
PAY-2026-1368,CAND-1353,MISS-11306,2026-04-12,35.0,1601.07,160.11,176.12,1937.29,813.66,2750.96
PAY-2026-1369,CAND-1113,MISS-10759,2025-11-05,35.0,1823.38,182.34,200.57,2206.29,926.64,3132.93
PAY-2026-1370,CAND-1384,MISS-11338,2024-10-09,210.0,15437.74,1543.77,1698.15,18679.66,7845.46,26525.12
PAY-2026-1371,CAND-1419,MISS-10409,2026-07-08,70.0,2296.2,229.62,252.58,2778.4,1166.93,3945.33
PAY-2026-1372,CAND-1096,MISS-11406,2024-09-11,210.0,11534.2,1153.42,1268.76,13956.38,5861.68,19818.06
PAY-2026-1373,CAND-1397,MISS-10867,2024-06-22,70.0,3853.24,385.32,423.86,4662.41,1958.21,6620.63
PAY-2026-1374,CAND-1216,MISS-10690,2025-03-18,70.0,2395.72,239.57,263.53,2898.82,1217.5,4116.32
PAY-2026-1375,CAND-1096,MISS-11406,2024-09-11,210.0,11534.2,1153.42,1268.76,13956.38,5861.68,19818.06
PAY-2026-1376,CAND-1472,MISS-11513,2026-08-12,210.0,12647.52,1264.75,1391.23,15303.49,6427.47,21730.96
PAY-2026-1377,CAND-1467,MISS-12503,2026-03-17,70.0,3192.39,319.24,351.16,3862.79,1622.37,5485.16
PAY-2026-1378,CAND-1002,MISS-10590,2025-05-12,35.0,1898.03,189.8,208.78,2296.62,964.58,3261.2
PAY-2026-1379,CAND-1460,MISS-10266,2024-06-24,35.0,2536.12,253.61,278.97,3068.71,1288.86,4357.57
PAY-2026-1380,CAND-1104,MISS-12601,2025-06-04,70.0,2861.91,286.19,314.81,3462.91,1454.42,4917.33
PAY-2026-1381,CAND-1219,MISS-10124,2026-05-05,70.0,5130.24,513.02,564.33,6207.6,2607.19,8814.79
PAY-2026-1382,CAND-1390,MISS-10243,2025-04-18,210.0,14279.84,1427.98,1570.78,17278.6,7257.01,24535.61
PAY-2026-1383,CAND-1051,MISS-11286,2024-08-18,35.0,2585.49,258.55,284.4,3128.44,1313.95,4442.39
PAY-2026-1384,CAND-1087,MISS-13138,2025-09-24,70.0,2726.0,272.6,299.86,3298.45,1385.35,4683.8
PAY-2026-1385,CAND-1344,MISS-11386,2024-04-26,630.0,22782.6,2278.26,2506.09,27566.94,11578.11,39145.05
PAY-2026-1386,CAND-1182,MISS-11627,2025-02-25,17.5,815.17,81.52,89.67,986.36,414.27,1400.63
PAY-2026-1387,CAND-1056,MISS-10812,2025-08-13,70.0,5042.98,504.3,554.73,6102.0,2562.84,8664.84
PAY-2026-1388,CAND-1340,MISS-10671,2026-01-30,210.0,12617.41,1261.74,1387.92,15267.07,6412.17,21679.23
PAY-2026-1389,CAND-1098,MISS-12547,2025-10-28,315.0,9526.04,952.6,1047.86,11526.51,4841.13,16367.64
PAY-2026-1390,CAND-1150,MISS-12699,2025-03-17,210.0,6305.05,630.51,693.56,7629.11,3204.23,10833.34
PAY-2026-1391,CAND-1188,MISS-10156,2024-07-08,210.0,14201.98,1420.2,1562.22,17184.4,7217.45,24401.85
PAY-2026-1392,CAND-1411,MISS-11586,2024-04-24,35.0,1959.05,195.9,215.5,2370.45,995.59,3366.04
PAY-2026-1393,CAND-1001,MISS-11571,2025-01-11,210.0,7980.08,798.01,877.81,9655.9,4055.48,13711.38
PAY-2026-1394,CAND-1444,MISS-11879,2024-09-22,630.0,41508.89,4150.89,4565.98,50225.76,21094.82,71320.58
PAY-2026-1395,CAND-1361,MISS-12933,2026-02-14,70.0,3303.88,330.39,363.43,3997.69,1679.03,5676.73
PAY-2026-1396,CAND-1292,MISS-10829,2026-07-23,210.0,8788.07,878.81,966.69,10633.56,4466.1,15099.66
PAY-2026-1397,CAND-1094,MISS-11999,2024-10-21,210.0,12502.91,1250.29,1375.32,15128.52,6353.98,21482.5
PAY-2026-1398,CAND-1481,MISS-12619,2024-12-02,315.0,11360.38,1136.04,1249.64,13746.05,5773.34,19519.4
PAY-2026-1399,CAND-1390,MISS-13039,2025-07-10,70.0,5157.78,515.78,567.36,6240.92,2621.19,8862.11
PAY-2026-1400,CAND-1327,MISS-11005,2024-07-21,70.0,3176.36,317.64,349.4,3843.4,1614.23,5457.63
PAY-2026-1401,CAND-1214,MISS-13023,2026-09-02,315.0,16561.31,1656.13,1821.74,20039.19,8416.46,28455.64
PAY-2026-1402,CAND-1469,MISS-12034,2026-02-08,630.0,38907.44,3890.74,4279.82,47078.0,19772.76,66850.75
PAY-2026-1403,CAND-1444,MISS-11176,2025-08-19,17.5,536.82,53.68,59.05,649.55,272.81,922.36
PAY-2026-1404,CAND-1165,MISS-12399,2025-07-22,630.0,40191.01,4019.1,4421.01,48631.12,20425.07,69056.19
PAY-2026-1405,CAND-1183,MISS-10947,2024-07-05,17.5,902.48,90.25,99.27,1092.01,458.64,1550.65
PAY-2026-1406,CAND-1054,MISS-12375,2024-12-15,70.0,4333.5,433.35,476.69,5243.54,2202.29,7445.83
PAY-2026-1407,CAND-1221,MISS-10560,2025-03-12,70.0,2301.43,230.14,253.16,2784.73,1169.59,3954.32
PAY-2026-1408,CAND-1489,MISS-12026,2024-06-09,70.0,2216.22,221.62,243.78,2681.62,1126.28,3807.9
PAY-2026-1409,CAND-1101,MISS-10805,2026-02-06,70.0,4948.45,494.84,544.33,5987.62,2514.8,8502.43
PAY-2026-1410,CAND-1466,MISS-12133,2026-01-23,17.5,881.5,88.15,96.96,1066.61,447.98,1514.58
PAY-2026-1411,CAND-1316,MISS-10519,2024-04-10,35.0,1262.06,126.21,138.83,1527.09,641.38,2168.47
PAY-2026-1412,CAND-1197,MISS-11392,2024-04-17,70.0,4730.09,473.01,520.31,5723.41,2403.83,8127.24
PAY-2026-1413,CAND-1189,MISS-13130,2024-06-17,70.0,4566.1,456.61,502.27,5524.97,2320.49,7845.46
PAY-2026-1414,CAND-1184,MISS-11779,2025-12-17,70.0,3419.64,341.96,376.16,4137.76,1737.86,5875.63
PAY-2026-1415,CAND-1035,MISS-13061,2024-02-22,35.0,2151.98,215.2,236.72,2603.9,1093.64,3697.54
PAY-2026-1416,CAND-1094,MISS-13149,2026-03-12,210.0,6346.13,634.61,698.07,7678.82,3225.1,10903.92
PAY-2026-1417,CAND-1477,MISS-13410,2025-06-19,70.0,5165.5,516.55,568.2,6250.25,2625.1,8875.35
PAY-2026-1418,CAND-1022,MISS-11623,2024-02-04,17.5,961.36,96.14,105.75,1163.25,488.56,1651.81
PAY-2026-1419,CAND-1355,MISS-10451,2026-06-28,17.5,1038.86,103.89,114.28,1257.03,527.95,1784.98
PAY-2026-1420,CAND-1485,MISS-13398,2026-04-22,70.0,2574.18,257.42,283.16,3114.76,1308.2,4422.96
PAY-2026-1421,CAND-1189,MISS-13130,2024-06-17,70.0,4566.1,456.61,502.27,5524.97,2320.49,7845.46
PAY-2026-1422,CAND-1295,MISS-13351,2025-07-14,70.0,2254.4,225.44,247.98,2727.82,1145.69,3873.51
PAY-2026-1423,CAND-1309,MISS-12013,2025-03-20,630.0,23811.32,2381.13,2619.25,28811.7,12100.91,40912.61
PAY-2026-1424,CAND-1187,MISS-11731,2026-08-02,210.0,10108.96,1010.9,1111.99,12231.84,5137.37,17369.22
PAY-2026-1425,CAND-1232,MISS-11562,2025-08-20,17.5,856.14,85.61,94.17,1035.92,435.09,1471.01
PAY-2026-1426,CAND-1488,MISS-12176,2026-05-16,210.0,14772.8,1477.28,1625.01,17875.08,7507.53,25382.62
PAY-2026-1427,CAND-1319,MISS-10706,2025-12-09,70.0,3372.95,337.3,371.02,4081.27,1714.13,5795.4
PAY-2026-1428,CAND-1417,MISS-13238,2025-10-02,17.5,1286.27,128.63,141.49,1556.39,653.68,2210.07
PAY-2026-1429,CAND-1282,MISS-10986,2025-04-18,70.0,2704.06,270.41,297.45,3271.91,1374.2,4646.11
PAY-2026-1430,CAND-1169,MISS-10571,2025-10-25,35.0,2030.12,203.01,223.31,2456.45,1031.71,3488.15
PAY-2026-1431,CAND-1230,MISS-10130,2025-07-08,70.0,2341.5,234.15,257.56,2833.22,1189.95,4023.17
PAY-2026-1432,CAND-1336,MISS-12292,2024-03-01,70.0,4328.42,432.84,476.13,5237.39,2199.7,7437.09
PAY-2026-1433,CAND-1062,MISS-12966,2025-03-02,630.0,26214.92,2621.49,2883.64,31720.05,13322.42,45042.47
PAY-2026-1434,CAND-1425,MISS-12246,2025-06-06,35.0,1772.06,177.21,194.93,2144.19,900.56,3044.75
PAY-2026-1435,CAND-1222,MISS-12589,2024-09-22,315.0,18067.78,1806.78,1987.46,21862.01,9182.05,31044.06
PAY-2026-1436,CAND-1449,MISS-12361,2025-12-27,315.0,11931.91,1193.19,1312.51,14437.61,6063.8,20501.41
PAY-2026-1437,CAND-1004,MISS-11246,2025-02-01,210.0,11380.2,1138.02,1251.82,13770.05,5783.42,19553.47
PAY-2026-1438,CAND-1048,MISS-10868,2026-01-16,210.0,11843.12,1184.31,1302.74,14330.18,6018.68,20348.86
PAY-2026-1439,CAND-1212,MISS-10245,2026-04-12,70.0,3953.28,395.33,434.86,4783.47,2009.06,6792.53
PAY-2026-1440,CAND-1424,MISS-10899,2025-05-05,70.0,4104.17,410.42,451.46,4966.05,2085.74,7051.78
PAY-2026-1441,CAND-1282,MISS-11566,2024-08-29,315.0,21609.62,2160.96,2377.06,26147.65,10982.01,37129.66
PAY-2026-1442,CAND-1077,MISS-12740,2025-12-04,630.0,26861.78,2686.18,2954.8,32502.75,13651.15,46153.9
PAY-2026-1443,CAND-1007,MISS-11642,2024-04-10,35.0,1118.14,111.81,122.99,1352.94,568.24,1921.18
PAY-2026-1444,CAND-1107,MISS-10684,2025-03-07,35.0,1824.48,182.45,200.69,2207.63,927.2,3134.83
PAY-2026-1445,CAND-1436,MISS-10670,2025-01-20,70.0,4599.0,459.9,505.89,5564.79,2337.21,7902.0
PAY-2026-1446,CAND-1331,MISS-13034,2025-08-14,35.0,1425.56,142.56,156.81,1724.93,724.47,2449.41
PAY-2026-1447,CAND-1298,MISS-10393,2026-02-24,70.0,3268.16,326.82,359.5,3954.47,1660.88,5615.34
PAY-2026-1448,CAND-1291,MISS-12117,2025-02-05,210.0,8943.74,894.37,983.81,10821.92,4545.21,15367.13
PAY-2026-1449,CAND-1162,MISS-13403,2025-02-03,630.0,29261.52,2926.15,3218.77,35406.45,14870.71,50277.15
PAY-2026-1450,CAND-1178,MISS-13341,2024-09-21,17.5,1035.55,103.56,113.91,1253.02,526.27,1779.28
PAY-2026-1451,CAND-1080,MISS-10579,2024-12-05,210.0,9548.9,954.89,1050.38,11554.16,4852.75,16406.91
PAY-2026-1452,CAND-1339,MISS-12798,2026-05-22,17.5,946.58,94.66,104.12,1145.36,481.05,1626.41
PAY-2026-1453,CAND-1163,MISS-10389,2024-04-14,35.0,1113.74,111.37,122.51,1347.63,566.0,1913.63
PAY-2026-1454,CAND-1065,MISS-10586,2024-02-16,70.0,5156.55,515.66,567.22,6239.43,2620.56,8859.98
PAY-2026-1455,CAND-1329,MISS-10645,2025-11-10,210.0,14974.47,1497.45,1647.19,18119.11,7610.03,25729.13
PAY-2026-1456,CAND-1178,MISS-11614,2024-03-09,210.0,7068.77,706.88,777.56,8553.21,3592.35,12145.56
PAY-2026-1457,CAND-1382,MISS-10267,2024-11-18,630.0,19942.83,1994.28,2193.71,24130.82,10134.95,34265.77
PAY-2026-1458,CAND-1168,MISS-10100,2025-01-09,35.0,1912.88,191.29,210.42,2314.59,972.13,3286.72
PAY-2026-1459,CAND-1496,MISS-12529,2024-03-13,70.0,2191.88,219.19,241.11,2652.17,1113.91,3766.08
PAY-2026-1460,CAND-1366,MISS-13004,2025-05-16,35.0,2391.18,239.12,263.03,2893.32,1215.2,4108.52
PAY-2026-1461,CAND-1115,MISS-12534,2024-11-06,210.0,10123.72,1012.37,1113.61,12249.7,5144.87,17394.58
PAY-2026-1462,CAND-1033,MISS-11188,2024-09-01,210.0,10775.16,1077.52,1185.27,13037.94,5475.94,18513.88
PAY-2026-1463,CAND-1156,MISS-10959,2024-06-05,315.0,13178.62,1317.86,1449.65,15946.14,6697.38,22643.51
PAY-2026-1464,CAND-1102,MISS-12863,2025-12-11,315.0,21769.61,2176.96,2394.66,26341.23,11063.32,37404.54
PAY-2026-1465,CAND-1474,MISS-10403,2026-05-06,70.0,2290.41,229.04,251.94,2771.39,1163.98,3935.37
PAY-2026-1466,CAND-1488,MISS-12948,2025-09-16,210.0,6531.76,653.18,718.49,7903.44,3319.44,11222.88
PAY-2026-1467,CAND-1243,MISS-10813,2025-12-21,35.0,2272.96,227.3,250.03,2750.29,1155.12,3905.41
PAY-2026-1468,CAND-1194,MISS-12741,2024-06-25,17.5,951.04,95.1,104.61,1150.76,483.32,1634.09
PAY-2026-1469,CAND-1171,MISS-12010,2025-12-22,17.5,746.66,74.67,82.13,903.46,379.46,1282.92
PAY-2026-1470,CAND-1094,MISS-10849,2025-01-21,315.0,23051.22,2305.12,2535.63,27891.98,11714.63,39606.61
PAY-2026-1471,CAND-1375,MISS-10512,2024-04-10,210.0,8616.05,861.6,947.77,10425.42,4378.68,14804.1
PAY-2026-1472,CAND-1410,MISS-12858,2025-02-18,315.0,11892.15,1189.21,1308.14,14389.5,6043.59,20433.09
PAY-2026-1473,CAND-1084,MISS-12767,2026-01-09,210.0,7505.98,750.6,825.66,9082.24,3814.54,12896.78
PAY-2026-1474,CAND-1165,MISS-12497,2024-10-04,70.0,4707.96,470.8,517.88,5696.63,2392.59,8089.22
PAY-2026-1475,CAND-1298,MISS-11077,2026-08-08,35.0,1965.32,196.53,216.19,2378.04,998.78,3376.81
PAY-2026-1476,CAND-1392,MISS-12920,2024-02-25,630.0,40725.66,4072.57,4479.82,49278.05,20696.78,69974.84
PAY-2026-1477,CAND-1081,MISS-10776,2025-11-07,70.0,2733.9,273.39,300.73,3308.01,1389.37,4697.38
PAY-2026-1478,CAND-1021,MISS-13482,2025-11-01,35.0,1366.5,136.65,150.32,1653.47,694.46,2347.93
PAY-2026-1479,CAND-1196,MISS-10314,2026-06-04,70.0,4506.27,450.63,495.69,5452.58,2290.08,7742.66
PAY-2026-1480,CAND-1471,MISS-11726,2024-12-26,70.0,2198.63,219.86,241.85,2660.34,1117.34,3777.69
PAY-2026-1481,CAND-1129,MISS-11245,2025-01-07,630.0,32377.14,3237.71,3561.49,39176.34,16454.06,55630.4
PAY-2026-1482,CAND-1097,MISS-11702,2024-09-19,70.0,2847.02,284.7,313.17,3444.9,1446.86,4891.76
PAY-2026-1483,CAND-1468,MISS-11838,2024-11-30,17.5,671.81,67.18,73.9,812.89,341.41,1154.3
PAY-2026-1484,CAND-1207,MISS-12564,2026-04-23,315.0,20182.11,2018.21,2220.03,24420.35,10256.55,34676.9
PAY-2026-1485,CAND-1394,MISS-12913,2024-05-27,35.0,2250.41,225.04,247.55,2723.0,1143.66,3866.65
PAY-2026-1486,CAND-1232,MISS-11819,2026-02-22,70.0,3117.82,311.78,342.96,3772.57,1584.48,5357.05
PAY-2026-1487,CAND-1084,MISS-10889,2024-03-18,315.0,23485.66,2348.57,2583.42,28417.64,11935.41,40353.05
PAY-2026-1488,CAND-1108,MISS-13330,2024-10-27,17.5,1189.48,118.95,130.84,1439.27,604.49,2043.76
PAY-2026-1489,CAND-1062,MISS-13488,2026-01-24,630.0,20433.36,2043.34,2247.67,24724.37,10384.23,35108.6
PAY-2026-1490,CAND-1229,MISS-11355,2025-10-09,630.0,36377.8,3637.78,4001.56,44017.14,18487.2,62504.34
PAY-2026-1491,CAND-1177,MISS-11502,2024-06-03,315.0,22455.62,2245.56,2470.12,27171.3,11411.95,38583.25
PAY-2026-1492,CAND-1398,MISS-10276,2025-02-08,70.0,3981.8,398.18,438.0,4817.97,2023.55,6841.52
PAY-2026-1493,CAND-1373,MISS-12178,2024-04-07,17.5,801.58,80.16,88.17,969.91,407.36,1377.27
PAY-2026-1494,CAND-1019,MISS-10949,2025-04-30,630.0,30295.18,3029.52,3332.47,36657.16,15396.01,52053.17
PAY-2026-1495,CAND-1190,MISS-11800,2026-08-14,35.0,2180.74,218.07,239.88,2638.7,1108.25,3746.95
PAY-2026-1496,CAND-1281,MISS-10157,2025-04-17,70.0,3699.64,369.96,406.96,4476.56,1880.16,6356.72
PAY-2026-1497,CAND-1107,MISS-10177,2024-08-01,17.5,1033.08,103.31,113.64,1250.03,525.01,1775.05
PAY-2026-1498,CAND-1091,MISS-10808,2026-03-21,35.0,1275.72,127.57,140.33,1543.63,648.32,2191.95
PAY-2026-1499,CAND-1317,MISS-11464,2025-03-07,17.5,587.0,58.7,64.57,710.26,298.31,1008.57
PAY-2026-1500,CAND-1488,MISS-10296,2026-08-17,70.0,3185.95,318.6,350.45,3855.0,1619.1,5474.1
PAY-2026-1501,CAND-1340,MISS-11689,2024-10-26,210.0,14917.6,1491.76,1640.94,18050.3,7581.13,25631.43
PAY-2026-1502,CAND-1279,MISS-12757,2025-10-22,630.0,21741.82,2174.18,2391.6,26307.6,11049.19,37356.8
PAY-2026-1503,CAND-1461,MISS-12742,2026-01-04,210.0,15051.3,1505.13,1655.64,18212.07,7649.07,25861.14
PAY-2026-1504,CAND-1050,MISS-13499,2024-09-19,70.0,3964.64,396.46,436.11,4797.21,2014.83,6812.04
PAY-2026-1505,CAND-1253,MISS-11416,2024-08-02,35.0,1470.2,147.02,161.72,1778.95,747.16,2526.11
PAY-2026-1506,CAND-1162,MISS-11239,2026-09-03,70.0,3490.4,349.04,383.94,4223.38,1773.82,5997.2
PAY-2026-1507,CAND-1144,MISS-10729,2025-07-12,35.0,1495.03,149.5,164.45,1808.99,759.77,2568.76
PAY-2026-1508,CAND-1413,MISS-11082,2024-05-27,70.0,3542.82,354.28,389.71,4286.81,1800.46,6087.26
PAY-2026-1509,CAND-1174,MISS-10941,2025-01-10,35.0,1683.37,168.34,185.17,2036.88,855.49,2892.37
PAY-2026-1510,CAND-1111,MISS-11821,2025-04-14,210.0,13281.1,1328.11,1460.92,16070.13,6749.46,22819.59
PAY-2026-1511,CAND-1038,MISS-10008,2026-03-14,35.0,2100.03,210.0,231.0,2541.04,1067.24,3608.27
PAY-2026-1512,CAND-1376,MISS-13484,2025-04-17,630.0,34873.56,3487.36,3836.09,42197.01,17722.75,59919.76
PAY-2026-1513,CAND-1110,MISS-13235,2026-05-23,210.0,7420.96,742.1,816.31,8979.36,3771.33,12750.68
PAY-2026-1514,CAND-1052,MISS-11121,2024-07-21,210.0,11345.86,1134.59,1248.05,13728.5,5765.97,19494.47
PAY-2026-1515,CAND-1018,MISS-10989,2025-03-09,315.0,13174.48,1317.45,1449.19,15941.12,6695.27,22636.39
PAY-2026-1516,CAND-1413,MISS-11363,2025-11-28,17.5,766.64,76.66,84.33,927.63,389.61,1317.24
PAY-2026-1517,CAND-1369,MISS-10523,2026-06-03,210.0,11956.37,1195.64,1315.2,14467.21,6076.23,20543.43
PAY-2026-1518,CAND-1128,MISS-11850,2026-07-03,210.0,11339.78,1133.98,1247.38,13721.14,5762.88,19484.02
PAY-2026-1519,CAND-1374,MISS-10436,2025-07-30,315.0,15567.32,1556.73,1712.41,18836.46,7911.31,26747.77
PAY-2026-1520,CAND-1001,MISS-12606,2026-01-29,630.0,22809.12,2280.91,2509.0,27599.04,11591.59,39190.63
PAY-2026-1521,CAND-1208,MISS-12433,2024-02-13,630.0,39488.74,3948.87,4343.76,47781.37,20068.18,67849.54
PAY-2026-1522,CAND-1410,MISS-13192,2024-05-07,35.0,2059.35,205.94,226.53,2491.81,1046.56,3538.38
PAY-2026-1523,CAND-1090,MISS-12985,2024-10-14,35.0,1564.48,156.45,172.09,1893.01,795.07,2688.08
PAY-2026-1524,CAND-1352,MISS-10477,2025-06-02,70.0,4067.69,406.77,447.45,4921.9,2067.2,6989.1
PAY-2026-1525,CAND-1389,MISS-10600,2025-03-17,70.0,3328.21,332.82,366.1,4027.13,1691.4,5718.53
PAY-2026-1526,CAND-1156,MISS-12691,2026-06-25,35.0,2305.05,230.51,253.56,2789.12,1171.43,3960.55
PAY-2026-1527,CAND-1072,MISS-12203,2026-04-18,70.0,2296.19,229.62,252.58,2778.39,1166.92,3945.31
PAY-2026-1528,CAND-1332,MISS-10552,2024-06-26,315.0,20605.4,2060.54,2266.59,24932.53,10471.66,35404.2
PAY-2026-1529,CAND-1214,MISS-11130,2024-12-08,35.0,1823.47,182.35,200.58,2206.4,926.69,3133.09
PAY-2026-1530,CAND-1223,MISS-12793,2025-03-24,35.0,1850.32,185.03,203.53,2238.88,940.33,3179.21
PAY-2026-1531,CAND-1088,MISS-10355,2024-08-11,210.0,12716.6,1271.66,1398.83,15387.09,6462.58,21849.66
PAY-2026-1532,CAND-1024,MISS-11051,2024-03-28,210.0,14366.14,1436.61,1580.27,17383.02,7300.87,24683.89
PAY-2026-1533,CAND-1370,MISS-11099,2025-09-06,210.0,14309.32,1430.93,1574.03,17314.28,7272.0,24586.28
PAY-2026-1534,CAND-1347,MISS-11949,2024-04-22,210.0,11662.7,1166.27,1282.9,14111.87,5926.99,20038.86
PAY-2026-1535,CAND-1181,MISS-11020,2024-05-29,35.0,1527.68,152.77,168.04,1848.49,776.36,2624.85
PAY-2026-1536,CAND-1350,MISS-10833,2024-07-03,17.5,591.11,59.11,65.02,715.24,300.4,1015.65
PAY-2026-1537,CAND-1015,MISS-12315,2025-08-26,630.0,34275.16,3427.52,3770.27,41472.94,17418.63,58891.57
PAY-2026-1538,CAND-1240,MISS-11920,2024-03-29,70.0,4604.76,460.48,506.52,5571.75,2340.14,7911.89
PAY-2026-1539,CAND-1030,MISS-11069,2025-11-16,210.0,11569.45,1156.95,1272.64,13999.03,5879.59,19878.63
PAY-2026-1540,CAND-1266,MISS-13135,2026-01-27,17.5,656.6,65.66,72.23,794.49,333.68,1128.17
PAY-2026-1541,CAND-1027,MISS-10521,2025-05-15,210.0,11507.88,1150.79,1265.87,13924.53,5848.3,19772.83
PAY-2026-1542,CAND-1350,MISS-12822,2024-11-19,17.5,1018.01,101.8,111.98,1231.79,517.35,1749.14
PAY-2026-1543,CAND-1006,MISS-12949,2026-03-07,17.5,808.36,80.84,88.92,978.12,410.81,1388.92
PAY-2026-1544,CAND-1445,MISS-11966,2024-04-08,17.5,1067.3,106.73,117.4,1291.43,542.4,1833.83
PAY-2026-1545,CAND-1336,MISS-12708,2025-02-09,35.0,2461.77,246.18,270.79,2978.74,1251.07,4229.81
PAY-2026-1546,CAND-1449,MISS-12830,2024-04-06,630.0,25237.33,2523.73,2776.11,30537.17,12825.61,43362.78
PAY-2026-1547,CAND-1301,MISS-12308,2025-03-07,17.5,946.98,94.7,104.17,1145.85,481.26,1627.1
PAY-2026-1548,CAND-1442,MISS-11601,2026-01-22,70.0,4110.29,411.03,452.13,4973.45,2088.85,7062.3
PAY-2026-1549,CAND-1345,MISS-13288,2025-08-24,35.0,1171.44,117.14,128.86,1417.44,595.33,2012.77
PAY-2026-1550,CAND-1489,MISS-13090,2025-12-18,630.0,22434.18,2243.42,2467.76,27145.36,11401.05,38546.41
PAY-2026-1551,CAND-1035,MISS-11144,2024-04-14,70.0,4832.97,483.3,531.63,5847.89,2456.12,8304.01
PAY-2026-1552,CAND-1112,MISS-13313,2024-06-09,35.0,1326.77,132.68,145.94,1605.39,674.26,2279.66
PAY-2026-1553,CAND-1299,MISS-11165,2026-01-29,70.0,4675.06,467.51,514.26,5656.82,2375.87,8032.69
PAY-2026-1554,CAND-1454,MISS-11741,2025-09-22,70.0,4592.08,459.21,505.13,5556.42,2333.7,7890.11
PAY-2026-1555,CAND-1276,MISS-12866,2025-06-03,315.0,11412.96,1141.3,1255.43,13809.68,5800.07,19609.75
PAY-2026-1556,CAND-1305,MISS-12384,2025-02-21,315.0,12390.66,1239.07,1362.97,14992.7,6296.94,21289.64
PAY-2026-1557,CAND-1498,MISS-10475,2025-11-17,70.0,3931.9,393.19,432.51,4757.61,1998.19,6755.8
PAY-2026-1558,CAND-1268,MISS-10662,2025-11-05,70.0,2201.27,220.13,242.14,2663.54,1118.69,3782.22
PAY-2026-1559,CAND-1371,MISS-10732,2025-03-29,35.0,1840.52,184.05,202.46,2227.04,935.35,3162.39
PAY-2026-1560,CAND-1352,MISS-12154,2025-12-12,630.0,20361.04,2036.1,2239.71,24636.86,10347.48,34984.34
PAY-2026-1561,CAND-1329,MISS-10912,2026-04-14,70.0,4324.15,432.42,475.66,5232.22,2197.53,7429.75
PAY-2026-1562,CAND-1262,MISS-13493,2026-08-23,17.5,610.83,61.08,67.19,739.1,310.42,1049.53
PAY-2026-1563,CAND-1367,MISS-12707,2026-01-24,630.0,44368.58,4436.86,4880.54,53685.98,22548.11,76234.09
PAY-2026-1564,CAND-1222,MISS-12843,2024-09-17,35.0,1558.32,155.83,171.42,1885.57,791.94,2677.51
PAY-2026-1565,CAND-1082,MISS-10819,2025-01-12,35.0,1701.74,170.17,187.19,2059.11,864.82,2923.93
PAY-2026-1566,CAND-1448,MISS-10964,2025-08-15,210.0,8183.94,818.39,900.23,9902.56,4159.08,14061.64
PAY-2026-1567,CAND-1064,MISS-13465,2026-06-20,17.5,933.08,93.31,102.64,1129.03,474.19,1603.22
PAY-2026-1568,CAND-1244,MISS-12088,2026-01-10,210.0,8995.03,899.5,989.45,10883.99,4571.27,15455.26
PAY-2026-1569,CAND-1245,MISS-10022,2024-05-09,315.0,14716.29,1471.63,1618.79,17806.71,7478.82,25285.53
PAY-2026-1570,CAND-1345,MISS-12921,2025-10-27,70.0,2453.39,245.34,269.87,2968.6,1246.81,4215.41
PAY-2026-1571,CAND-1369,MISS-13000,2024-09-13,210.0,13127.5,1312.75,1444.02,15884.27,6671.39,22555.66
PAY-2026-1572,CAND-1160,MISS-13053,2025-10-02,70.0,2241.46,224.15,246.56,2712.17,1139.11,3851.28
PAY-2026-1573,CAND-1243,MISS-11510,2026-06-17,70.0,4599.12,459.91,505.9,5564.94,2337.27,7902.21
PAY-2026-1574,CAND-1273,MISS-11219,2026-02-17,210.0,14989.36,1498.94,1648.83,18137.13,7617.59,25754.72
PAY-2026-1575,CAND-1282,MISS-10646,2024-10-04,70.0,4295.22,429.52,472.47,5197.21,2182.83,7380.04
PAY-2026-1576,CAND-1445,MISS-13487,2025-09-17,35.0,2594.46,259.45,285.39,3139.3,1318.51,4457.81
PAY-2026-1577,CAND-1345,MISS-12921,2025-10-27,70.0,2453.39,245.34,269.87,2968.6,1246.81,4215.41
PAY-2026-1578,CAND-1039,MISS-10789,2025-05-09,630.0,34380.7,3438.07,3781.88,41600.65,17472.27,59072.92
PAY-2026-1579,CAND-1471,MISS-11726,2024-12-26,70.0,2198.63,219.86,241.85,2660.34,1117.34,3777.69
PAY-2026-1580,CAND-1418,MISS-10316,2025-02-28,35.0,2320.41,232.04,255.25,2807.7,1179.23,3986.93
PAY-2026-1581,CAND-1430,MISS-10962,2026-06-12,70.0,3584.84,358.48,394.33,4337.66,1821.82,6159.47
PAY-2026-1582,CAND-1159,MISS-12956,2024-11-30,315.0,14986.28,1498.63,1648.49,18133.4,7616.03,25749.43
PAY-2026-1583,CAND-1074,MISS-12524,2024-09-04,315.0,9733.65,973.36,1070.7,11777.72,4946.64,16724.36
PAY-2026-1584,CAND-1312,MISS-13151,2026-07-02,35.0,1209.44,120.94,133.04,1463.42,614.64,2078.06
PAY-2026-1585,CAND-1373,MISS-11409,2026-06-10,210.0,10772.11,1077.21,1184.93,13034.25,5474.39,18508.64
PAY-2026-1586,CAND-1178,MISS-13085,2025-04-11,210.0,15020.34,1502.03,1652.24,18174.61,7633.34,25807.95
PAY-2026-1587,CAND-1078,MISS-11356,2026-03-26,35.0,1653.22,165.32,181.85,2000.4,840.17,2840.57
PAY-2026-1588,CAND-1398,MISS-11696,2025-08-12,35.0,1975.32,197.53,217.29,2390.14,1003.86,3393.99
PAY-2026-1589,CAND-1171,MISS-10248,2026-09-01,210.0,12949.07,1294.91,1424.4,15668.37,6580.72,22249.09
PAY-2026-1590,CAND-1206,MISS-12802,2024-12-09,70.0,2946.26,294.63,324.09,3564.97,1497.29,5062.26
PAY-2026-1591,CAND-1083,MISS-11903,2025-08-04,17.5,845.69,84.57,93.03,1023.28,429.78,1453.06
PAY-2026-1592,CAND-1317,MISS-10488,2024-03-16,70.0,4149.06,414.91,456.4,5020.37,2108.55,7128.92
PAY-2026-1593,CAND-1031,MISS-13265,2024-06-03,70.0,4669.0,466.9,513.59,5649.49,2372.79,8022.28
PAY-2026-1594,CAND-1454,MISS-12840,2026-01-31,70.0,2686.72,268.67,295.54,3250.94,1365.39,4616.33
PAY-2026-1595,CAND-1022,MISS-10374,2025-07-07,35.0,2435.61,243.56,267.92,2947.09,1237.78,4184.87
PAY-2026-1596,CAND-1358,MISS-13331,2026-04-17,630.0,40438.36,4043.84,4448.22,48930.41,20550.77,69481.18
PAY-2026-1597,CAND-1079,MISS-11339,2025-03-05,315.0,10373.82,1037.38,1141.12,12552.32,5271.98,17824.3
PAY-2026-1598,CAND-1122,MISS-11277,2026-02-20,210.0,13279.74,1327.97,1460.77,16068.48,6748.76,22817.24
PAY-2026-1599,CAND-1413,MISS-13179,2025-08-19,17.5,894.55,89.46,98.4,1082.41,454.61,1537.02
PAY-2026-1600,CAND-1221,MISS-10717,2024-05-31,35.0,1110.88,111.09,122.2,1344.17,564.55,1908.72
PAY-2026-1601,CAND-1074,MISS-13016,2025-03-21,630.0,19972.73,1997.27,2197.0,24167.0,10150.14,34317.14
PAY-2026-1602,CAND-1126,MISS-13292,2025-09-13,315.0,14468.26,1446.83,1591.51,17506.6,7352.77,24859.37
PAY-2026-1603,CAND-1053,MISS-12552,2026-03-15,70.0,2611.23,261.12,287.24,3159.59,1327.03,4486.62
PAY-2026-1604,CAND-1437,MISS-10614,2024-02-16,70.0,3298.82,329.88,362.87,3991.58,1676.46,5668.04
PAY-2026-1605,CAND-1097,MISS-11889,2024-09-01,35.0,1770.18,177.02,194.72,2141.92,899.61,3041.53
PAY-2026-1606,CAND-1055,MISS-11590,2024-11-08,17.5,591.87,59.19,65.11,716.16,300.79,1016.95
PAY-2026-1607,CAND-1351,MISS-11705,2024-09-01,70.0,4261.22,426.12,468.73,5156.08,2165.55,7321.63
PAY-2026-1608,CAND-1202,MISS-12358,2024-04-02,315.0,21926.44,2192.64,2411.91,26530.99,11143.02,37674.01
PAY-2026-1609,CAND-1166,MISS-10754,2024-03-23,70.0,4774.98,477.5,525.25,5777.72,2426.64,8204.36
PAY-2026-1610,CAND-1102,MISS-11194,2025-04-03,35.0,1623.56,162.36,178.59,1964.5,825.09,2789.59
PAY-2026-1611,CAND-1288,MISS-13333,2025-10-22,70.0,4850.26,485.03,533.53,5868.81,2464.9,8333.71
PAY-2026-1612,CAND-1406,MISS-11284,2024-11-20,35.0,2200.2,220.02,242.02,2662.25,1118.14,3780.39
PAY-2026-1613,CAND-1338,MISS-10380,2024-03-17,315.0,17706.55,1770.66,1947.72,21424.93,8998.47,30423.39
PAY-2026-1614,CAND-1472,MISS-12468,2026-05-17,630.0,34311.12,3431.11,3774.22,41516.46,17436.91,58953.37
PAY-2026-1615,CAND-1192,MISS-12816,2026-01-29,17.5,1216.89,121.69,133.86,1472.44,618.42,2090.86
PAY-2026-1616,CAND-1310,MISS-12790,2025-11-30,35.0,1777.67,177.77,195.54,2150.98,903.41,3054.39
PAY-2026-1617,CAND-1261,MISS-10172,2025-06-12,70.0,2577.95,257.8,283.57,3119.32,1310.11,4429.43
PAY-2026-1618,CAND-1367,MISS-11574,2025-07-23,70.0,3912.96,391.3,430.43,4734.69,1988.57,6723.26
PAY-2026-1619,CAND-1317,MISS-10667,2024-12-05,210.0,10056.83,1005.68,1106.25,12168.76,5110.88,17279.64
PAY-2026-1620,CAND-1093,MISS-10027,2024-03-01,315.0,22962.92,2296.29,2525.92,27785.13,11669.76,39454.89
PAY-2026-1621,CAND-1014,MISS-11540,2026-01-20,315.0,14929.2,1492.92,1642.21,18064.34,7587.02,25651.36
PAY-2026-1622,CAND-1017,MISS-11597,2025-04-20,210.0,6533.47,653.35,718.68,7905.5,3320.31,11225.81
PAY-2026-1623,CAND-1099,MISS-10086,2026-07-23,35.0,1960.14,196.01,215.61,2371.76,996.14,3367.9
PAY-2026-1624,CAND-1227,MISS-11968,2025-05-27,70.0,3716.42,371.64,408.81,4496.87,1888.68,6385.55
PAY-2026-1625,CAND-1159,MISS-11278,2024-12-13,35.0,2337.18,233.72,257.09,2827.99,1187.75,4015.74
PAY-2026-1626,CAND-1016,MISS-10922,2025-07-19,210.0,11527.9,1152.79,1268.07,13948.76,5858.48,19807.24
PAY-2026-1627,CAND-1282,MISS-10646,2024-10-04,70.0,4295.22,429.52,472.47,5197.21,2182.83,7380.04
PAY-2026-1628,CAND-1124,MISS-11694,2026-02-11,35.0,1952.34,195.23,214.76,2362.34,992.18,3354.52
PAY-2026-1629,CAND-1064,MISS-13129,2026-01-17,35.0,1303.6,130.36,143.4,1577.35,662.49,2239.84
PAY-2026-1630,CAND-1180,MISS-11965,2025-02-10,210.0,6805.53,680.55,748.61,8234.69,3458.57,11693.26
PAY-2026-1631,CAND-1285,MISS-10024,2025-09-13,210.0,12978.16,1297.82,1427.6,15703.57,6595.5,22299.07
PAY-2026-1632,CAND-1144,MISS-11780,2026-06-04,210.0,8443.55,844.36,928.79,10216.7,4291.01,14507.71
PAY-2026-1633,CAND-1184,MISS-11394,2025-05-24,630.0,37982.66,3798.27,4178.09,45959.01,19302.79,65261.8
PAY-2026-1634,CAND-1425,MISS-12851,2024-05-23,35.0,1533.76,153.38,168.71,1855.86,779.46,2635.32
PAY-2026-1635,CAND-1114,MISS-12799,2024-07-06,70.0,4656.73,465.67,512.24,5634.64,2366.55,8001.18
PAY-2026-1636,CAND-1150,MISS-12290,2025-09-14,35.0,1698.69,169.87,186.86,2055.41,863.27,2918.69
PAY-2026-1637,CAND-1438,MISS-12354,2026-01-17,70.0,2235.33,223.53,245.89,2704.75,1135.99,3840.74
PAY-2026-1638,CAND-1307,MISS-10820,2024-10-24,17.5,1041.87,104.19,114.61,1260.66,529.48,1790.14
PAY-2026-1639,CAND-1490,MISS-11009,2024-11-19,315.0,17619.42,1761.94,1938.14,21319.5,8954.19,30273.7
PAY-2026-1640,CAND-1048,MISS-11515,2024-08-07,210.0,13310.44,1331.04,1464.15,16105.64,6764.37,22870.01
PAY-2026-1641,CAND-1449,MISS-11279,2025-08-20,210.0,14337.03,1433.7,1577.07,17347.81,7286.08,24633.88
PAY-2026-1642,CAND-1044,MISS-11600,2024-07-30,630.0,24297.23,2429.72,2672.7,29399.65,12347.85,41747.5
PAY-2026-1643,CAND-1138,MISS-11950,2025-05-25,17.5,948.34,94.83,104.32,1147.49,481.94,1629.43
PAY-2026-1644,CAND-1078,MISS-13049,2025-11-26,17.5,818.74,81.87,90.06,990.67,416.08,1406.75
PAY-2026-1645,CAND-1236,MISS-13042,2025-10-17,210.0,11331.84,1133.18,1246.5,13711.53,5758.84,19470.37
PAY-2026-1646,CAND-1354,MISS-13201,2026-01-24,17.5,1199.68,119.97,131.96,1451.61,609.68,2061.29
PAY-2026-1647,CAND-1155,MISS-12256,2024-04-29,630.0,24525.98,2452.6,2697.86,29676.44,12464.1,42140.54
PAY-2026-1648,CAND-1443,MISS-11036,2026-04-01,35.0,2328.8,232.88,256.17,2817.84,1183.49,4001.34
PAY-2026-1649,CAND-1028,MISS-12442,2026-05-07,315.0,19789.76,1978.98,2176.87,23945.62,10057.16,34002.77
PAY-2026-1650,CAND-1190,MISS-11654,2026-03-16,35.0,1445.82,144.58,159.04,1749.44,734.77,2484.21
PAY-2026-1651,CAND-1024,MISS-11964,2025-07-06,210.0,10878.68,1087.87,1196.66,13163.21,5528.55,18691.76
PAY-2026-1652,CAND-1048,MISS-12583,2024-09-17,630.0,41986.12,4198.61,4618.47,50803.2,21337.34,72140.54
PAY-2026-1653,CAND-1302,MISS-10796,2026-03-03,70.0,4792.34,479.23,527.16,5798.73,2435.46,8234.19
PAY-2026-1654,CAND-1192,MISS-12975,2024-02-26,17.5,948.93,94.89,104.38,1148.21,482.25,1630.45
PAY-2026-1655,CAND-1451,MISS-10622,2025-11-18,35.0,2277.95,227.8,250.57,2756.32,1157.65,3913.97
PAY-2026-1656,CAND-1329,MISS-12648,2025-09-01,210.0,11712.06,1171.21,1288.33,14171.6,5952.07,20123.67
PAY-2026-1657,CAND-1080,MISS-11896,2025-09-30,210.0,8829.25,882.93,971.22,10683.4,4487.03,15170.43
PAY-2026-1658,CAND-1158,MISS-10294,2024-10-27,210.0,14294.68,1429.47,1572.41,17296.56,7264.55,24561.11
PAY-2026-1659,CAND-1230,MISS-10530,2024-12-28,630.0,20123.22,2012.32,2213.55,24349.09,10226.62,34575.71
PAY-2026-1660,CAND-1430,MISS-10962,2026-06-12,70.0,3584.84,358.48,394.33,4337.66,1821.82,6159.47
PAY-2026-1661,CAND-1481,MISS-12370,2026-02-13,35.0,1195.26,119.53,131.48,1446.26,607.43,2053.7
PAY-2026-1662,CAND-1336,MISS-10431,2024-07-23,35.0,1922.89,192.29,211.52,2326.7,977.21,3303.91
PAY-2026-1663,CAND-1132,MISS-12898,2025-04-14,315.0,14246.48,1424.65,1567.11,17238.23,7240.06,24478.29
PAY-2026-1664,CAND-1281,MISS-11596,2025-06-19,70.0,4800.56,480.06,528.06,5808.68,2439.64,8248.32
PAY-2026-1665,CAND-1283,MISS-13128,2025-03-08,35.0,1460.88,146.09,160.7,1767.66,742.42,2510.08
PAY-2026-1666,CAND-1460,MISS-10266,2024-06-24,35.0,2536.12,253.61,278.97,3068.71,1288.86,4357.57
PAY-2026-1667,CAND-1121,MISS-12376,2026-03-04,17.5,1192.19,119.22,131.14,1442.55,605.87,2048.42
PAY-2026-1668,CAND-1056,MISS-12499,2024-11-17,210.0,15131.19,1513.12,1664.43,18308.74,7689.67,25998.41
PAY-2026-1669,CAND-1001,MISS-12711,2024-04-13,315.0,14066.3,1406.63,1547.29,17020.22,7148.49,24168.72
PAY-2026-1670,CAND-1038,MISS-10749,2025-01-22,70.0,3804.65,380.46,418.51,4603.63,1933.52,6537.15
PAY-2026-1671,CAND-1309,MISS-12668,2026-03-03,17.5,878.78,87.88,96.67,1063.33,446.6,1509.93
PAY-2026-1672,CAND-1357,MISS-12033,2024-06-20,70.0,5066.03,506.6,557.26,6129.9,2574.56,8704.45
PAY-2026-1673,CAND-1187,MISS-10669,2025-02-13,210.0,14199.72,1419.97,1561.97,17181.66,7216.3,24397.96
PAY-2026-1674,CAND-1062,MISS-12255,2026-06-23,35.0,2159.62,215.96,237.56,2613.15,1097.52,3710.67
PAY-2026-1675,CAND-1049,MISS-10146,2026-07-06,35.0,1791.4,179.14,197.05,2167.6,910.39,3077.99
PAY-2026-1676,CAND-1163,MISS-11682,2026-08-18,210.0,7873.96,787.4,866.14,9527.49,4001.55,13529.04
PAY-2026-1677,CAND-1260,MISS-12054,2025-08-14,35.0,2247.92,224.79,247.27,2719.98,1142.39,3862.38
PAY-2026-1678,CAND-1207,MISS-13002,2026-03-05,35.0,1619.0,161.9,178.09,1958.99,822.78,2781.77
PAY-2026-1679,CAND-1189,MISS-11907,2026-03-09,210.0,6982.3,698.23,768.05,8448.58,3548.4,11996.98
PAY-2026-1680,CAND-1054,MISS-13414,2026-08-08,630.0,28585.49,2858.55,3144.4,34588.44,14527.15,49115.59
PAY-2026-1681,CAND-1494,MISS-13408,2025-12-20,17.5,605.33,60.53,66.59,732.45,307.63,1040.08
PAY-2026-1682,CAND-1354,MISS-13306,2025-01-21,315.0,16262.43,1626.24,1788.87,19677.54,8264.57,27942.11
PAY-2026-1683,CAND-1341,MISS-10566,2024-03-27,35.0,2329.76,232.98,256.27,2819.0,1183.98,4002.99
PAY-2026-1684,CAND-1348,MISS-11167,2026-03-02,210.0,8218.67,821.87,904.05,9944.59,4176.73,14121.32
PAY-2026-1685,CAND-1381,MISS-11102,2024-03-23,630.0,44320.59,4432.06,4875.26,53627.91,22523.72,76151.64
PAY-2026-1686,CAND-1266,MISS-11582,2024-02-05,210.0,6680.39,668.04,734.84,8083.27,3394.97,11478.25
PAY-2026-1687,CAND-1104,MISS-12763,2025-10-31,210.0,8032.26,803.23,883.55,9719.04,4082.0,13801.04
PAY-2026-1688,CAND-1380,MISS-12737,2024-02-04,70.0,3190.3,319.03,350.93,3860.26,1621.31,5481.57
PAY-2026-1689,CAND-1079,MISS-13009,2025-07-08,70.0,2890.71,289.07,317.98,3497.76,1469.06,4966.82
PAY-2026-1690,CAND-1425,MISS-13146,2026-04-23,70.0,3490.58,349.06,383.96,4223.6,1773.91,5997.51
PAY-2026-1691,CAND-1292,MISS-10310,2026-06-20,315.0,16433.76,1643.38,1807.71,19884.84,8351.63,28236.48
PAY-2026-1692,CAND-1105,MISS-13382,2024-04-21,630.0,34363.59,3436.36,3779.99,41579.94,17463.58,59043.52
PAY-2026-1693,CAND-1226,MISS-13013,2024-02-28,630.0,32191.88,3219.19,3541.11,38952.17,16359.91,55312.09
PAY-2026-1694,CAND-1080,MISS-11483,2025-08-28,630.0,45424.72,4542.47,4996.72,54963.91,23084.84,78048.75
PAY-2026-1695,CAND-1105,MISS-10398,2024-12-16,70.0,3104.76,310.48,341.52,3756.75,1577.84,5334.59
PAY-2026-1696,CAND-1457,MISS-10293,2024-03-14,17.5,1046.49,104.65,115.11,1266.26,531.83,1798.09
PAY-2026-1697,CAND-1394,MISS-10058,2026-09-05,35.0,1454.08,145.41,159.95,1759.44,738.96,2498.4
PAY-2026-1698,CAND-1462,MISS-11646,2026-06-12,70.0,4174.07,417.41,459.15,5050.62,2121.26,7171.89
PAY-2026-1699,CAND-1484,MISS-11512,2026-08-01,35.0,2614.98,261.5,287.65,3164.13,1328.93,4493.06
PAY-2026-1700,CAND-1141,MISS-13421,2025-02-28,70.0,3968.22,396.82,436.5,4801.55,2016.65,6818.2
PAY-2026-1701,CAND-1110,MISS-12260,2024-07-20,70.0,3556.59,355.66,391.22,4303.47,1807.46,6110.93
PAY-2026-1702,CAND-1428,MISS-12651,2025-12-17,315.0,23285.01,2328.5,2561.35,28174.86,11833.44,40008.3
PAY-2026-1703,CAND-1053,MISS-11657,2025-07-06,70.0,2163.43,216.34,237.98,2617.75,1099.46,3717.21
PAY-2026-1704,CAND-1113,MISS-10960,2024-02-10,35.0,1909.58,190.96,210.05,2310.59,970.45,3281.04
PAY-2026-1705,CAND-1290,MISS-12963,2026-03-21,630.0,19899.86,1989.99,2188.98,24078.82,10113.11,34191.93
PAY-2026-1706,CAND-1443,MISS-10845,2026-04-19,17.5,836.32,83.63,91.99,1011.94,425.02,1436.96
PAY-2026-1707,CAND-1410,MISS-12939,2026-04-12,17.5,1181.04,118.1,129.91,1429.06,600.2,2029.26
PAY-2026-1708,CAND-1475,MISS-10031,2026-07-16,630.0,23373.66,2337.37,2571.1,28282.12,11878.49,40160.61
PAY-2026-1709,CAND-1317,MISS-12130,2024-10-31,70.0,4561.32,456.13,501.75,5519.2,2318.07,7837.27
PAY-2026-1710,CAND-1069,MISS-10281,2026-07-09,35.0,2527.46,252.75,278.02,3058.22,1284.45,4342.67
PAY-2026-1711,CAND-1026,MISS-12124,2025-11-17,70.0,3392.76,339.28,373.2,4105.23,1724.2,5829.43
PAY-2026-1712,CAND-1013,MISS-10153,2024-07-25,35.0,2588.19,258.82,284.7,3131.71,1315.32,4447.03
PAY-2026-1713,CAND-1175,MISS-12821,2024-05-01,210.0,9999.69,999.97,1099.97,12099.62,5081.84,17181.47
PAY-2026-1714,CAND-1326,MISS-13297,2025-09-23,70.0,5207.7,520.77,572.85,6301.32,2646.55,8947.87
PAY-2026-1715,CAND-1358,MISS-13285,2026-08-18,35.0,1344.19,134.42,147.86,1626.47,683.12,2309.59
PAY-2026-1716,CAND-1292,MISS-10376,2025-04-07,70.0,2131.07,213.11,234.42,2578.59,1083.01,3661.6
PAY-2026-1717,CAND-1222,MISS-11056,2025-07-28,70.0,3126.48,312.65,343.91,3783.03,1588.87,5371.91
PAY-2026-1718,CAND-1231,MISS-10162,2026-08-27,210.0,14755.95,1475.6,1623.15,17854.7,7498.97,25353.67
PAY-2026-1719,CAND-1168,MISS-10915,2026-01-17,630.0,45232.24,4523.22,4975.55,54731.01,22987.02,77718.03
PAY-2026-1720,CAND-1388,MISS-12424,2026-01-20,210.0,10561.73,1056.17,1161.79,12779.69,5367.47,18147.16
PAY-2026-1721,CAND-1399,MISS-10435,2024-03-07,315.0,21783.68,2178.37,2396.21,26358.26,11070.47,37428.73
PAY-2026-1722,CAND-1142,MISS-13377,2026-01-05,210.0,7942.82,794.28,873.71,9610.82,4036.54,13647.36
PAY-2026-1723,CAND-1281,MISS-11743,2024-12-29,70.0,2445.22,244.52,268.97,2958.71,1242.66,4201.37
PAY-2026-1724,CAND-1199,MISS-10094,2025-01-20,17.5,1251.04,125.1,137.61,1513.76,635.78,2149.55
PAY-2026-1725,CAND-1474,MISS-10403,2026-05-06,70.0,2290.41,229.04,251.94,2771.39,1163.98,3935.37
PAY-2026-1726,CAND-1234,MISS-12625,2024-02-20,315.0,13904.6,1390.46,1529.51,16824.57,7066.32,23890.89
PAY-2026-1727,CAND-1093,MISS-11995,2025-06-15,210.0,8209.24,820.92,903.02,9933.18,4171.94,14105.12
PAY-2026-1728,CAND-1472,MISS-12443,2024-11-05,35.0,1293.97,129.4,142.34,1565.71,657.6,2223.31
PAY-2026-1729,CAND-1465,MISS-12906,2024-10-31,210.0,15021.24,1502.12,1652.34,18175.7,7633.79,25809.49
PAY-2026-1730,CAND-1092,MISS-10183,2025-05-11,70.0,3764.12,376.41,414.05,4554.59,1912.93,6467.52
PAY-2026-1731,CAND-1149,MISS-12612,2025-05-09,70.0,2436.54,243.65,268.02,2948.22,1238.25,4186.47
PAY-2026-1732,CAND-1442,MISS-11351,2026-05-29,210.0,6754.53,675.45,743.0,8172.98,3432.65,11605.63
PAY-2026-1733,CAND-1265,MISS-12631,2025-01-28,210.0,6350.22,635.02,698.52,7683.76,3227.18,10910.94
PAY-2026-1734,CAND-1003,MISS-10437,2024-07-03,70.0,2444.18,244.42,268.86,2957.46,1242.13,4199.6
PAY-2026-1735,CAND-1463,MISS-12464,2025-02-03,315.0,18045.88,1804.59,1985.05,21835.51,9170.92,31006.43
PAY-2026-1736,CAND-1482,MISS-10149,2025-11-20,70.0,4970.88,497.09,546.8,6014.77,2526.2,8540.97
PAY-2026-1737,CAND-1322,MISS-11063,2026-02-07,70.0,4096.59,409.66,450.62,4956.87,2081.89,7038.76
PAY-2026-1738,CAND-1106,MISS-13491,2026-01-20,315.0,16471.34,1647.13,1811.85,19930.32,8370.73,28301.05
PAY-2026-1739,CAND-1286,MISS-10274,2025-04-05,210.0,13682.58,1368.26,1505.08,16555.93,6953.49,23509.42
PAY-2026-1740,CAND-1373,MISS-12877,2026-03-25,630.0,32629.84,3262.98,3589.28,39482.11,16582.49,56064.6
PAY-2026-1741,CAND-1384,MISS-11749,2024-10-11,210.0,11008.05,1100.8,1210.89,13319.74,5594.29,18914.03
PAY-2026-1742,CAND-1220,MISS-12377,2024-09-02,70.0,4908.9,490.89,539.98,5939.77,2494.7,8434.47
PAY-2026-1743,CAND-1191,MISS-10087,2024-06-15,17.5,961.36,96.14,105.75,1163.25,488.57,1651.82
PAY-2026-1744,CAND-1025,MISS-12351,2026-04-13,210.0,14464.28,1446.43,1591.07,17501.78,7350.75,24852.53
PAY-2026-1745,CAND-1144,MISS-11942,2024-04-12,210.0,15681.31,1568.13,1724.94,18974.39,7969.24,26943.63
PAY-2026-1746,CAND-1412,MISS-12073,2025-06-25,70.0,3296.02,329.6,362.56,3988.18,1675.04,5663.22
PAY-2026-1747,CAND-1128,MISS-11850,2026-07-03,210.0,11339.78,1133.98,1247.38,13721.14,5762.88,19484.02
PAY-2026-1748,CAND-1351,MISS-10397,2026-01-19,630.0,46653.02,4665.3,5131.83,56450.15,23709.06,80159.22
PAY-2026-1749,CAND-1293,MISS-12971,2026-05-09,35.0,2409.27,240.93,265.02,2915.22,1224.39,4139.61
PAY-2026-1750,CAND-1257,MISS-10713,2025-10-28,35.0,2081.74,208.17,228.99,2518.91,1057.94,3576.85
PAY-2026-1751,CAND-1445,MISS-10056,2025-09-28,70.0,5091.35,509.14,560.05,6160.54,2587.43,8747.97
PAY-2026-1752,CAND-1296,MISS-12148,2024-08-20,35.0,2602.66,260.27,286.29,3149.22,1322.67,4471.9
PAY-2026-1753,CAND-1068,MISS-10699,2026-01-27,35.0,2104.65,210.47,231.51,2546.63,1069.58,3616.21
PAY-2026-1754,CAND-1232,MISS-13150,2025-03-16,315.0,14167.36,1416.74,1558.41,17142.5,7199.85,24342.35
PAY-2026-1755,CAND-1460,MISS-12748,2025-12-01,70.0,2733.94,273.39,300.73,3308.07,1389.39,4697.46
PAY-2026-1756,CAND-1411,MISS-12347,2025-05-11,70.0,2224.61,222.46,244.71,2691.78,1130.55,3822.33
PAY-2026-1757,CAND-1012,MISS-13074,2025-04-02,17.5,1064.74,106.47,117.12,1288.34,541.1,1829.44
PAY-2026-1758,CAND-1404,MISS-11542,2025-06-07,35.0,1487.59,148.76,163.63,1799.98,755.99,2555.98
PAY-2026-1759,CAND-1401,MISS-12314,2025-06-26,210.0,9858.65,985.86,1084.45,11928.97,5010.17,16939.13
PAY-2026-1760,CAND-1371,MISS-10904,2025-04-23,210.0,15314.91,1531.49,1684.64,18531.04,7783.04,26314.08
PAY-2026-1761,CAND-1309,MISS-10290,2026-03-26,210.0,14325.6,1432.56,1575.82,17333.98,7280.27,24614.25
PAY-2026-1762,CAND-1141,MISS-10242,2025-05-24,70.0,2607.48,260.75,286.82,3155.04,1325.12,4480.16
PAY-2026-1763,CAND-1326,MISS-12261,2025-01-08,630.0,47001.05,4700.11,5170.12,56871.27,23885.93,80757.2
PAY-2026-1764,CAND-1091,MISS-10542,2024-11-02,70.0,4430.7,443.07,487.38,5361.14,2251.68,7612.82
PAY-2026-1765,CAND-1283,MISS-12279,2026-04-07,315.0,16354.26,1635.43,1798.97,19788.66,8311.24,28099.9
PAY-2026-1766,CAND-1332,MISS-10677,2025-06-20,70.0,3072.89,307.29,338.02,3718.2,1561.64,5279.84
PAY-2026-1767,CAND-1117,MISS-11034,2024-04-06,35.0,2292.8,229.28,252.21,2774.28,1165.2,3939.48
PAY-2026-1768,CAND-1267,MISS-10020,2025-05-09,210.0,9253.02,925.3,1017.83,11196.15,4702.38,15898.53
PAY-2026-1769,CAND-1353,MISS-11132,2026-07-24,35.0,1573.96,157.4,173.14,1904.5,799.89,2704.39
PAY-2026-1770,CAND-1107,MISS-13326,2025-01-20,210.0,11498.56,1149.86,1264.84,13913.26,5843.57,19756.83
PAY-2026-1771,CAND-1277,MISS-11790,2025-06-23,17.5,848.4,84.84,93.32,1026.56,431.15,1457.71
PAY-2026-1772,CAND-1036,MISS-10219,2024-11-12,315.0,15346.18,1534.62,1688.08,18568.87,7798.93,26367.8
PAY-2026-1773,CAND-1420,MISS-10252,2024-12-27,35.0,2106.96,210.7,231.77,2549.42,1070.75,3620.17
PAY-2026-1774,CAND-1048,MISS-10044,2025-08-27,210.0,13698.44,1369.84,1506.83,16575.12,6961.55,23536.67
PAY-2026-1775,CAND-1458,MISS-12478,2025-08-29,35.0,2202.62,220.26,242.29,2665.17,1119.37,3784.54
PAY-2026-1776,CAND-1310,MISS-10336,2026-07-08,70.0,2918.94,291.89,321.08,3531.92,1483.41,5015.33
PAY-2026-1777,CAND-1378,MISS-13185,2024-09-16,70.0,2872.68,287.27,315.99,3475.94,1459.9,4935.84
PAY-2026-1778,CAND-1168,MISS-10100,2025-01-09,35.0,1912.88,191.29,210.42,2314.59,972.13,3286.72
PAY-2026-1779,CAND-1110,MISS-13235,2026-05-23,210.0,7420.96,742.1,816.31,8979.36,3771.33,12750.68
PAY-2026-1780,CAND-1209,MISS-10223,2025-04-20,630.0,46234.8,4623.48,5085.83,55944.11,23496.53,79440.63
PAY-2026-1781,CAND-1355,MISS-12513,2024-09-28,17.5,762.34,76.23,83.86,922.43,387.42,1309.85
PAY-2026-1782,CAND-1453,MISS-10184,2025-04-19,70.0,4407.05,440.71,484.78,5332.53,2239.66,7572.19
PAY-2026-1783,CAND-1055,MISS-10848,2025-11-09,70.0,2943.34,294.33,323.77,3561.44,1495.8,5057.24
PAY-2026-1784,CAND-1466,MISS-12133,2026-01-23,17.5,881.5,88.15,96.96,1066.61,447.98,1514.58
PAY-2026-1785,CAND-1472,MISS-12806,2026-08-22,210.0,6651.49,665.15,731.66,8048.3,3380.29,11428.59
PAY-2026-1786,CAND-1295,MISS-13070,2026-06-21,70.0,2856.1,285.61,314.17,3455.88,1451.47,4907.35
PAY-2026-1787,CAND-1429,MISS-11677,2025-10-16,17.5,900.22,90.02,99.02,1089.27,457.49,1546.76
PAY-2026-1788,CAND-1490,MISS-11009,2024-11-19,315.0,17619.42,1761.94,1938.14,21319.5,8954.19,30273.7
PAY-2026-1789,CAND-1151,MISS-13183,2024-07-03,210.0,10297.38,1029.74,1132.71,12459.82,5233.13,17692.95
PAY-2026-1790,CAND-1304,MISS-11191,2026-08-06,630.0,38993.56,3899.36,4289.29,47182.21,19816.53,66998.73
PAY-2026-1791,CAND-1446,MISS-11559,2025-07-29,315.0,21681.37,2168.14,2384.95,26234.46,11018.47,37252.93
PAY-2026-1792,CAND-1486,MISS-10891,2024-05-14,210.0,8884.94,888.49,977.34,10750.78,4515.33,15266.1
PAY-2026-1793,CAND-1242,MISS-11365,2025-06-12,35.0,2538.38,253.84,279.22,3071.43,1290.0,4361.44
PAY-2026-1794,CAND-1140,MISS-10235,2024-10-28,35.0,2482.34,248.23,273.06,3003.64,1261.53,4265.17
PAY-2026-1795,CAND-1018,MISS-11546,2024-12-09,17.5,838.66,83.87,92.25,1014.78,426.21,1440.99
PAY-2026-1796,CAND-1005,MISS-13125,2024-09-30,70.0,4573.46,457.35,503.08,5533.88,2324.23,7858.11
PAY-2026-1797,CAND-1221,MISS-10560,2025-03-12,70.0,2301.43,230.14,253.16,2784.73,1169.59,3954.32
PAY-2026-1798,CAND-1118,MISS-13458,2024-03-20,630.0,30545.82,3054.58,3360.04,36960.44,15523.38,52483.82
PAY-2026-1799,CAND-1236,MISS-10649,2026-03-30,315.0,12977.6,1297.76,1427.54,15702.9,6595.22,22298.11
PAY-2026-1800,CAND-1163,MISS-11789,2024-09-21,315.0,13753.7,1375.37,1512.91,16641.98,6989.63,23631.62
PAY-2026-1801,CAND-1325,MISS-10580,2024-03-03,70.0,4247.36,424.74,467.21,5139.31,2158.51,7297.82
PAY-2026-1802,CAND-1232,MISS-11730,2026-08-12,70.0,4234.07,423.41,465.75,5123.22,2151.75,7274.98
PAY-2026-1803,CAND-1326,MISS-10782,2026-03-31,70.0,4280.38,428.04,470.84,5179.26,2175.29,7354.55
PAY-2026-1804,CAND-1047,MISS-12436,2025-02-20,210.0,15063.3,1506.33,1656.96,18226.6,7655.17,25881.77
PAY-2026-1805,CAND-1279,MISS-11855,2025-12-16,35.0,1174.63,117.46,129.21,1421.3,596.95,2018.25
PAY-2026-1806,CAND-1009,MISS-12659,2024-05-25,630.0,39364.0,3936.4,4330.04,47630.44,20004.78,67635.22
PAY-2026-1807,CAND-1106,MISS-11403,2025-11-05,315.0,21702.84,2170.28,2387.31,26260.44,11029.38,37289.82
PAY-2026-1808,CAND-1473,MISS-12107,2024-08-27,210.0,12468.2,1246.82,1371.5,15086.52,6336.34,21422.85
PAY-2026-1809,CAND-1213,MISS-13059,2025-12-06,210.0,11517.37,1151.74,1266.91,13936.02,5853.13,19789.15
PAY-2026-1810,CAND-1233,MISS-11611,2026-08-12,210.0,15015.98,1501.6,1651.76,18169.34,7631.12,25800.46
PAY-2026-1811,CAND-1085,MISS-10857,2024-08-26,35.0,1257.14,125.71,138.29,1521.14,638.88,2160.02
PAY-2026-1812,CAND-1121,MISS-12376,2026-03-04,17.5,1192.19,119.22,131.14,1442.55,605.87,2048.42
PAY-2026-1813,CAND-1252,MISS-13037,2025-06-20,35.0,1836.18,183.62,201.98,2221.78,933.15,3154.92
PAY-2026-1814,CAND-1044,MISS-11322,2024-12-20,35.0,2103.12,210.31,231.34,2544.78,1068.81,3613.59
PAY-2026-1815,CAND-1253,MISS-10976,2025-12-31,70.0,3533.66,353.37,388.7,4275.72,1795.8,6071.53
PAY-2026-1816,CAND-1317,MISS-13115,2025-05-13,70.0,4217.73,421.77,463.95,5103.45,2143.45,7246.9
PAY-2026-1817,CAND-1364,MISS-10772,2024-07-04,70.0,3619.69,361.97,398.17,4379.82,1839.53,6219.35
PAY-2026-1818,CAND-1303,MISS-10016,2025-02-08,70.0,3795.91,379.59,417.55,4593.05,1929.08,6522.13
PAY-2026-1819,CAND-1257,MISS-12100,2025-08-03,630.0,33228.41,3322.84,3655.13,40206.38,16886.68,57093.05
PAY-2026-1820,CAND-1266,MISS-11582,2024-02-05,210.0,6680.39,668.04,734.84,8083.27,3394.97,11478.25
PAY-2026-1821,CAND-1154,MISS-12988,2025-07-19,35.0,2494.8,249.48,274.43,3018.7,1267.85,4286.56
PAY-2026-1822,CAND-1121,MISS-12426,2025-04-09,17.5,539.05,53.91,59.3,652.26,273.95,926.2
PAY-2026-1823,CAND-1253,MISS-11416,2024-08-02,35.0,1470.2,147.02,161.72,1778.95,747.16,2526.11
PAY-2026-1824,CAND-1074,MISS-12524,2024-09-04,315.0,9733.65,973.36,1070.7,11777.72,4946.64,16724.36
PAY-2026-1825,CAND-1061,MISS-11856,2025-06-09,70.0,2679.44,267.94,294.74,3242.12,1361.69,4603.81
PAY-2026-1826,CAND-1306,MISS-12639,2025-05-05,315.0,20602.42,2060.24,2266.27,24928.93,10470.15,35399.09
PAY-2026-1827,CAND-1384,MISS-11338,2024-10-09,210.0,15437.74,1543.77,1698.15,18679.66,7845.46,26525.12
PAY-2026-1828,CAND-1030,MISS-12039,2025-04-22,70.0,2542.9,254.29,279.72,3076.9,1292.3,4369.2
PAY-2026-1829,CAND-1463,MISS-10864,2025-04-25,210.0,10854.6,1085.46,1194.01,13134.06,5516.31,18650.37
PAY-2026-1830,CAND-1013,MISS-12236,2024-02-03,315.0,11297.74,1129.77,1242.75,13670.27,5741.51,19411.79
PAY-2026-1831,CAND-1227,MISS-12163,2026-02-24,630.0,44333.66,4433.37,4876.7,53643.72,22530.36,76174.09
PAY-2026-1832,CAND-1051,MISS-11569,2025-02-26,210.0,15027.18,1502.72,1652.99,18182.89,7636.82,25819.71
PAY-2026-1833,CAND-1216,MISS-12183,2024-03-05,35.0,2554.14,255.41,280.96,3090.51,1298.01,4388.52
PAY-2026-1834,CAND-1478,MISS-13259,2026-03-02,210.0,13844.65,1384.46,1522.91,16752.03,7035.85,23787.88
PAY-2026-1835,CAND-1092,MISS-11558,2026-05-29,70.0,3261.76,326.18,358.79,3946.72,1657.62,5604.35
PAY-2026-1836,CAND-1118,MISS-11816,2024-05-03,70.0,2461.2,246.12,270.73,2978.05,1250.78,4228.83
PAY-2026-1837,CAND-1050,MISS-12472,2026-03-03,17.5,1060.62,106.06,116.67,1283.35,539.01,1822.36
PAY-2026-1838,CAND-1293,MISS-10718,2026-05-15,35.0,2121.02,212.1,233.31,2566.43,1077.9,3644.34
PAY-2026-1839,CAND-1439,MISS-11288,2026-07-09,17.5,689.64,68.96,75.86,834.46,350.47,1184.93
PAY-2026-1840,CAND-1397,MISS-12616,2025-07-22,630.0,21024.91,2102.49,2312.74,25440.14,10684.86,36125.0
PAY-2026-1841,CAND-1396,MISS-11886,2026-08-23,70.0,4255.38,425.54,468.09,5149.02,2162.59,7311.6
PAY-2026-1842,CAND-1298,MISS-11077,2026-08-08,35.0,1965.32,196.53,216.19,2378.04,998.78,3376.81
PAY-2026-1843,CAND-1298,MISS-12809,2026-05-05,70.0,5135.0,513.5,564.85,6213.34,2609.6,8822.95
PAY-2026-1844,CAND-1221,MISS-10717,2024-05-31,35.0,1110.88,111.09,122.2,1344.17,564.55,1908.72
PAY-2026-1845,CAND-1329,MISS-13198,2025-12-26,35.0,1641.16,164.12,180.53,1985.8,834.04,2819.84
PAY-2026-1846,CAND-1467,MISS-12346,2025-05-24,210.0,6614.22,661.42,727.56,8003.21,3361.35,11364.56
PAY-2026-1847,CAND-1103,MISS-11161,2024-09-09,70.0,5076.38,507.64,558.4,6142.42,2579.82,8722.24
PAY-2026-1848,CAND-1361,MISS-12685,2026-08-06,630.0,30948.74,3094.87,3404.36,37447.97,15728.15,53176.12
PAY-2026-1849,CAND-1036,MISS-10503,2026-07-07,70.0,3922.34,392.23,431.46,4746.03,1993.33,6739.36
PAY-2026-1850,CAND-1098,MISS-10213,2024-08-14,70.0,4580.76,458.08,503.88,5542.72,2327.94,7870.66
PAY-2026-1851,CAND-1358,MISS-10388,2026-01-19,35.0,2026.46,202.65,222.91,2452.02,1029.85,3481.86
PAY-2026-1852,CAND-1124,MISS-10653,2024-09-27,210.0,11186.14,1118.61,1230.48,13535.24,5684.8,19220.03
PAY-2026-1853,CAND-1298,MISS-11436,2024-11-23,210.0,11684.15,1168.42,1285.26,14137.82,5937.89,20075.71
PAY-2026-1854,CAND-1419,MISS-10409,2026-07-08,70.0,2296.2,229.62,252.58,2778.4,1166.93,3945.33
PAY-2026-1855,CAND-1049,MISS-12431,2024-05-27,70.0,4084.18,408.42,449.26,4941.85,2075.58,7017.43
PAY-2026-1856,CAND-1170,MISS-10702,2024-02-23,210.0,11541.56,1154.16,1269.57,13965.28,5865.42,19830.7
PAY-2026-1857,CAND-1460,MISS-10933,2025-10-30,35.0,1397.96,139.8,153.78,1691.53,710.44,2401.97
PAY-2026-1858,CAND-1312,MISS-11835,2024-07-30,210.0,6787.36,678.74,746.61,8212.71,3449.34,11662.05
PAY-2026-1859,CAND-1215,MISS-12709,2025-01-06,315.0,14119.08,1411.91,1553.1,17084.08,7175.31,24259.39
PAY-2026-1860,CAND-1208,MISS-11066,2024-07-26,315.0,19543.08,1954.31,2149.74,23647.13,9931.8,33578.93
PAY-2026-1861,CAND-1023,MISS-12221,2024-11-26,70.0,3878.49,387.85,426.63,4692.97,1971.05,6664.02
PAY-2026-1862,CAND-1355,MISS-10451,2026-06-28,17.5,1038.86,103.89,114.28,1257.03,527.95,1784.98
PAY-2026-1863,CAND-1063,MISS-12012,2025-01-13,35.0,1204.51,120.45,132.5,1457.45,612.13,2069.58
PAY-2026-1864,CAND-1460,MISS-12649,2025-03-19,35.0,1463.02,146.3,160.93,1770.25,743.51,2513.76
PAY-2026-1865,CAND-1220,MISS-11570,2024-03-13,17.5,1005.42,100.54,110.6,1216.56,510.95,1727.51
PAY-2026-1866,CAND-1058,MISS-11687,2024-10-22,210.0,6745.3,674.53,741.98,8161.82,3427.96,11589.78
PAY-2026-1867,CAND-1005,MISS-11668,2026-04-07,70.0,4298.78,429.88,472.87,5201.52,2184.64,7386.16
PAY-2026-1868,CAND-1254,MISS-12961,2024-06-29,315.0,20344.42,2034.44,2237.89,24616.75,10339.04,34955.79
PAY-2026-1869,CAND-1258,MISS-13318,2025-05-15,210.0,6348.14,634.81,698.3,7681.25,3226.12,10907.37
PAY-2026-1870,CAND-1470,MISS-11772,2025-02-16,17.5,1231.74,123.17,135.49,1490.41,625.97,2116.38
PAY-2026-1871,CAND-1196,MISS-11776,2025-04-21,315.0,14668.08,1466.81,1613.49,17748.38,7454.32,25202.7
PAY-2026-1872,CAND-1325,MISS-11061,2025-04-14,70.0,2354.19,235.42,258.96,2848.57,1196.4,4044.97
PAY-2026-1873,CAND-1263,MISS-10461,2024-10-14,70.0,4151.38,415.14,456.65,5023.18,2109.73,7132.91
PAY-2026-1874,CAND-1424,MISS-11921,2024-10-06,17.5,1156.98,115.7,127.27,1399.95,587.98,1987.93
PAY-2026-1875,CAND-1200,MISS-13385,2024-08-15,210.0,13216.78,1321.68,1453.85,15992.3,6716.77,22709.07
PAY-2026-1876,CAND-1421,MISS-11807,2026-04-26,210.0,9078.07,907.81,998.59,10984.46,4613.48,15597.94
PAY-2026-1877,CAND-1043,MISS-13433,2024-06-25,210.0,15361.5,1536.15,1689.77,18587.42,7806.71,26394.13
PAY-2026-1878,CAND-1102,MISS-11194,2025-04-03,35.0,1623.56,162.36,178.59,1964.5,825.09,2789.59
PAY-2026-1879,CAND-1175,MISS-12179,2024-08-06,70.0,3901.06,390.11,429.12,4720.28,1982.52,6702.8
PAY-2026-1880,CAND-1094,MISS-13149,2026-03-12,210.0,6346.13,634.61,698.07,7678.82,3225.1,10903.92
PAY-2026-1881,CAND-1281,MISS-12796,2026-08-16,35.0,1565.56,156.56,172.21,1894.33,795.62,2689.95
PAY-2026-1882,CAND-1146,MISS-12664,2025-11-02,210.0,10346.86,1034.69,1138.16,12519.71,5258.28,17777.98
PAY-2026-1883,CAND-1114,MISS-12504,2025-04-17,35.0,2238.33,223.83,246.22,2708.38,1137.52,3845.9
PAY-2026-1884,CAND-1189,MISS-13276,2026-04-10,35.0,1172.65,117.27,128.99,1418.91,595.94,2014.85
PAY-2026-1885,CAND-1366,MISS-10547,2024-06-02,630.0,45436.44,4543.64,4998.01,54978.09,23090.8,78068.88
PAY-2026-1886,CAND-1121,MISS-12274,2025-12-05,17.5,850.58,85.06,93.56,1029.2,432.26,1461.46
PAY-2026-1887,CAND-1151,MISS-12833,2025-02-03,630.0,42755.77,4275.58,4703.13,51734.48,21728.48,73462.96
PAY-2026-1888,CAND-1241,MISS-13471,2025-05-21,630.0,24276.38,2427.64,2670.4,29374.43,12337.26,41711.68
PAY-2026-1889,CAND-1167,MISS-10434,2025-07-25,70.0,3676.63,367.66,404.43,4448.72,1868.46,6317.19
PAY-2026-1890,CAND-1174,MISS-12108,2026-08-01,17.5,595.64,59.56,65.52,720.73,302.71,1023.44
PAY-2026-1891,CAND-1116,MISS-13329,2025-03-01,210.0,8862.27,886.23,974.85,10723.35,4503.81,15227.15
PAY-2026-1892,CAND-1389,MISS-10600,2025-03-17,70.0,3328.21,332.82,366.1,4027.13,1691.4,5718.53
PAY-2026-1893,CAND-1397,MISS-10608,2024-02-01,210.0,7222.16,722.22,794.44,8738.81,3670.3,12409.11
PAY-2026-1894,CAND-1016,MISS-10299,2025-10-22,210.0,14853.36,1485.34,1633.87,17972.57,7548.48,25521.04
PAY-2026-1895,CAND-1010,MISS-13251,2024-11-04,210.0,11075.45,1107.54,1218.3,13401.29,5628.54,19029.84
PAY-2026-1896,CAND-1324,MISS-12567,2024-05-26,315.0,16246.86,1624.69,1787.15,19658.7,8256.65,27915.35
PAY-2026-1897,CAND-1187,MISS-10814,2025-08-12,70.0,3400.36,340.04,374.04,4114.44,1728.07,5842.51
PAY-2026-1898,CAND-1341,MISS-13412,2026-05-25,35.0,1310.73,131.07,144.18,1585.98,666.11,2252.1
PAY-2026-1899,CAND-1411,MISS-10121,2026-03-02,70.0,4907.57,490.76,539.83,5938.16,2494.03,8432.19
PAY-2026-1900,CAND-1383,MISS-12172,2025-02-19,70.0,2662.7,266.27,292.9,3221.86,1353.18,4575.04
PAY-2026-1901,CAND-1265,MISS-12667,2025-04-12,210.0,14794.49,1479.45,1627.39,17901.33,7518.56,25419.89
PAY-2026-1902,CAND-1063,MISS-12321,2026-06-17,17.5,761.1,76.11,83.72,920.93,386.79,1307.72
PAY-2026-1903,CAND-1351,MISS-10397,2026-01-19,630.0,46653.02,4665.3,5131.83,56450.15,23709.06,80159.22
PAY-2026-1904,CAND-1443,MISS-12008,2024-08-24,35.0,1216.26,121.63,133.79,1471.67,618.1,2089.77
PAY-2026-1905,CAND-1229,MISS-13399,2024-06-24,210.0,8185.46,818.55,900.4,9904.41,4159.85,14064.26
PAY-2026-1906,CAND-1498,MISS-12407,2025-06-30,70.0,4099.43,409.94,450.94,4960.31,2083.33,7043.64
PAY-2026-1907,CAND-1318,MISS-12000,2025-09-19,630.0,34608.25,3460.83,3806.91,41875.99,17587.92,59463.9
PAY-2026-1908,CAND-1179,MISS-12918,2026-04-23,630.0,41282.53,4128.25,4541.08,49951.86,20979.78,70931.64
PAY-2026-1909,CAND-1325,MISS-11970,2024-02-05,630.0,28465.75,2846.58,3131.23,34443.56,14466.29,48909.85
PAY-2026-1910,CAND-1494,MISS-11511,2024-06-25,210.0,15242.44,1524.24,1676.67,18443.35,7746.21,26189.56
PAY-2026-1911,CAND-1236,MISS-13042,2025-10-17,210.0,11331.84,1133.18,1246.5,13711.53,5758.84,19470.37
PAY-2026-1912,CAND-1270,MISS-12369,2026-07-29,17.5,1266.33,126.63,139.3,1532.26,643.55,2175.81
PAY-2026-1913,CAND-1008,MISS-13443,2024-08-03,315.0,19226.62,1922.66,2114.93,23264.2,9770.97,33035.17
PAY-2026-1914,CAND-1299,MISS-11904,2025-06-19,210.0,12807.58,1280.76,1408.83,15497.18,6508.81,22005.99
PAY-2026-1915,CAND-1440,MISS-13436,2025-01-02,70.0,3230.84,323.08,355.39,3909.32,1641.91,5551.23
PAY-2026-1916,CAND-1221,MISS-10560,2025-03-12,70.0,2301.43,230.14,253.16,2784.73,1169.59,3954.32
PAY-2026-1917,CAND-1056,MISS-11080,2025-08-05,70.0,2512.32,251.23,276.36,3039.91,1276.76,4316.68
PAY-2026-1918,CAND-1029,MISS-11873,2025-05-19,210.0,10380.67,1038.07,1141.87,12560.62,5275.46,17836.08
PAY-2026-1919,CAND-1488,MISS-12176,2026-05-16,210.0,14772.8,1477.28,1625.01,17875.08,7507.53,25382.62
PAY-2026-1920,CAND-1114,MISS-11640,2024-06-01,210.0,9346.33,934.63,1028.1,11309.07,4749.81,16058.87
PAY-2026-1921,CAND-1107,MISS-10870,2026-05-02,70.0,3378.13,337.81,371.59,4087.54,1716.77,5804.3
PAY-2026-1922,CAND-1144,MISS-12969,2025-07-10,17.5,1109.2,110.92,122.01,1342.13,563.69,1905.82
PAY-2026-1923,CAND-1121,MISS-12326,2024-04-28,315.0,21337.57,2133.76,2347.13,25818.46,10843.75,36662.21
PAY-2026-1924,CAND-1472,MISS-12196,2024-04-02,70.0,3298.24,329.82,362.81,3990.88,1676.17,5667.04
PAY-2026-1925,CAND-1305,MISS-12384,2025-02-21,315.0,12390.66,1239.07,1362.97,14992.7,6296.94,21289.64
PAY-2026-1926,CAND-1218,MISS-12253,2025-01-23,17.5,692.19,69.22,76.14,837.55,351.77,1189.32
PAY-2026-1927,CAND-1037,MISS-12573,2024-03-02,210.0,7032.65,703.26,773.59,8509.51,3573.99,12083.5
PAY-2026-1928,CAND-1342,MISS-12101,2026-02-13,70.0,3197.18,319.72,351.69,3868.58,1624.8,5493.39
PAY-2026-1929,CAND-1312,MISS-10691,2024-10-04,315.0,16931.7,1693.17,1862.49,20487.35,8604.69,29092.04
PAY-2026-1930,CAND-1383,MISS-12267,2026-06-18,70.0,3672.2,367.22,403.94,4443.36,1866.21,6309.57
PAY-2026-1931,CAND-1275,MISS-10414,2026-07-06,35.0,2036.86,203.69,224.05,2464.6,1035.13,3499.73
PAY-2026-1932,CAND-1384,MISS-11749,2024-10-11,210.0,11008.05,1100.8,1210.89,13319.74,5594.29,18914.03
PAY-2026-1933,CAND-1220,MISS-10763,2025-12-13,35.0,2080.98,208.1,228.91,2517.99,1057.56,3575.55
PAY-2026-1934,CAND-1201,MISS-10237,2026-06-14,35.0,2553.77,255.38,280.91,3090.06,1297.83,4387.89
PAY-2026-1935,CAND-1157,MISS-12965,2025-03-05,35.0,2521.0,252.1,277.31,3050.41,1281.17,4331.58
PAY-2026-1936,CAND-1094,MISS-11999,2024-10-21,210.0,12502.91,1250.29,1375.32,15128.52,6353.98,21482.5
PAY-2026-1937,CAND-1442,MISS-10842,2024-07-15,70.0,2375.23,237.52,261.28,2874.03,1207.09,4081.12
PAY-2026-1938,CAND-1132,MISS-10965,2025-07-26,70.0,2729.94,272.99,300.29,3303.23,1387.36,4690.59
PAY-2026-1939,CAND-1265,MISS-10309,2024-09-25,630.0,45561.72,4556.17,5011.79,55129.68,23154.46,78284.14
PAY-2026-1940,CAND-1085,MISS-12480,2024-06-07,70.0,4208.92,420.89,462.98,5092.79,2138.97,7231.76
PAY-2026-1941,CAND-1301,MISS-12308,2025-03-07,17.5,946.98,94.7,104.17,1145.85,481.26,1627.1
PAY-2026-1942,CAND-1091,MISS-11491,2025-07-19,70.0,2784.68,278.47,306.31,3369.46,1415.17,4784.64
PAY-2026-1943,CAND-1491,MISS-10715,2024-05-20,70.0,3378.06,337.81,371.59,4087.45,1716.73,5804.18
PAY-2026-1944,CAND-1451,MISS-10622,2025-11-18,35.0,2277.95,227.8,250.57,2756.32,1157.65,3913.97
PAY-2026-1945,CAND-1135,MISS-13017,2025-11-08,315.0,20258.73,2025.87,2228.46,24513.06,10295.49,34808.55
PAY-2026-1946,CAND-1386,MISS-12595,2025-01-12,70.0,3306.15,330.62,363.68,4000.44,1680.19,5680.63
PAY-2026-1947,CAND-1150,MISS-12021,2026-04-05,35.0,2306.89,230.69,253.76,2791.34,1172.36,3963.7
PAY-2026-1948,CAND-1225,MISS-11711,2026-07-28,315.0,17846.8,1784.68,1963.15,21594.63,9069.75,30664.38
PAY-2026-1949,CAND-1460,MISS-12748,2025-12-01,70.0,2733.94,273.39,300.73,3308.07,1389.39,4697.46
PAY-2026-1950,CAND-1163,MISS-12491,2025-03-07,70.0,4451.84,445.18,489.7,5386.72,2262.42,7649.14
PAY-2026-1951,CAND-1168,MISS-10100,2025-01-09,35.0,1912.88,191.29,210.42,2314.59,972.13,3286.72
PAY-2026-1952,CAND-1260,MISS-12959,2026-06-13,35.0,1725.43,172.54,189.8,2087.77,876.86,2964.63
PAY-2026-1953,CAND-1176,MISS-13264,2024-12-28,35.0,1695.49,169.55,186.5,2051.54,861.65,2913.19
PAY-2026-1954,CAND-1310,MISS-13200,2024-06-29,70.0,2557.14,255.71,281.29,3094.14,1299.54,4393.68
PAY-2026-1955,CAND-1237,MISS-12679,2024-09-08,315.0,22353.52,2235.35,2458.89,27047.75,11360.06,38407.81
PAY-2026-1956,CAND-1033,MISS-12488,2025-05-17,70.0,3555.54,355.55,391.11,4302.2,1806.93,6109.13
PAY-2026-1957,CAND-1395,MISS-12202,2026-01-06,210.0,6581.16,658.12,723.93,7963.2,3344.54,11307.74
PAY-2026-1958,CAND-1052,MISS-12306,2024-08-16,315.0,18487.0,1848.7,2033.57,22369.27,9395.09,31764.36
PAY-2026-1959,CAND-1340,MISS-12045,2026-03-25,315.0,10783.48,1078.35,1186.18,13048.01,5480.16,18528.18
PAY-2026-1960,CAND-1323,MISS-10834,2025-06-06,315.0,19497.08,1949.71,2144.68,23591.46,9908.41,33499.87
PAY-2026-1961,CAND-1221,MISS-11116,2024-10-02,17.5,1124.95,112.5,123.74,1361.19,571.7,1932.89
PAY-2026-1962,CAND-1399,MISS-10956,2024-08-17,630.0,21443.24,2144.32,2358.76,25946.32,10897.45,36843.77
PAY-2026-1963,CAND-1287,MISS-10226,2026-02-09,17.5,823.04,82.3,90.53,995.88,418.27,1414.15
PAY-2026-1964,CAND-1100,MISS-13092,2025-03-15,210.0,7544.76,754.48,829.92,9129.17,3834.25,12963.42
PAY-2026-1965,CAND-1326,MISS-12261,2025-01-08,630.0,47001.05,4700.11,5170.12,56871.27,23885.93,80757.2
PAY-2026-1966,CAND-1109,MISS-10957,2024-08-14,210.0,14071.94,1407.19,1547.91,17027.05,7151.36,24178.41
PAY-2026-1967,CAND-1472,MISS-12311,2024-04-06,70.0,4031.22,403.12,443.43,4877.77,2048.66,6926.43
PAY-2026-1968,CAND-1144,MISS-10729,2025-07-12,35.0,1495.03,149.5,164.45,1808.99,759.77,2568.76
PAY-2026-1969,CAND-1298,MISS-12809,2026-05-05,70.0,5135.0,513.5,564.85,6213.34,2609.6,8822.95
PAY-2026-1970,CAND-1035,MISS-11144,2024-04-14,70.0,4832.97,483.3,531.63,5847.89,2456.12,8304.01
PAY-2026-1971,CAND-1007,MISS-12265,2024-10-20,17.5,774.36,77.44,85.18,936.98,393.53,1330.51
PAY-2026-1972,CAND-1403,MISS-11733,2026-02-08,210.0,6552.6,655.26,720.79,7928.65,3330.03,11258.68
PAY-2026-1973,CAND-1471,MISS-10778,2025-11-18,210.0,9198.22,919.82,1011.8,11129.84,4674.53,15804.37
PAY-2026-1974,CAND-1234,MISS-13180,2025-08-29,35.0,2237.47,223.75,246.12,2707.34,1137.08,3844.42
PAY-2026-1975,CAND-1115,MISS-13396,2025-09-21,70.0,3867.94,386.79,425.47,4680.2,1965.68,6645.89
PAY-2026-1976,CAND-1379,MISS-10861,2026-01-27,630.0,20835.16,2083.52,2291.87,25210.54,10588.43,35798.97
PAY-2026-1977,CAND-1112,MISS-10932,2024-02-06,210.0,6435.6,643.56,707.92,7787.07,3270.57,11057.64
PAY-2026-1978,CAND-1305,MISS-12384,2025-02-21,315.0,12390.66,1239.07,1362.97,14992.7,6296.94,21289.64
PAY-2026-1979,CAND-1411,MISS-10502,2024-05-19,630.0,35234.3,3523.43,3875.77,42633.5,17906.07,60539.57
PAY-2026-1980,CAND-1326,MISS-13297,2025-09-23,70.0,5207.7,520.77,572.85,6301.32,2646.55,8947.87
PAY-2026-1981,CAND-1058,MISS-11687,2024-10-22,210.0,6745.3,674.53,741.98,8161.82,3427.96,11589.78
PAY-2026-1982,CAND-1001,MISS-11624,2025-01-15,210.0,7405.19,740.52,814.57,8960.28,3763.32,12723.6
PAY-2026-1983,CAND-1194,MISS-12692,2026-04-30,35.0,1716.92,171.69,188.86,2077.48,872.54,2950.02
PAY-2026-1984,CAND-1154,MISS-11092,2025-08-14,17.5,888.56,88.86,97.74,1075.16,451.57,1526.72
PAY-2026-1985,CAND-1280,MISS-11241,2024-04-05,630.0,39256.98,3925.7,4318.27,47500.94,19950.39,67451.33
PAY-2026-1986,CAND-1369,MISS-10523,2026-06-03,210.0,11956.37,1195.64,1315.2,14467.21,6076.23,20543.43
PAY-2026-1987,CAND-1007,MISS-10930,2024-06-19,70.0,3759.24,375.92,413.52,4548.68,1910.45,6459.13
PAY-2026-1988,CAND-1139,MISS-10333,2024-08-22,315.0,20353.72,2035.37,2238.91,24628.0,10343.76,34971.76
PAY-2026-1989,CAND-1322,MISS-10303,2025-06-12,630.0,46179.54,4617.95,5079.75,55877.24,23468.44,79345.69
PAY-2026-1990,CAND-1438,MISS-12354,2026-01-17,70.0,2235.33,223.53,245.89,2704.75,1135.99,3840.74
PAY-2026-1991,CAND-1278,MISS-12040,2025-05-31,17.5,1070.76,107.08,117.78,1295.62,544.16,1839.78
PAY-2026-1992,CAND-1433,MISS-12423,2024-12-17,630.0,20419.21,2041.92,2246.11,24707.24,10377.04,35084.29
PAY-2026-1993,CAND-1345,MISS-12937,2026-02-05,35.0,2612.85,261.29,287.41,3161.55,1327.85,4489.4
PAY-2026-1994,CAND-1154,MISS-12415,2025-03-28,17.5,694.76,69.48,76.42,840.65,353.07,1193.73
PAY-2026-1995,CAND-1416,MISS-12502,2024-12-23,70.0,2372.75,237.28,261.0,2871.03,1205.83,4076.86
PAY-2026-1996,CAND-1220,MISS-13113,2026-04-15,210.0,13112.4,1311.24,1442.36,15866.0,6663.72,22529.72
PAY-2026-1997,CAND-1178,MISS-10340,2025-03-26,35.0,1891.06,189.11,208.02,2288.19,961.04,3249.23
PAY-2026-1998,CAND-1375,MISS-10755,2025-01-14,17.5,1173.36,117.34,129.07,1419.77,596.3,2016.08
PAY-2026-1999,CAND-1024,MISS-13481,2026-07-28,315.0,16365.27,1636.53,1800.18,19801.98,8316.83,28118.81
PAY-2026-2000,CAND-1411,MISS-10121,2026-03-02,70.0,4907.57,490.76,539.83,5938.16,2494.03,8432.19
PAY-2026-2001,CAND-1017,MISS-11941,2026-07-24,70.0,2962.45,296.24,325.87,3584.56,1505.52,5090.08
PAY-2026-2002,CAND-1025,MISS-12351,2026-04-13,210.0,14464.28,1446.43,1591.07,17501.78,7350.75,24852.53
PAY-2026-2003,CAND-1140,MISS-11289,2026-05-19,70.0,4328.46,432.85,476.13,5237.44,2199.73,7437.17
PAY-2026-2004,CAND-1452,MISS-11461,2026-06-24,35.0,2255.09,225.51,248.06,2728.66,1146.04,3874.7
PAY-2026-2005,CAND-1390,MISS-13039,2025-07-10,70.0,5157.78,515.78,567.36,6240.92,2621.19,8862.11
PAY-2026-2006,CAND-1429,MISS-11677,2025-10-16,17.5,900.22,90.02,99.02,1089.27,457.49,1546.76
PAY-2026-2007,CAND-1033,MISS-12719,2024-03-07,35.0,1237.96,123.8,136.18,1497.93,629.13,2127.05
PAY-2026-2008,CAND-1287,MISS-11554,2024-12-30,70.0,3036.4,303.64,334.0,3674.04,1543.1,5217.14
PAY-2026-2009,CAND-1247,MISS-11701,2026-03-23,630.0,37411.76,3741.18,4115.29,45268.23,19012.66,64280.89
PAY-2026-2010,CAND-1399,MISS-10102,2025-07-30,70.0,3385.92,338.59,372.45,4096.97,1720.73,5817.7
PAY-2026-2011,CAND-1115,MISS-10518,2025-04-19,70.0,4655.65,465.56,512.12,5633.33,2366.0,7999.33
PAY-2026-2012,CAND-1388,MISS-11390,2025-07-05,210.0,13659.57,1365.96,1502.55,16528.08,6941.79,23469.87
PAY-2026-2013,CAND-1213,MISS-10574,2026-07-22,70.0,2314.39,231.44,254.58,2800.41,1176.17,3976.58
PAY-2026-2014,CAND-1252,MISS-12977,2024-02-13,210.0,13024.54,1302.45,1432.7,15759.69,6619.07,22378.76
PAY-2026-2015,CAND-1287,MISS-10762,2024-07-08,17.5,598.8,59.88,65.87,724.55,304.31,1028.87
PAY-2026-2016,CAND-1348,MISS-11011,2024-05-09,35.0,1655.36,165.54,182.09,2002.99,841.26,2844.25
PAY-2026-2017,CAND-1377,MISS-13392,2025-06-22,210.0,14507.2,1450.72,1595.79,17553.71,7372.56,24926.27
PAY-2026-2018,CAND-1354,MISS-13455,2024-11-17,315.0,21763.33,2176.33,2393.97,26333.63,11060.12,37393.75
PAY-2026-2019,CAND-1406,MISS-11984,2025-10-17,35.0,2005.62,200.56,220.62,2426.81,1019.26,3446.06
PAY-2026-2020,CAND-1073,MISS-10954,2024-10-21,35.0,1070.04,107.0,117.7,1294.75,543.79,1838.54
PAY-2026-2021,CAND-1200,MISS-11602,2025-03-29,35.0,1246.63,124.66,137.13,1508.42,633.54,2141.96
PAY-2026-2022,CAND-1274,MISS-10826,2024-10-05,315.0,14176.56,1417.66,1559.42,17153.64,7204.53,24358.17
PAY-2026-2023,CAND-1259,MISS-11851,2024-05-14,70.0,4566.16,456.62,502.28,5525.05,2320.52,7845.58
PAY-2026-2024,CAND-1105,MISS-11469,2025-10-01,70.0,3755.88,375.59,413.15,4544.61,1908.74,6453.34
PAY-2026-2025,CAND-1387,MISS-11298,2024-08-30,70.0,3531.7,353.17,388.49,4273.36,1794.81,6068.18
PAY-2026-2026,CAND-1477,MISS-11337,2024-07-21,70.0,4595.12,459.51,505.46,5560.09,2335.24,7895.33
PAY-2026-2027,CAND-1386,MISS-11829,2026-05-23,210.0,6392.9,639.29,703.22,7735.42,3248.87,10984.29
PAY-2026-2028,CAND-1239,MISS-13417,2024-11-29,210.0,13847.05,1384.7,1523.18,16754.93,7037.07,23792.0
PAY-2026-2029,CAND-1012,MISS-13327,2026-03-19,70.0,4623.8,462.38,508.62,5594.8,2349.82,7944.62
PAY-2026-2030,CAND-1039,MISS-10789,2025-05-09,630.0,34380.7,3438.07,3781.88,41600.65,17472.27,59072.92
PAY-2026-2031,CAND-1389,MISS-10505,2026-05-30,630.0,29303.82,2930.38,3223.42,35457.63,14892.2,50349.83
PAY-2026-2032,CAND-1480,MISS-11353,2025-06-09,35.0,1384.18,138.42,152.26,1674.86,703.44,2378.3
PAY-2026-2033,CAND-1163,MISS-11682,2026-08-18,210.0,7873.96,787.4,866.14,9527.49,4001.55,13529.04
PAY-2026-2034,CAND-1038,MISS-12765,2025-02-24,210.0,14922.44,1492.24,1641.47,18056.16,7583.59,25639.74
PAY-2026-2035,CAND-1218,MISS-13256,2025-10-21,315.0,9859.39,985.94,1084.53,11929.86,5010.54,16940.4
PAY-2026-2036,CAND-1374,MISS-12300,2025-05-06,17.5,1228.99,122.9,135.19,1487.08,624.58,2111.66
PAY-2026-2037,CAND-1200,MISS-10801,2024-07-30,630.0,40343.16,4034.32,4437.75,48815.22,20502.39,69317.61
PAY-2026-2038,CAND-1472,MISS-10909,2026-04-26,70.0,3573.38,357.34,393.07,4323.8,1815.99,6139.79
PAY-2026-2039,CAND-1392,MISS-11899,2024-05-05,630.0,34413.71,3441.37,3785.51,41640.59,17489.05,59129.64
PAY-2026-2040,CAND-1132,MISS-10965,2025-07-26,70.0,2729.94,272.99,300.29,3303.23,1387.36,4690.59
PAY-2026-2041,CAND-1018,MISS-12867,2025-05-18,315.0,13666.74,1366.67,1503.34,16536.76,6945.44,23482.19
PAY-2026-2042,CAND-1021,MISS-13482,2025-11-01,35.0,1366.5,136.65,150.32,1653.47,694.46,2347.93
PAY-2026-2043,CAND-1140,MISS-12316,2024-02-25,35.0,1853.7,185.37,203.91,2242.97,942.05,3185.02
PAY-2026-2044,CAND-1452,MISS-11925,2025-07-25,35.0,1909.64,190.96,210.06,2310.66,970.48,3281.14
PAY-2026-2045,CAND-1212,MISS-11695,2025-01-26,630.0,35815.44,3581.54,3939.7,43336.68,18201.41,61538.09
PAY-2026-2046,CAND-1085,MISS-10784,2024-10-30,210.0,9561.5,956.15,1051.77,11569.42,4859.16,16428.58
PAY-2026-2047,CAND-1378,MISS-11604,2026-04-10,630.0,27248.55,2724.86,2997.34,32970.75,13847.71,46818.46
PAY-2026-2048,CAND-1403,MISS-11733,2026-02-08,210.0,6552.6,655.26,720.79,7928.65,3330.03,11258.68
PAY-2026-2049,CAND-1434,MISS-12936,2025-05-30,70.0,4715.34,471.53,518.69,5705.56,2396.33,8101.89
PAY-2026-2050,CAND-1200,MISS-11331,2026-09-04,70.0,2864.87,286.49,315.14,3466.49,1455.93,4922.42
PAY-2026-2051,CAND-1006,MISS-13196,2026-01-12,70.0,3421.12,342.11,376.32,4139.56,1738.61,5878.17
PAY-2026-2052,CAND-1020,MISS-12718,2024-04-15,70.0,2312.72,231.27,254.4,2798.4,1175.33,3973.72
PAY-2026-2053,CAND-1030,MISS-13166,2024-04-14,35.0,2541.68,254.17,279.59,3075.44,1291.68,4367.12
PAY-2026-2054,CAND-1094,MISS-10849,2025-01-21,315.0,23051.22,2305.12,2535.63,27891.98,11714.63,39606.61
PAY-2026-2055,CAND-1344,MISS-11581,2024-10-09,315.0,21707.81,2170.78,2387.86,26266.45,11031.91,37298.36
PAY-2026-2056,CAND-1171,MISS-11589,2025-11-22,210.0,13997.42,1399.74,1539.72,16936.88,7113.49,24050.37
PAY-2026-2057,CAND-1060,MISS-11527,2024-05-17,315.0,9698.63,969.86,1066.85,11735.34,4928.84,16664.19
PAY-2026-2058,CAND-1384,MISS-11749,2024-10-11,210.0,11008.05,1100.8,1210.89,13319.74,5594.29,18914.03
PAY-2026-2059,CAND-1071,MISS-10809,2025-09-22,210.0,11289.49,1128.95,1241.84,13660.28,5737.32,19397.6
PAY-2026-2060,CAND-1191,MISS-10720,2024-11-23,35.0,2192.17,219.22,241.14,2652.53,1114.06,3766.59
PAY-2026-2061,CAND-1252,MISS-10260,2024-03-07,70.0,4990.19,499.02,548.92,6038.13,2536.01,8574.14
PAY-2026-2062,CAND-1412,MISS-12299,2024-09-24,210.0,9117.12,911.71,1002.88,11031.72,4633.32,15665.04
PAY-2026-2063,CAND-1152,MISS-12537,2024-08-09,35.0,2089.91,208.99,229.89,2528.79,1062.09,3590.87
PAY-2026-2064,CAND-1468,MISS-11534,2025-07-08,35.0,2519.36,251.94,277.13,3048.43,1280.34,4328.76
PAY-2026-2065,CAND-1481,MISS-11827,2026-07-12,35.0,2495.54,249.55,274.51,3019.6,1268.23,4287.83
PAY-2026-2066,CAND-1309,MISS-12580,2024-05-09,210.0,14243.01,1424.3,1566.73,17234.04,7238.3,24472.34
PAY-2026-2067,CAND-1418,MISS-12953,2026-07-21,35.0,1866.24,186.62,205.29,2258.14,948.42,3206.56
PAY-2026-2068,CAND-1067,MISS-12970,2024-08-20,35.0,1486.22,148.62,163.48,1798.33,755.3,2553.63
PAY-2026-2069,CAND-1366,MISS-13241,2026-06-07,70.0,2759.95,276.0,303.59,3339.54,1402.61,4742.15
PAY-2026-2070,CAND-1020,MISS-10587,2024-12-15,70.0,3206.3,320.63,352.69,3879.62,1629.44,5509.06
PAY-2026-2071,CAND-1165,MISS-12976,2024-02-04,315.0,18731.04,1873.1,2060.41,22664.55,9519.11,32183.66
PAY-2026-2072,CAND-1158,MISS-10224,2024-03-13,210.0,7506.44,750.64,825.71,9082.79,3814.77,12897.56
PAY-2026-2073,CAND-1414,MISS-10673,2024-12-22,70.0,3230.52,323.05,355.36,3908.94,1641.75,5550.69
PAY-2026-2074,CAND-1339,MISS-12798,2026-05-22,17.5,946.58,94.66,104.12,1145.36,481.05,1626.41
PAY-2026-2075,CAND-1058,MISS-10918,2025-05-29,630.0,32843.24,3284.32,3612.76,39740.31,16690.93,56431.25
PAY-2026-2076,CAND-1177,MISS-11400,2025-09-22,35.0,1270.22,127.02,139.72,1536.97,645.53,2182.49
PAY-2026-2077,CAND-1447,MISS-13030,2026-05-13,210.0,8442.59,844.26,928.69,10215.54,4290.53,14506.07
PAY-2026-2078,CAND-1234,MISS-10853,2026-05-21,630.0,41945.4,4194.54,4613.99,50753.93,21316.65,72070.59
PAY-2026-2079,CAND-1250,MISS-12483,2026-01-14,70.0,2232.07,223.21,245.53,2700.8,1134.34,3835.14
PAY-2026-2080,CAND-1138,MISS-10656,2024-12-06,35.0,2003.85,200.38,220.42,2424.66,1018.36,3443.02
PAY-2026-2081,CAND-1299,MISS-12803,2024-10-12,210.0,14583.73,1458.37,1604.21,17646.31,7411.45,25057.76
PAY-2026-2082,CAND-1222,MISS-10345,2025-06-04,210.0,14807.32,1480.73,1628.81,17916.86,7525.08,25441.94
PAY-2026-2083,CAND-1265,MISS-12600,2026-04-27,315.0,15287.02,1528.7,1681.57,18497.29,7768.86,26266.16
PAY-2026-2084,CAND-1006,MISS-11619,2024-03-15,210.0,14960.16,1496.02,1645.62,18101.79,7602.75,25704.54
PAY-2026-2085,CAND-1392,MISS-12920,2024-02-25,630.0,40725.66,4072.57,4479.82,49278.05,20696.78,69974.84
PAY-2026-2086,CAND-1120,MISS-11961,2025-03-25,70.0,2365.39,236.54,260.19,2862.12,1202.09,4064.21
PAY-2026-2087,CAND-1167,MISS-12140,2026-07-10,70.0,2247.9,224.79,247.27,2719.95,1142.38,3862.33
PAY-2026-2088,CAND-1463,MISS-11990,2025-08-19,17.5,1064.55,106.46,117.1,1288.11,541.0,1829.11
PAY-2026-2089,CAND-1158,MISS-11557,2024-12-01,630.0,40096.96,4009.7,4410.67,48517.32,20377.27,68894.59
PAY-2026-2090,CAND-1336,MISS-12292,2024-03-01,70.0,4328.42,432.84,476.13,5237.39,2199.7,7437.09
PAY-2026-2091,CAND-1413,MISS-11082,2024-05-27,70.0,3542.82,354.28,389.71,4286.81,1800.46,6087.26
PAY-2026-2092,CAND-1006,MISS-13196,2026-01-12,70.0,3421.12,342.11,376.32,4139.56,1738.61,5878.17
PAY-2026-2093,CAND-1307,MISS-12126,2026-07-22,35.0,1445.49,144.55,159.0,1749.04,734.6,2483.64
PAY-2026-2094,CAND-1253,MISS-10698,2024-03-21,210.0,8620.61,862.06,948.27,10430.94,4380.99,14811.93
PAY-2026-2095,CAND-1059,MISS-12722,2025-03-12,630.0,33470.0,3347.0,3681.7,40498.69,17009.45,57508.15
PAY-2026-2096,CAND-1101,MISS-12586,2025-11-22,70.0,2145.12,214.51,235.96,2595.6,1090.15,3685.75
PAY-2026-2097,CAND-1010,MISS-10526,2026-06-16,35.0,2189.67,218.97,240.86,2649.5,1112.79,3762.29
PAY-2026-2098,CAND-1010,MISS-10194,2025-07-27,35.0,2553.08,255.31,280.84,3089.23,1297.48,4386.71
PAY-2026-2099,CAND-1244,MISS-12088,2026-01-10,210.0,8995.03,899.5,989.45,10883.99,4571.27,15455.26
PAY-2026-2100,CAND-1460,MISS-12748,2025-12-01,70.0,2733.94,273.39,300.73,3308.07,1389.39,4697.46
PAY-2026-2101,CAND-1303,MISS-12769,2024-05-01,630.0,32975.98,3297.6,3627.36,39900.93,16758.39,56659.32
PAY-2026-2102,CAND-1440,MISS-11988,2025-10-13,210.0,10506.38,1050.64,1155.7,12712.73,5339.34,18052.07
PAY-2026-2103,CAND-1142,MISS-11940,2026-03-31,35.0,2041.5,204.15,224.57,2470.22,1037.49,3507.71
PAY-2026-2104,CAND-1041,MISS-11690,2026-01-09,70.0,2850.83,285.08,313.59,3449.5,1448.79,4898.3
PAY-2026-2105,CAND-1208,MISS-13203,2024-04-25,70.0,5025.54,502.55,552.81,6080.9,2553.98,8634.88
PAY-2026-2106,CAND-1394,MISS-10185,2025-12-19,70.0,2713.0,271.3,298.43,3282.72,1378.74,4661.47
PAY-2026-2107,CAND-1330,MISS-11164,2025-10-06,35.0,2421.62,242.16,266.38,2930.17,1230.67,4160.84
PAY-2026-2108,CAND-1030,MISS-13166,2024-04-14,35.0,2541.68,254.17,279.59,3075.44,1291.68,4367.12
PAY-2026-2109,CAND-1467,MISS-10214,2026-07-30,17.5,1272.12,127.21,139.93,1539.27,646.49,2185.77
PAY-2026-2110,CAND-1467,MISS-11054,2024-12-13,315.0,12964.4,1296.44,1426.08,15686.93,6588.51,22275.44
PAY-2026-2111,CAND-1062,MISS-12255,2026-06-23,35.0,2159.62,215.96,237.56,2613.15,1097.52,3710.67
PAY-2026-2112,CAND-1273,MISS-11127,2024-07-07,70.0,2135.46,213.55,234.9,2583.9,1085.24,3669.14
PAY-2026-2113,CAND-1352,MISS-10898,2025-08-16,17.5,1076.72,107.67,118.44,1302.84,547.19,1850.03
PAY-2026-2114,CAND-1286,MISS-10777,2025-06-20,630.0,28238.1,2823.81,3106.19,34168.1,14350.6,48518.7
PAY-2026-2115,CAND-1127,MISS-11003,2024-06-24,210.0,6820.6,682.06,750.27,8252.93,3466.23,11719.15
PAY-2026-2116,CAND-1174,MISS-12641,2024-04-09,70.0,4804.2,480.42,528.46,5813.08,2441.49,8254.57
PAY-2026-2117,CAND-1396,MISS-11886,2026-08-23,70.0,4255.38,425.54,468.09,5149.02,2162.59,7311.6
PAY-2026-2118,CAND-1041,MISS-10173,2026-09-04,210.0,12523.26,1252.33,1377.56,15153.14,6364.32,21517.46
PAY-2026-2119,CAND-1199,MISS-12129,2025-03-15,630.0,29721.08,2972.11,3269.32,35962.51,15104.25,51066.76
PAY-2026-2120,CAND-1302,MISS-10180,2024-04-06,210.0,10541.06,1054.11,1159.52,12754.69,5356.97,18111.66
PAY-2026-2121,CAND-1192,MISS-11706,2026-04-13,210.0,8166.96,816.7,898.37,9882.03,4150.45,14032.48
PAY-2026-2122,CAND-1470,MISS-12957,2026-04-12,35.0,2256.6,225.66,248.23,2730.49,1146.81,3877.3
PAY-2026-2123,CAND-1033,MISS-12719,2024-03-07,35.0,1237.96,123.8,136.18,1497.93,629.13,2127.05
PAY-2026-2124,CAND-1462,MISS-11625,2024-05-05,17.5,588.87,58.89,64.78,712.53,299.26,1011.8
PAY-2026-2125,CAND-1106,MISS-11290,2024-02-08,70.0,3505.34,350.53,385.59,4241.46,1781.41,6022.88
PAY-2026-2126,CAND-1283,MISS-13128,2025-03-08,35.0,1460.88,146.09,160.7,1767.66,742.42,2510.08
PAY-2026-2127,CAND-1256,MISS-12608,2024-02-01,315.0,16727.52,1672.75,1840.03,20240.29,8500.92,28741.22
PAY-2026-2128,CAND-1453,MISS-10193,2025-08-24,35.0,2403.09,240.31,264.34,2907.74,1221.25,4129.0
PAY-2026-2129,CAND-1068,MISS-12795,2024-05-10,17.5,1182.44,118.24,130.07,1430.75,600.92,2031.67
PAY-2026-2130,CAND-1273,MISS-10042,2024-11-15,210.0,8968.94,896.89,986.58,10852.42,4558.02,15410.43
PAY-2026-2131,CAND-1163,MISS-10037,2025-12-17,35.0,1076.2,107.62,118.38,1302.21,546.93,1849.14
PAY-2026-2132,CAND-1221,MISS-11237,2026-09-03,35.0,1118.28,111.83,123.01,1353.11,568.31,1921.42
PAY-2026-2133,CAND-1086,MISS-12440,2024-02-29,70.0,2719.26,271.93,299.12,3290.31,1381.93,4672.24
PAY-2026-2134,CAND-1412,MISS-12009,2024-07-28,35.0,2129.36,212.94,234.23,2576.53,1082.14,3658.67
PAY-2026-2135,CAND-1387,MISS-11714,2026-08-25,17.5,853.24,85.32,93.86,1032.41,433.61,1466.03
PAY-2026-2136,CAND-1324,MISS-12934,2024-05-14,35.0,1287.92,128.79,141.67,1558.38,654.52,2212.9
PAY-2026-2137,CAND-1133,MISS-11547,2024-10-09,17.5,831.62,83.16,91.48,1006.27,422.63,1428.9
PAY-2026-2138,CAND-1258,MISS-12590,2024-09-11,17.5,1180.11,118.01,129.81,1427.93,599.73,2027.67
PAY-2026-2139,CAND-1237,MISS-12679,2024-09-08,315.0,22353.52,2235.35,2458.89,27047.75,11360.06,38407.81
PAY-2026-2140,CAND-1256,MISS-12992,2026-08-30,210.0,7738.91,773.89,851.28,9364.08,3932.91,13297.0
PAY-2026-2141,CAND-1319,MISS-10686,2025-02-04,70.0,3294.55,329.46,362.4,3986.41,1674.29,5660.7
PAY-2026-2142,CAND-1184,MISS-12160,2025-11-07,630.0,28777.16,2877.72,3165.49,34820.37,14624.56,49444.92
PAY-2026-2143,CAND-1478,MISS-13477,2026-07-01,210.0,11977.7,1197.77,1317.55,14493.01,6087.06,20580.08
PAY-2026-2144,CAND-1426,MISS-10017,2026-01-25,70.0,5149.27,514.93,566.42,6230.61,2616.86,8847.47
PAY-2026-2145,CAND-1148,MISS-12156,2025-09-02,70.0,3480.05,348.01,382.81,4210.86,1768.56,5979.42
PAY-2026-2146,CAND-1469,MISS-13316,2024-09-17,70.0,3276.59,327.66,360.42,3964.67,1665.16,5629.84
PAY-2026-2147,CAND-1077,MISS-11878,2025-07-05,210.0,14138.02,1413.8,1555.18,17107.0,7184.94,24291.94
PAY-2026-2148,CAND-1271,MISS-11862,2024-07-26,70.0,5160.93,516.09,567.7,6244.73,2622.78,8867.51
PAY-2026-2149,CAND-1079,MISS-13009,2025-07-08,70.0,2890.71,289.07,317.98,3497.76,1469.06,4966.82
PAY-2026-2150,CAND-1421,MISS-12459,2024-11-08,35.0,1963.79,196.38,216.02,2376.19,998.0,3374.18
PAY-2026-2151,CAND-1485,MISS-13381,2024-03-31,17.5,863.4,86.34,94.97,1044.71,438.78,1483.49
PAY-2026-2152,CAND-1391,MISS-12874,2025-09-03,35.0,1745.27,174.53,191.98,2111.78,886.95,2998.72
PAY-2026-2153,CAND-1006,MISS-12339,2026-02-25,210.0,14085.55,1408.56,1549.41,17043.52,7158.28,24201.79
PAY-2026-2154,CAND-1204,MISS-12392,2025-05-18,630.0,38463.09,3846.31,4230.94,46540.34,19546.94,66087.28
PAY-2026-2155,CAND-1433,MISS-10443,2025-05-31,630.0,36891.1,3689.11,4058.02,44638.22,18748.05,63386.28
PAY-2026-2156,CAND-1406,MISS-10313,2025-10-22,315.0,23388.9,2338.89,2572.78,28300.58,11886.24,40186.82
PAY-2026-2157,CAND-1025,MISS-11023,2024-09-01,210.0,10781.74,1078.17,1185.99,13045.9,5479.28,18525.18
PAY-2026-2158,CAND-1177,MISS-11400,2025-09-22,35.0,1270.22,127.02,139.72,1536.97,645.53,2182.49
PAY-2026-2159,CAND-1072,MISS-12072,2026-01-03,70.0,5099.28,509.93,560.92,6170.13,2591.45,8761.58
PAY-2026-2160,CAND-1406,MISS-10313,2025-10-22,315.0,23388.9,2338.89,2572.78,28300.58,11886.24,40186.82
PAY-2026-2161,CAND-1383,MISS-12158,2024-06-11,35.0,2194.1,219.41,241.35,2654.86,1115.04,3769.9
PAY-2026-2162,CAND-1424,MISS-10899,2025-05-05,70.0,4104.17,410.42,451.46,4966.05,2085.74,7051.78
PAY-2026-2163,CAND-1049,MISS-10146,2026-07-06,35.0,1791.4,179.14,197.05,2167.6,910.39,3077.99
PAY-2026-2164,CAND-1227,MISS-12163,2026-02-24,630.0,44333.66,4433.37,4876.7,53643.72,22530.36,76174.09
PAY-2026-2165,CAND-1329,MISS-12832,2025-02-06,35.0,2267.46,226.75,249.42,2743.63,1152.33,3895.96
PAY-2026-2166,CAND-1399,MISS-12902,2024-07-14,35.0,2332.71,233.27,256.6,2822.58,1185.48,4008.06
PAY-2026-2167,CAND-1087,MISS-11383,2024-11-19,35.0,2057.52,205.75,226.33,2489.59,1045.63,3535.22
PAY-2026-2168,CAND-1056,MISS-10963,2025-02-18,35.0,1928.93,192.89,212.18,2334.01,980.28,3314.29
PAY-2026-2169,CAND-1396,MISS-11912,2024-04-10,17.5,1245.12,124.51,136.96,1506.6,632.77,2139.37
PAY-2026-2170,CAND-1070,MISS-12917,2026-08-08,210.0,12805.12,1280.51,1408.56,15494.19,6507.56,22001.75
PAY-2026-2171,CAND-1427,MISS-13278,2026-02-12,315.0,21862.89,2186.29,2404.92,26454.1,11110.72,37564.82
PAY-2026-2172,CAND-1187,MISS-13451,2024-04-28,35.0,1118.61,111.86,123.05,1353.52,568.48,1922.0
PAY-2026-2173,CAND-1130,MISS-10029,2024-05-27,315.0,9554.94,955.49,1051.04,11561.48,4855.82,16417.31
PAY-2026-2174,CAND-1113,MISS-12052,2025-02-10,35.0,1109.42,110.94,122.04,1342.4,563.81,1906.21
PAY-2026-2175,CAND-1091,MISS-10751,2025-09-28,35.0,1064.3,106.43,117.07,1287.8,540.88,1828.68
PAY-2026-2176,CAND-1053,MISS-10002,2025-03-12,70.0,3710.52,371.05,408.16,4489.73,1885.69,6375.42
PAY-2026-2177,CAND-1341,MISS-10421,2025-03-09,70.0,3172.52,317.25,348.98,3838.76,1612.28,5451.03
PAY-2026-2178,CAND-1454,MISS-12840,2026-01-31,70.0,2686.72,268.67,295.54,3250.94,1365.39,4616.33
PAY-2026-2179,CAND-1058,MISS-13355,2026-01-07,210.0,13396.51,1339.65,1473.62,16209.78,6808.11,23017.88
PAY-2026-2180,CAND-1092,MISS-12195,2025-01-23,70.0,3163.34,316.33,347.97,3827.65,1607.61,5435.26
PAY-2026-2181,CAND-1321,MISS-10902,2024-08-20,17.5,889.12,88.91,97.8,1075.84,451.85,1527.69
PAY-2026-2182,CAND-1093,MISS-10455,2025-04-20,70.0,4959.19,495.92,545.51,6000.62,2520.26,8520.88
PAY-2026-2183,CAND-1000,MISS-13197,2024-09-12,35.0,1471.09,147.11,161.82,1780.02,747.61,2527.63
PAY-2026-2184,CAND-1158,MISS-11798,2024-09-30,210.0,7863.72,786.37,865.01,9515.1,3996.34,13511.44
PAY-2026-2185,CAND-1174,MISS-11021,2026-06-27,210.0,12935.07,1293.51,1422.86,15651.43,6573.6,22225.04
PAY-2026-2186,CAND-1247,MISS-11701,2026-03-23,630.0,37411.76,3741.18,4115.29,45268.23,19012.66,64280.89
PAY-2026-2187,CAND-1195,MISS-13456,2025-01-01,17.5,1078.28,107.83,118.61,1304.72,547.98,1852.7
PAY-2026-2188,CAND-1167,MISS-12914,2025-05-26,210.0,14342.28,1434.23,1577.65,17354.15,7288.74,24642.9
PAY-2026-2189,CAND-1478,MISS-13259,2026-03-02,210.0,13844.65,1384.46,1522.91,16752.03,7035.85,23787.88
PAY-2026-2190,CAND-1007,MISS-12265,2024-10-20,17.5,774.36,77.44,85.18,936.98,393.53,1330.51
PAY-2026-2191,CAND-1170,MISS-10702,2024-02-23,210.0,11541.56,1154.16,1269.57,13965.28,5865.42,19830.7
PAY-2026-2192,CAND-1303,MISS-12633,2026-08-15,35.0,1709.62,170.96,188.06,2068.63,868.83,2937.46
PAY-2026-2193,CAND-1326,MISS-10613,2026-01-18,35.0,1736.02,173.6,190.96,2100.58,882.24,2982.82
PAY-2026-2194,CAND-1034,MISS-13352,2025-01-15,210.0,7234.48,723.45,795.79,8753.71,3676.56,12430.27
PAY-2026-2195,CAND-1360,MISS-13239,2026-06-05,17.5,803.65,80.37,88.4,972.42,408.41,1380.83
PAY-2026-2196,CAND-1259,MISS-10387,2025-11-18,35.0,2262.66,226.27,248.89,2737.82,1149.89,3887.71
PAY-2026-2197,CAND-1007,MISS-11642,2024-04-10,35.0,1118.14,111.81,122.99,1352.94,568.24,1921.18
PAY-2026-2198,CAND-1212,MISS-11695,2025-01-26,630.0,35815.44,3581.54,3939.7,43336.68,18201.41,61538.09
PAY-2026-2199,CAND-1074,MISS-10176,2025-12-31,210.0,12835.06,1283.51,1411.86,15530.42,6522.78,22053.2
PAY-2026-2200,CAND-1128,MISS-13401,2025-07-28,210.0,6498.54,649.85,714.84,7863.23,3302.56,11165.78
PAY-2026-2201,CAND-1234,MISS-10538,2025-12-05,210.0,8267.76,826.78,909.45,10004.0,4201.68,14205.67
PAY-2026-2202,CAND-1201,MISS-11809,2025-03-22,70.0,3335.0,333.5,366.85,4035.35,1694.85,5730.2
PAY-2026-2203,CAND-1369,MISS-10523,2026-06-03,210.0,11956.37,1195.64,1315.2,14467.21,6076.23,20543.43
PAY-2026-2204,CAND-1126,MISS-10198,2024-08-29,210.0,11054.18,1105.42,1215.96,13375.55,5617.73,18993.28
PAY-2026-2205,CAND-1225,MISS-13202,2025-01-11,210.0,7736.46,773.65,851.01,9361.11,3931.67,13292.78
PAY-2026-2206,CAND-1135,MISS-11583,2026-06-11,17.5,1187.53,118.75,130.63,1436.91,603.5,2040.41
PAY-2026-2207,CAND-1474,MISS-11008,2025-08-01,315.0,22503.63,2250.36,2475.4,27229.39,11436.34,38665.74
PAY-2026-2208,CAND-1468,MISS-10448,2025-02-27,210.0,11254.74,1125.47,1238.02,13618.24,5719.66,19337.89
PAY-2026-2209,CAND-1476,MISS-12328,2025-07-29,210.0,8494.72,849.47,934.42,10278.62,4317.02,14595.64
PAY-2026-2210,CAND-1427,MISS-12656,2026-08-31,210.0,11538.48,1153.85,1269.23,13961.55,5863.85,19825.41
PAY-2026-2211,CAND-1456,MISS-11280,2025-08-16,70.0,3040.66,304.07,334.47,3679.2,1545.26,5224.46
PAY-2026-2212,CAND-1037,MISS-12734,2025-07-11,630.0,30784.16,3078.42,3386.26,37248.83,15644.51,52893.34
PAY-2026-2213,CAND-1359,MISS-11314,2026-01-18,210.0,14004.85,1400.48,1540.53,16945.87,7117.26,24063.13
PAY-2026-2214,CAND-1449,MISS-11281,2024-05-17,315.0,10377.17,1037.72,1141.49,12556.38,5273.68,17830.05
PAY-2026-2215,CAND-1437,MISS-12454,2025-03-13,630.0,23120.64,2312.06,2543.27,27975.98,11749.91,39725.89
PAY-2026-2216,CAND-1140,MISS-11086,2024-08-01,70.0,3876.27,387.63,426.39,4690.29,1969.92,6660.21
PAY-2026-2217,CAND-1472,MISS-12443,2024-11-05,35.0,1293.97,129.4,142.34,1565.71,657.6,2223.31
PAY-2026-2218,CAND-1064,MISS-10990,2024-08-14,315.0,17160.91,1716.09,1887.7,20764.7,8721.17,29485.88
PAY-2026-2219,CAND-1107,MISS-10870,2026-05-02,70.0,3378.13,337.81,371.59,4087.54,1716.77,5804.3
PAY-2026-2220,CAND-1184,MISS-11599,2026-04-24,630.0,19513.72,1951.37,2146.51,23611.6,9916.87,33528.47
PAY-2026-2221,CAND-1075,MISS-13275,2024-08-20,210.0,10588.54,1058.85,1164.74,12812.13,5381.1,18193.23
PAY-2026-2222,CAND-1197,MISS-11392,2024-04-17,70.0,4730.09,473.01,520.31,5723.41,2403.83,8127.24
PAY-2026-2223,CAND-1037,MISS-11732,2025-03-08,210.0,15348.66,1534.87,1688.35,18571.87,7800.19,26372.06
PAY-2026-2224,CAND-1452,MISS-10858,2024-02-11,35.0,1776.78,177.68,195.45,2149.91,902.96,3052.87
PAY-2026-2225,CAND-1467,MISS-12346,2025-05-24,210.0,6614.22,661.42,727.56,8003.21,3361.35,11364.56
PAY-2026-2226,CAND-1030,MISS-13426,2026-07-02,210.0,14856.85,1485.69,1634.25,17976.79,7550.25,25527.04
PAY-2026-2227,CAND-1315,MISS-11071,2024-02-04,630.0,31027.79,3102.78,3413.06,37543.63,15768.32,53311.95
PAY-2026-2228,CAND-1152,MISS-10921,2025-06-05,35.0,2577.4,257.74,283.51,3118.65,1309.83,4428.49
PAY-2026-2229,CAND-1118,MISS-10944,2025-01-28,70.0,4434.71,443.47,487.82,5366.0,2253.72,7619.72
PAY-2026-2230,CAND-1228,MISS-12495,2024-02-03,315.0,17711.57,1771.16,1948.27,21431.0,9001.02,30432.02
PAY-2026-2231,CAND-1193,MISS-11848,2025-09-15,35.0,1148.26,114.83,126.31,1389.39,583.55,1972.94
PAY-2026-2232,CAND-1006,MISS-13196,2026-01-12,70.0,3421.12,342.11,376.32,4139.56,1738.61,5878.17
PAY-2026-2233,CAND-1175,MISS-12427,2026-04-15,70.0,3435.44,343.54,377.9,4156.88,1745.89,5902.77
PAY-2026-2234,CAND-1441,MISS-13230,2025-01-14,35.0,1711.88,171.19,188.31,2071.37,869.98,2941.35
PAY-2026-2235,CAND-1193,MISS-10220,2025-01-17,17.5,903.73,90.37,99.41,1093.51,459.28,1552.79
PAY-2026-2236,CAND-1016,MISS-10299,2025-10-22,210.0,14853.36,1485.34,1633.87,17972.57,7548.48,25521.04
PAY-2026-2237,CAND-1424,MISS-11921,2024-10-06,17.5,1156.98,115.7,127.27,1399.95,587.98,1987.93
PAY-2026-2238,CAND-1117,MISS-11411,2025-11-29,210.0,7006.2,700.62,770.68,8477.5,3560.55,12038.04
PAY-2026-2239,CAND-1400,MISS-12755,2025-12-24,210.0,10709.92,1070.99,1178.09,12959.0,5442.78,18401.78
PAY-2026-2240,CAND-1499,MISS-11297,2024-10-23,35.0,1356.69,135.67,149.24,1641.59,689.47,2331.06
PAY-2026-2241,CAND-1247,MISS-10454,2026-08-27,35.0,1303.66,130.37,143.4,1577.43,662.52,2239.96
PAY-2026-2242,CAND-1249,MISS-10738,2026-05-15,70.0,2739.84,273.98,301.38,3315.21,1392.39,4707.59
PAY-2026-2243,CAND-1096,MISS-11406,2024-09-11,210.0,11534.2,1153.42,1268.76,13956.38,5861.68,19818.06
PAY-2026-2244,CAND-1479,MISS-10615,2026-06-26,315.0,10883.51,1088.35,1197.19,13169.05,5531.0,18700.05
PAY-2026-2245,CAND-1374,MISS-12300,2025-05-06,17.5,1228.99,122.9,135.19,1487.08,624.58,2111.66
PAY-2026-2246,CAND-1152,MISS-12537,2024-08-09,35.0,2089.91,208.99,229.89,2528.79,1062.09,3590.87
PAY-2026-2247,CAND-1217,MISS-10969,2025-10-17,70.0,2688.36,268.84,295.72,3252.91,1366.22,4619.13
PAY-2026-2248,CAND-1011,MISS-11189,2026-08-17,35.0,2069.56,206.96,227.65,2504.17,1051.75,3555.93
PAY-2026-2249,CAND-1170,MISS-11174,2026-03-12,70.0,4627.4,462.74,509.01,5599.15,2351.64,7950.8
PAY-2026-2250,CAND-1489,MISS-12120,2025-09-01,210.0,13447.82,1344.78,1479.26,16271.86,6834.18,23106.04
PAY-2026-2251,CAND-1496,MISS-12824,2026-07-20,70.0,4204.59,420.46,462.5,5087.55,2136.77,7224.33
PAY-2026-2252,CAND-1196,MISS-10228,2024-04-14,70.0,2352.6,235.26,258.79,2846.65,1195.59,4042.25
PAY-2026-2253,CAND-1167,MISS-10332,2024-05-10,70.0,3175.82,317.58,349.34,3842.74,1613.95,5456.69
PAY-2026-2254,CAND-1376,MISS-13378,2024-08-22,35.0,1720.23,172.02,189.23,2081.48,874.22,2955.7
PAY-2026-2255,CAND-1263,MISS-10382,2026-02-04,35.0,1565.12,156.51,172.16,1893.8,795.4,2689.2
PAY-2026-2256,CAND-1457,MISS-11612,2025-02-08,70.0,2910.62,291.06,320.17,3521.84,1479.17,5001.02
PAY-2026-2257,CAND-1180,MISS-10324,2026-01-20,70.0,3950.16,395.02,434.52,4779.69,2007.47,6787.16
PAY-2026-2258,CAND-1080,MISS-13225,2024-10-11,17.5,1294.77,129.48,142.42,1566.67,658.0,2224.67
PAY-2026-2259,CAND-1372,MISS-12705,2024-07-30,70.0,4311.64,431.16,474.28,5217.08,2191.17,7408.25
PAY-2026-2260,CAND-1412,MISS-12299,2024-09-24,210.0,9117.12,911.71,1002.88,11031.72,4633.32,15665.04
PAY-2026-2261,CAND-1104,MISS-10893,2026-07-01,315.0,23565.51,2356.55,2592.21,28514.27,11975.99,40490.26
PAY-2026-2262,CAND-1152,MISS-12926,2024-11-11,630.0,36136.07,3613.61,3974.97,43724.65,18364.35,62089.0
PAY-2026-2263,CAND-1497,MISS-12135,2025-05-13,35.0,2495.0,249.5,274.45,3018.96,1267.96,4286.92
PAY-2026-2264,CAND-1387,MISS-13496,2025-10-09,17.5,1258.1,125.81,138.39,1522.3,639.37,2161.67
PAY-2026-2265,CAND-1419,MISS-13397,2025-05-20,35.0,1209.02,120.9,132.99,1462.91,614.42,2077.33
PAY-2026-2266,CAND-1443,MISS-10845,2026-04-19,17.5,836.32,83.63,91.99,1011.94,425.02,1436.96
PAY-2026-2267,CAND-1085,MISS-11524,2025-06-19,210.0,8542.32,854.23,939.66,10336.21,4341.21,14677.41
PAY-2026-2268,CAND-1279,MISS-10057,2025-05-13,210.0,8159.78,815.98,897.58,9873.33,4146.8,14020.13
PAY-2026-2269,CAND-1368,MISS-12329,2025-07-09,630.0,24050.88,2405.09,2645.6,29101.57,12222.66,41324.23
PAY-2026-2270,CAND-1014,MISS-11930,2025-11-14,630.0,28625.02,2862.5,3148.75,34636.27,14547.24,49183.51
PAY-2026-2271,CAND-1460,MISS-12748,2025-12-01,70.0,2733.94,273.39,300.73,3308.07,1389.39,4697.46
PAY-2026-2272,CAND-1317,MISS-10488,2024-03-16,70.0,4149.06,414.91,456.4,5020.37,2108.55,7128.92
PAY-2026-2273,CAND-1391,MISS-12874,2025-09-03,35.0,1745.27,174.53,191.98,2111.78,886.95,2998.72
PAY-2026-2274,CAND-1452,MISS-11091,2026-07-10,70.0,3297.46,329.75,362.72,3989.92,1675.77,5665.69
PAY-2026-2275,CAND-1056,MISS-12284,2025-09-28,35.0,1872.82,187.28,206.01,2266.12,951.77,3217.89
PAY-2026-2276,CAND-1034,MISS-13352,2025-01-15,210.0,7234.48,723.45,795.79,8753.71,3676.56,12430.27
PAY-2026-2277,CAND-1350,MISS-10833,2024-07-03,17.5,591.11,59.11,65.02,715.24,300.4,1015.65
PAY-2026-2278,CAND-1036,MISS-10192,2026-04-20,70.0,5161.69,516.17,567.79,6245.64,2623.17,8868.81
PAY-2026-2279,CAND-1221,MISS-12147,2026-07-08,315.0,18464.4,1846.44,2031.08,22341.92,9383.61,31725.53
PAY-2026-2280,CAND-1052,MISS-12306,2024-08-16,315.0,18487.0,1848.7,2033.57,22369.27,9395.09,31764.36
PAY-2026-2281,CAND-1372,MISS-11575,2025-01-31,210.0,14789.6,1478.96,1626.86,17895.42,7516.07,25411.49
PAY-2026-2282,CAND-1449,MISS-12361,2025-12-27,315.0,11931.91,1193.19,1312.51,14437.61,6063.8,20501.41
PAY-2026-2283,CAND-1189,MISS-10054,2024-03-18,630.0,43595.16,4359.52,4795.47,52750.14,22155.06,74905.2
PAY-2026-2284,CAND-1403,MISS-10239,2025-08-02,70.0,5025.0,502.5,552.75,6080.25,2553.7,8633.96
PAY-2026-2285,CAND-1300,MISS-12842,2024-08-04,35.0,1536.2,153.62,168.98,1858.8,780.69,2639.49
PAY-2026-2286,CAND-1283,MISS-10880,2026-01-03,35.0,2093.67,209.37,230.3,2533.34,1064.0,3597.34
PAY-2026-2287,CAND-1098,MISS-13093,2025-02-06,35.0,1973.22,197.32,217.05,2387.59,1002.79,3390.38
PAY-2026-2288,CAND-1331,MISS-11249,2025-01-22,210.0,10994.36,1099.44,1209.38,13303.18,5587.33,18890.51
PAY-2026-2289,CAND-1228,MISS-11248,2025-09-03,210.0,10922.54,1092.25,1201.48,13216.27,5550.83,18767.11
PAY-2026-2290,CAND-1173,MISS-11727,2024-11-10,70.0,3377.38,337.74,371.51,4086.62,1716.38,5803.01
PAY-2026-2291,CAND-1120,MISS-12493,2025-02-22,630.0,43977.39,4397.74,4837.51,53212.64,22349.31,75561.95
PAY-2026-2292,CAND-1257,MISS-10713,2025-10-28,35.0,2081.74,208.17,228.99,2518.91,1057.94,3576.85
PAY-2026-2293,CAND-1086,MISS-12204,2025-02-12,35.0,1101.43,110.14,121.16,1332.73,559.75,1892.48
PAY-2026-2294,CAND-1447,MISS-10285,2026-02-28,35.0,1400.6,140.06,154.07,1694.73,711.78,2406.51
PAY-2026-2295,CAND-1111,MISS-12895,2026-03-28,17.5,1075.96,107.6,118.36,1301.92,546.81,1848.72
PAY-2026-2296,CAND-1094,MISS-10849,2025-01-21,315.0,23051.22,2305.12,2535.63,27891.98,11714.63,39606.61
PAY-2026-2297,CAND-1331,MISS-12640,2026-01-18,210.0,11671.02,1167.1,1283.81,14121.93,5931.21,20053.15
PAY-2026-2298,CAND-1214,MISS-10652,2025-02-28,70.0,2955.92,295.59,325.15,3576.66,1502.2,5078.86
PAY-2026-2299,CAND-1434,MISS-11658,2025-07-17,70.0,4462.24,446.22,490.85,5399.32,2267.71,7667.03
PAY-2026-2300,CAND-1321,MISS-13171,2024-11-12,35.0,1428.08,142.81,157.09,1727.98,725.75,2453.74
PAY-2026-2301,CAND-1266,MISS-11582,2024-02-05,210.0,6680.39,668.04,734.84,8083.27,3394.97,11478.25
PAY-2026-2302,CAND-1101,MISS-10494,2025-06-06,17.5,734.26,73.43,80.77,888.45,373.15,1261.6
PAY-2026-2303,CAND-1043,MISS-12170,2026-04-03,70.0,3099.92,309.99,340.99,3750.9,1575.38,5326.28
PAY-2026-2304,CAND-1211,MISS-10810,2025-02-12,630.0,46007.62,4600.76,5060.84,55669.23,23381.08,79050.3
PAY-2026-2305,CAND-1121,MISS-12893,2024-11-10,70.0,3793.82,379.38,417.32,4590.52,1928.02,6518.54
PAY-2026-2306,CAND-1106,MISS-11403,2025-11-05,315.0,21702.84,2170.28,2387.31,26260.44,11029.38,37289.82
PAY-2026-2307,CAND-1317,MISS-10170,2025-12-06,210.0,7807.02,780.7,858.77,9446.49,3967.53,13414.02
PAY-2026-2308,CAND-1342,MISS-12964,2026-05-23,70.0,4730.78,473.08,520.39,5724.25,2404.18,8128.43
PAY-2026-2309,CAND-1126,MISS-13292,2025-09-13,315.0,14468.26,1446.83,1591.51,17506.6,7352.77,24859.37
PAY-2026-2310,CAND-1026,MISS-12124,2025-11-17,70.0,3392.76,339.28,373.2,4105.23,1724.2,5829.43
PAY-2026-2311,CAND-1363,MISS-11267,2024-11-17,70.0,5094.79,509.48,560.43,6164.7,2589.17,8753.87
PAY-2026-2312,CAND-1096,MISS-12753,2024-08-04,210.0,9842.8,984.28,1082.71,11909.78,5002.11,16911.89
PAY-2026-2313,CAND-1048,MISS-10142,2024-10-14,70.0,2644.94,264.49,290.94,3200.38,1344.16,4544.54
PAY-2026-2314,CAND-1338,MISS-10365,2025-01-11,210.0,7120.82,712.08,783.29,8616.2,3618.8,12235.0
PAY-2026-2315,CAND-1345,MISS-10179,2024-12-30,35.0,1133.74,113.37,124.71,1371.83,576.17,1947.99
PAY-2026-2316,CAND-1244,MISS-12088,2026-01-10,210.0,8995.03,899.5,989.45,10883.99,4571.27,15455.26
PAY-2026-2317,CAND-1278,MISS-11525,2025-05-06,70.0,2631.76,263.18,289.49,3184.43,1337.46,4521.89
PAY-2026-2318,CAND-1150,MISS-11378,2026-04-23,17.5,1124.27,112.43,123.67,1360.37,571.35,1931.72
PAY-2026-2319,CAND-1163,MISS-12635,2024-06-05,35.0,2414.1,241.41,265.55,2921.06,1226.85,4147.91
PAY-2026-2320,CAND-1047,MISS-10792,2024-04-19,70.0,3679.45,367.94,404.74,4452.13,1869.9,6322.03
PAY-2026-2321,CAND-1074,MISS-10176,2025-12-31,210.0,12835.06,1283.51,1411.86,15530.42,6522.78,22053.2
PAY-2026-2322,CAND-1381,MISS-11958,2024-12-10,70.0,4472.01,447.2,491.92,5411.13,2272.68,7683.81
PAY-2026-2323,CAND-1196,MISS-10228,2024-04-14,70.0,2352.6,235.26,258.79,2846.65,1195.59,4042.25
PAY-2026-2324,CAND-1068,MISS-12331,2025-03-03,70.0,2771.08,277.11,304.82,3353.01,1408.26,4761.27
PAY-2026-2325,CAND-1091,MISS-10808,2026-03-21,35.0,1275.72,127.57,140.33,1543.63,648.32,2191.95
PAY-2026-2326,CAND-1130,MISS-10190,2025-09-07,35.0,1573.32,157.33,173.07,1903.72,799.56,2703.29
PAY-2026-2327,CAND-1307,MISS-12367,2025-02-06,70.0,4409.32,440.93,485.03,5335.28,2240.82,7576.09
PAY-2026-2328,CAND-1446,MISS-11559,2025-07-29,315.0,21681.37,2168.14,2384.95,26234.46,11018.47,37252.93
PAY-2026-2329,CAND-1131,MISS-11744,2026-01-23,35.0,2136.28,213.63,234.99,2584.89,1085.65,3670.55
PAY-2026-2330,CAND-1319,MISS-10686,2025-02-04,70.0,3294.55,329.46,362.4,3986.41,1674.29,5660.7
PAY-2026-2331,CAND-1072,MISS-11549,2026-02-21,315.0,16520.52,1652.05,1817.26,19989.82,8395.73,28385.55
PAY-2026-2332,CAND-1255,MISS-10572,2025-09-16,35.0,1886.5,188.65,207.52,2282.66,958.72,3241.38
PAY-2026-2333,CAND-1147,MISS-10603,2024-02-08,35.0,1261.46,126.15,138.76,1526.37,641.07,2167.44
PAY-2026-2334,CAND-1210,MISS-10894,2025-01-29,210.0,10838.59,1083.86,1192.24,13114.69,5508.17,18622.87
PAY-2026-2335,CAND-1150,MISS-12689,2025-06-25,210.0,9349.2,934.92,1028.41,11312.54,4751.27,16063.8
PAY-2026-2336,CAND-1487,MISS-10482,2024-08-21,35.0,1296.51,129.65,142.62,1568.78,658.89,2227.66
PAY-2026-2337,CAND-1085,MISS-12412,2024-03-16,70.0,4823.72,482.37,530.61,5836.7,2451.41,8288.11
PAY-2026-2338,CAND-1402,MISS-12166,2025-09-24,35.0,1087.67,108.77,119.64,1316.08,552.75,1868.83
PAY-2026-2339,CAND-1338,MISS-11734,2026-08-04,35.0,2084.42,208.44,229.29,2522.15,1059.3,3581.45
PAY-2026-2340,CAND-1446,MISS-13007,2024-06-04,35.0,1237.38,123.74,136.11,1497.23,628.84,2126.07
PAY-2026-2341,CAND-1151,MISS-12134,2024-11-05,35.0,1826.62,182.66,200.93,2210.21,928.29,3138.5
PAY-2026-2342,CAND-1228,MISS-13020,2025-07-04,17.5,755.16,75.52,83.07,913.74,383.77,1297.51
PAY-2026-2343,CAND-1335,MISS-10196,2025-08-17,70.0,3125.09,312.51,343.76,3781.36,1588.17,5369.53
PAY-2026-2344,CAND-1343,MISS-11149,2026-08-16,17.5,1016.57,101.66,111.82,1230.05,516.62,1746.67
PAY-2026-2345,CAND-1400,MISS-13475,2026-01-27,210.0,12886.5,1288.65,1417.51,15592.66,6548.92,22141.58
PAY-2026-2346,CAND-1410,MISS-13192,2024-05-07,35.0,2059.35,205.94,226.53,2491.81,1046.56,3538.38
PAY-2026-2347,CAND-1481,MISS-11359,2025-12-30,210.0,7726.92,772.69,849.96,9349.57,3926.82,13276.39
PAY-2026-2348,CAND-1112,MISS-10932,2024-02-06,210.0,6435.6,643.56,707.92,7787.07,3270.57,11057.64
PAY-2026-2349,CAND-1394,MISS-10418,2025-08-30,630.0,36683.15,3668.32,4035.15,44386.61,18642.38,63028.99
PAY-2026-2350,CAND-1155,MISS-12720,2025-04-08,17.5,889.61,88.96,97.86,1076.43,452.1,1528.53
PAY-2026-2351,CAND-1140,MISS-12062,2026-02-25,35.0,2073.67,207.37,228.1,2509.14,1053.84,3562.98
PAY-2026-2352,CAND-1186,MISS-12987,2026-06-18,210.0,15580.75,1558.08,1713.88,18852.71,7918.14,26770.84
PAY-2026-2353,CAND-1127,MISS-10513,2025-01-10,70.0,2974.31,297.43,327.17,3598.92,1511.54,5110.46
PAY-2026-2354,CAND-1480,MISS-11353,2025-06-09,35.0,1384.18,138.42,152.26,1674.86,703.44,2378.3
PAY-2026-2355,CAND-1221,MISS-11330,2025-04-28,630.0,22538.05,2253.8,2479.19,27271.04,11453.84,38724.88
PAY-2026-2356,CAND-1281,MISS-11743,2024-12-29,70.0,2445.22,244.52,268.97,2958.71,1242.66,4201.37
PAY-2026-2357,CAND-1049,MISS-11255,2025-01-31,210.0,13404.48,1340.45,1474.49,16219.43,6812.16,23031.59
PAY-2026-2358,CAND-1455,MISS-13019,2026-01-18,35.0,1340.94,134.09,147.5,1622.54,681.47,2304.01
PAY-2026-2359,CAND-1163,MISS-12635,2024-06-05,35.0,2414.1,241.41,265.55,2921.06,1226.85,4147.91
PAY-2026-2360,CAND-1350,MISS-12207,2026-04-30,210.0,13069.82,1306.98,1437.68,15814.49,6642.09,22456.57
PAY-2026-2361,CAND-1147,MISS-10905,2026-08-23,35.0,2032.69,203.27,223.6,2459.55,1033.01,3492.57
PAY-2026-2362,CAND-1472,MISS-10909,2026-04-26,70.0,3573.38,357.34,393.07,4323.8,1815.99,6139.79
PAY-2026-2363,CAND-1226,MISS-10756,2026-04-14,210.0,8665.92,866.59,953.25,10485.77,4404.02,14889.79
PAY-2026-2364,CAND-1387,MISS-13496,2025-10-09,17.5,1258.1,125.81,138.39,1522.3,639.37,2161.67
PAY-2026-2365,CAND-1334,MISS-10594,2024-02-06,210.0,12750.26,1275.03,1402.53,15427.81,6479.68,21907.49
PAY-2026-2366,CAND-1007,MISS-10413,2026-03-10,70.0,4316.15,431.62,474.78,5222.54,2193.47,7416.01
PAY-2026-2367,CAND-1024,MISS-11449,2026-06-13,70.0,4548.37,454.84,500.32,5503.53,2311.48,7815.01
PAY-2026-2368,CAND-1377,MISS-11370,2026-06-29,35.0,1691.14,169.11,186.03,2046.28,859.44,2905.72
PAY-2026-2369,CAND-1180,MISS-12182,2025-09-28,35.0,1212.02,121.2,133.32,1466.54,615.95,2082.49
PAY-2026-2370,CAND-1484,MISS-10950,2024-03-28,315.0,17617.63,1761.76,1937.94,21317.33,8953.28,30270.61
PAY-2026-2371,CAND-1471,MISS-10638,2024-08-26,70.0,4473.6,447.36,492.1,5413.06,2273.49,7686.55
PAY-2026-2372,CAND-1098,MISS-12547,2025-10-28,315.0,9526.04,952.6,1047.86,11526.51,4841.13,16367.64
PAY-2026-2373,CAND-1261,MISS-12005,2026-03-26,17.5,834.02,83.4,91.74,1009.17,423.85,1433.02
PAY-2026-2374,CAND-1021,MISS-12846,2024-10-16,315.0,13578.56,1357.86,1493.64,16430.05,6900.62,23330.67
PAY-2026-2375,CAND-1104,MISS-12601,2025-06-04,70.0,2861.91,286.19,314.81,3462.91,1454.42,4917.33
PAY-2026-2376,CAND-1268,MISS-12149,2026-04-10,35.0,1672.86,167.29,184.02,2024.17,850.15,2874.32
PAY-2026-2377,CAND-1075,MISS-11216,2024-06-17,70.0,3492.33,349.23,384.16,4225.72,1774.8,6000.52
PAY-2026-2378,CAND-1246,MISS-12152,2024-09-11,315.0,20975.94,2097.59,2307.35,25380.89,10659.98,36040.87
PAY-2026-2379,CAND-1029,MISS-10665,2024-04-23,17.5,884.95,88.5,97.34,1070.79,449.73,1520.52
PAY-2026-2380,CAND-1076,MISS-12030,2026-08-02,210.0,8245.12,824.51,906.96,9976.59,4190.17,14166.76
PAY-2026-2381,CAND-1396,MISS-10895,2024-03-25,210.0,8738.68,873.87,961.26,10573.81,4441.0,15014.81
PAY-2026-2382,CAND-1226,MISS-11937,2026-04-12,17.5,559.42,55.94,61.54,676.9,284.3,961.2
PAY-2026-2383,CAND-1358,MISS-13331,2026-04-17,630.0,40438.36,4043.84,4448.22,48930.41,20550.77,69481.18
PAY-2026-2384,CAND-1453,MISS-11952,2024-11-03,210.0,15304.25,1530.43,1683.47,18518.14,7777.62,26295.76
PAY-2026-2385,CAND-1476,MISS-11959,2024-12-25,315.0,22444.9,2244.49,2468.94,27158.32,11406.5,38564.82
PAY-2026-2386,CAND-1141,MISS-11097,2026-04-06,210.0,12015.68,1201.57,1321.72,14538.97,6106.37,20645.33
PAY-2026-2387,CAND-1344,MISS-12289,2024-02-05,70.0,2868.0,286.8,315.48,3470.28,1457.52,4927.8
PAY-2026-2388,CAND-1377,MISS-13109,2024-03-31,35.0,2294.49,229.45,252.39,2776.33,1166.06,3942.39
PAY-2026-2389,CAND-1234,MISS-12231,2026-03-26,35.0,2125.17,212.52,233.77,2571.46,1080.01,3651.47
PAY-2026-2390,CAND-1360,MISS-11528,2025-02-04,210.0,6857.3,685.73,754.3,8297.33,3484.88,11782.21
PAY-2026-2391,CAND-1275,MISS-12751,2024-09-20,315.0,19466.92,1946.69,2141.36,23554.98,9893.09,33448.07
PAY-2026-2392,CAND-1387,MISS-12726,2024-10-22,630.0,21873.38,2187.34,2406.07,26466.8,11116.05,37582.85
PAY-2026-2393,CAND-1132,MISS-13060,2024-10-01,70.0,2634.08,263.41,289.75,3187.24,1338.64,4525.88
PAY-2026-2394,CAND-1353,MISS-12764,2025-05-11,35.0,2498.76,249.88,274.86,3023.5,1269.87,4293.37
PAY-2026-2395,CAND-1261,MISS-12611,2025-10-16,315.0,14058.5,1405.85,1546.43,17010.78,7144.53,24155.31
PAY-2026-2396,CAND-1357,MISS-11568,2026-06-15,210.0,12185.32,1218.53,1340.39,14744.24,6192.58,20936.83
PAY-2026-2397,CAND-1309,MISS-12013,2025-03-20,630.0,23811.32,2381.13,2619.25,28811.7,12100.91,40912.61
PAY-2026-2398,CAND-1296,MISS-12148,2024-08-20,35.0,2602.66,260.27,286.29,3149.22,1322.67,4471.9
PAY-2026-2399,CAND-1080,MISS-10320,2024-05-16,630.0,40980.77,4098.08,4507.88,49586.73,20826.43,70413.16
PAY-2026-2400,CAND-1452,MISS-12324,2025-03-29,70.0,2873.33,287.33,316.07,3476.73,1460.23,4936.96
PAY-2026-2401,CAND-1219,MISS-12853,2026-06-03,315.0,22179.9,2217.99,2439.79,26837.69,11271.83,38109.51
PAY-2026-2402,CAND-1280,MISS-12674,2026-06-14,210.0,14016.54,1401.65,1541.82,16960.02,7123.21,24083.23
PAY-2026-2403,CAND-1208,MISS-11303,2025-02-06,35.0,2430.76,243.08,267.38,2941.21,1235.31,4176.52
PAY-2026-2404,CAND-1144,MISS-12455,2026-02-12,70.0,4528.85,452.89,498.17,5479.91,2301.56,7781.48
PAY-2026-2405,CAND-1170,MISS-10181,2026-05-30,35.0,1108.29,110.83,121.91,1341.02,563.23,1904.26
PAY-2026-2406,CAND-1252,MISS-12348,2026-03-30,70.0,2888.72,288.87,317.76,3495.35,1468.05,4963.4
PAY-2026-2407,CAND-1354,MISS-11041,2026-04-15,210.0,14736.9,1473.69,1621.06,17831.65,7489.29,25320.94
PAY-2026-2408,CAND-1037,MISS-12734,2025-07-11,630.0,30784.16,3078.42,3386.26,37248.83,15644.51,52893.34
PAY-2026-2409,CAND-1169,MISS-11634,2025-04-30,315.0,11955.42,1195.54,1315.1,14466.06,6075.74,20541.8
PAY-2026-2410,CAND-1179,MISS-12437,2025-07-25,630.0,25941.62,2594.16,2853.58,31389.35,13183.53,44572.88
PAY-2026-2411,CAND-1247,MISS-10454,2026-08-27,35.0,1303.66,130.37,143.4,1577.43,662.52,2239.96
PAY-2026-2412,CAND-1293,MISS-10386,2024-02-15,70.0,4511.49,451.15,496.26,5458.9,2292.74,7751.64
PAY-2026-2413,CAND-1278,MISS-12040,2025-05-31,17.5,1070.76,107.08,117.78,1295.62,544.16,1839.78
PAY-2026-2414,CAND-1400,MISS-11945,2024-06-07,630.0,28984.7,2898.47,3188.32,35071.48,14730.02,49801.5
PAY-2026-2415,CAND-1093,MISS-10051,2026-07-06,35.0,1443.96,144.4,158.84,1747.19,733.82,2481.01
PAY-2026-2416,CAND-1234,MISS-10853,2026-05-21,630.0,41945.4,4194.54,4613.99,50753.93,21316.65,72070.59
PAY-2026-2417,CAND-1352,MISS-10898,2025-08-16,17.5,1076.72,107.67,118.44,1302.84,547.19,1850.03
PAY-2026-2418,CAND-1173,MISS-13321,2026-06-23,630.0,37463.33,3746.33,4120.97,45330.63,19038.86,64369.49
PAY-2026-2419,CAND-1451,MISS-13229,2026-01-24,70.0,2629.99,263.0,289.3,3182.29,1336.56,4518.85
PAY-2026-2420,CAND-1128,MISS-11850,2026-07-03,210.0,11339.78,1133.98,1247.38,13721.14,5762.88,19484.02
PAY-2026-2421,CAND-1341,MISS-13056,2025-10-09,70.0,2269.99,227.0,249.7,2746.69,1153.61,3900.3
PAY-2026-2422,CAND-1342,MISS-13439,2024-08-12,70.0,2623.07,262.31,288.54,3173.91,1333.04,4506.96
PAY-2026-2423,CAND-1017,MISS-13309,2025-10-25,70.0,3307.14,330.71,363.78,4001.63,1680.69,5682.32
PAY-2026-2424,CAND-1266,MISS-11752,2026-05-27,70.0,2545.11,254.51,279.96,3079.58,1293.42,4373.01
PAY-2026-2425,CAND-1390,MISS-12119,2024-05-17,35.0,1280.27,128.03,140.83,1549.13,650.63,2199.76
PAY-2026-2426,CAND-1070,MISS-12570,2024-03-20,17.5,594.56,59.46,65.4,719.42,302.16,1021.57
PAY-2026-2427,CAND-1281,MISS-12796,2026-08-16,35.0,1565.56,156.56,172.21,1894.33,795.62,2689.95
PAY-2026-2428,CAND-1364,MISS-12465,2025-09-04,35.0,1966.96,196.7,216.37,2380.03,999.61,3379.64
PAY-2026-2429,CAND-1325,MISS-10580,2024-03-03,70.0,4247.36,424.74,467.21,5139.31,2158.51,7297.82
PAY-2026-2430,CAND-1322,MISS-12023,2026-05-01,210.0,13183.78,1318.38,1450.22,15952.37,6699.99,22652.36
PAY-2026-2431,CAND-1312,MISS-10689,2026-05-13,315.0,15679.04,1567.9,1724.69,18971.64,7968.09,26939.74
PAY-2026-2432,CAND-1404,MISS-11542,2025-06-07,35.0,1487.59,148.76,163.63,1799.98,755.99,2555.98
PAY-2026-2433,CAND-1364,MISS-12465,2025-09-04,35.0,1966.96,196.7,216.37,2380.03,999.61,3379.64
PAY-2026-2434,CAND-1452,MISS-10858,2024-02-11,35.0,1776.78,177.68,195.45,2149.91,902.96,3052.87
PAY-2026-2435,CAND-1314,MISS-13147,2025-12-02,210.0,10669.54,1066.95,1173.65,12910.14,5422.26,18332.4
PAY-2026-2436,CAND-1023,MISS-12016,2026-06-24,35.0,1347.78,134.78,148.26,1630.82,684.94,2315.76
PAY-2026-2437,CAND-1440,MISS-12891,2025-02-27,17.5,585.1,58.51,64.36,707.97,297.35,1005.32
PAY-2026-2438,CAND-1013,MISS-12236,2024-02-03,315.0,11297.74,1129.77,1242.75,13670.27,5741.51,19411.79
PAY-2026-2439,CAND-1088,MISS-12522,2026-05-26,35.0,1783.7,178.37,196.21,2158.27,906.47,3064.74
PAY-2026-2440,CAND-1363,MISS-11417,2024-11-03,70.0,2548.06,254.81,280.29,3083.15,1294.92,4378.08
PAY-2026-2441,CAND-1157,MISS-12438,2026-07-07,210.0,10730.8,1073.08,1180.39,12984.26,5453.39,18437.65
PAY-2026-2442,CAND-1092,MISS-13136,2024-02-27,35.0,2379.3,237.93,261.72,2878.95,1209.16,4088.1
PAY-2026-2443,CAND-1063,MISS-12321,2026-06-17,17.5,761.1,76.11,83.72,920.93,386.79,1307.72
PAY-2026-2444,CAND-1451,MISS-12876,2026-01-15,210.0,11078.1,1107.81,1218.59,13404.5,5629.89,19034.39
PAY-2026-2445,CAND-1388,MISS-11390,2025-07-05,210.0,13659.57,1365.96,1502.55,16528.08,6941.79,23469.87
PAY-2026-2446,CAND-1203,MISS-10064,2025-10-03,210.0,6895.04,689.5,758.45,8343.0,3504.06,11847.07
PAY-2026-2447,CAND-1121,MISS-12376,2026-03-04,17.5,1192.19,119.22,131.14,1442.55,605.87,2048.42
PAY-2026-2448,CAND-1237,MISS-11541,2025-04-25,630.0,19487.28,1948.73,2143.6,23579.61,9903.44,33483.05
PAY-2026-2449,CAND-1162,MISS-13403,2025-02-03,630.0,29261.52,2926.15,3218.77,35406.45,14870.71,50277.15
PAY-2026-2450,CAND-1279,MISS-10057,2025-05-13,210.0,8159.78,815.98,897.58,9873.33,4146.8,14020.13
PAY-2026-2451,CAND-1220,MISS-13113,2026-04-15,210.0,13112.4,1311.24,1442.36,15866.0,6663.72,22529.72
PAY-2026-2452,CAND-1100,MISS-10308,2024-09-14,70.0,3242.4,324.24,356.66,3923.3,1647.79,5571.09
PAY-2026-2453,CAND-1153,MISS-10758,2024-07-17,210.0,8568.85,856.89,942.57,10368.31,4354.69,14723.0
PAY-2026-2454,CAND-1367,MISS-11804,2025-06-16,35.0,1895.5,189.55,208.51,2293.56,963.3,3256.86
PAY-2026-2455,CAND-1457,MISS-10329,2026-04-07,315.0,19719.04,1971.9,2169.09,23860.03,10021.21,33881.25
PAY-2026-2456,CAND-1276,MISS-10752,2026-04-22,210.0,13140.83,1314.08,1445.49,15900.4,6678.17,22578.57
PAY-2026-2457,CAND-1101,MISS-10654,2025-07-26,35.0,2421.52,242.15,266.37,2930.05,1230.62,4160.66
PAY-2026-2458,CAND-1373,MISS-12877,2026-03-25,630.0,32629.84,3262.98,3589.28,39482.11,16582.49,56064.6
PAY-2026-2459,CAND-1497,MISS-11693,2026-01-24,17.5,1182.51,118.25,130.08,1430.83,600.95,2031.78
PAY-2026-2460,CAND-1179,MISS-12918,2026-04-23,630.0,41282.53,4128.25,4541.08,49951.86,20979.78,70931.64
PAY-2026-2461,CAND-1201,MISS-11809,2025-03-22,70.0,3335.0,333.5,366.85,4035.35,1694.85,5730.2
PAY-2026-2462,CAND-1411,MISS-10121,2026-03-02,70.0,4907.57,490.76,539.83,5938.16,2494.03,8432.19
PAY-2026-2463,CAND-1305,MISS-11622,2024-05-03,35.0,1812.31,181.23,199.35,2192.9,921.02,3113.91
PAY-2026-2464,CAND-1436,MISS-10540,2024-07-09,35.0,1292.42,129.24,142.17,1563.83,656.81,2220.64
PAY-2026-2465,CAND-1410,MISS-13192,2024-05-07,35.0,2059.35,205.94,226.53,2491.81,1046.56,3538.38
PAY-2026-2466,CAND-1312,MISS-11835,2024-07-30,210.0,6787.36,678.74,746.61,8212.71,3449.34,11662.05
PAY-2026-2467,CAND-1303,MISS-12588,2025-11-15,210.0,12671.54,1267.15,1393.87,15332.56,6439.68,21772.24
PAY-2026-2468,CAND-1434,MISS-12587,2024-09-20,315.0,19124.74,1912.47,2103.72,23140.94,9719.2,32860.14
PAY-2026-2469,CAND-1088,MISS-10355,2024-08-11,210.0,12716.6,1271.66,1398.83,15387.09,6462.58,21849.66
PAY-2026-2470,CAND-1246,MISS-13452,2024-07-31,70.0,4004.42,400.44,440.49,4845.35,2035.05,6880.4
PAY-2026-2471,CAND-1386,MISS-11829,2026-05-23,210.0,6392.9,639.29,703.22,7735.42,3248.87,10984.29
PAY-2026-2472,CAND-1346,MISS-13120,2024-05-29,70.0,2344.35,234.44,257.88,2836.66,1191.4,4028.06
PAY-2026-2473,CAND-1491,MISS-10926,2024-12-24,70.0,3595.94,359.59,395.55,4351.09,1827.46,6178.54
PAY-2026-2474,CAND-1121,MISS-13102,2026-06-03,70.0,2279.2,227.92,250.71,2757.83,1158.29,3916.11
PAY-2026-2475,CAND-1011,MISS-12880,2026-06-18,70.0,3636.8,363.68,400.05,4400.53,1848.22,6248.76
PAY-2026-2476,CAND-1414,MISS-10258,2025-05-10,630.0,26615.1,2661.51,2927.66,32204.26,13525.79,45730.06
PAY-2026-2477,CAND-1019,MISS-10872,2025-08-14,35.0,1372.65,137.27,150.99,1660.91,697.58,2358.49
PAY-2026-2478,CAND-1220,MISS-12377,2024-09-02,70.0,4908.9,490.89,539.98,5939.77,2494.7,8434.47
PAY-2026-2479,CAND-1239,MISS-12596,2024-10-06,70.0,3329.78,332.98,366.28,4029.03,1692.19,5721.22
PAY-2026-2480,CAND-1185,MISS-12447,2025-08-31,35.0,1377.01,137.7,151.47,1666.18,699.8,2365.98
PAY-2026-2481,CAND-1065,MISS-13052,2026-04-12,210.0,7070.9,707.09,777.8,8555.79,3593.43,12149.22
PAY-2026-2482,CAND-1256,MISS-11768,2025-09-20,70.0,2113.11,211.31,232.44,2556.86,1073.88,3630.75
PAY-2026-2483,CAND-1149,MISS-11199,2025-12-06,17.5,1069.24,106.92,117.62,1293.79,543.39,1837.18
PAY-2026-2484,CAND-1385,MISS-11852,2024-07-31,315.0,17246.21,1724.62,1897.08,20867.91,8764.52,29632.44
PAY-2026-2485,CAND-1482,MISS-10149,2025-11-20,70.0,4970.88,497.09,546.8,6014.77,2526.2,8540.97
PAY-2026-2486,CAND-1411,MISS-11586,2024-04-24,35.0,1959.05,195.9,215.5,2370.45,995.59,3366.04
PAY-2026-2487,CAND-1049,MISS-12431,2024-05-27,70.0,4084.18,408.42,449.26,4941.85,2075.58,7017.43
PAY-2026-2488,CAND-1182,MISS-12506,2025-05-06,70.0,2270.3,227.03,249.73,2747.06,1153.77,3900.83
PAY-2026-2489,CAND-1448,MISS-10964,2025-08-15,210.0,8183.94,818.39,900.23,9902.56,4159.08,14061.64
PAY-2026-2490,CAND-1434,MISS-13108,2026-02-05,35.0,1553.64,155.36,170.9,1879.9,789.56,2669.46
PAY-2026-2491,CAND-1029,MISS-10327,2025-02-22,630.0,26657.19,2665.72,2932.29,32255.2,13547.18,45802.38
PAY-2026-2492,CAND-1077,MISS-13158,2025-08-16,35.0,2506.12,250.61,275.67,3032.41,1273.61,4306.02
PAY-2026-2493,CAND-1176,MISS-10271,2025-06-15,210.0,15475.57,1547.56,1702.31,18725.44,7864.68,26590.12
PAY-2026-2494,CAND-1245,MISS-11312,2025-07-29,210.0,14877.72,1487.77,1636.55,18002.04,7560.85,25562.89
PAY-2026-2495,CAND-1345,MISS-10453,2025-11-15,17.5,817.38,81.74,89.91,989.03,415.39,1404.42
PAY-2026-2496,CAND-1402,MISS-12395,2025-06-14,210.0,9604.71,960.47,1056.52,11621.7,4881.11,16502.81
PAY-2026-2497,CAND-1498,MISS-10475,2025-11-17,70.0,3931.9,393.19,432.51,4757.61,1998.19,6755.8
PAY-2026-2498,CAND-1202,MISS-12173,2024-10-14,210.0,13758.74,1375.87,1513.46,16648.08,6992.19,23640.27
PAY-2026-2499,CAND-1409,MISS-12006,2024-08-07,17.5,1072.38,107.24,117.96,1297.59,544.99,1842.57
PAY-2026-2500,CAND-1395,MISS-11166,2025-08-16,70.0,3323.08,332.31,365.54,4020.93,1688.79,5709.72
PAY-2026-2501,CAND-1405,MISS-11282,2024-06-09,70.0,4678.34,467.83,514.62,5660.8,2377.53,8038.33
PAY-2026-2502,CAND-1281,MISS-12796,2026-08-16,35.0,1565.56,156.56,172.21,1894.33,795.62,2689.95
PAY-2026-2503,CAND-1418,MISS-11371,2026-06-21,70.0,4244.08,424.41,466.85,5135.34,2156.84,7292.18
PAY-2026-2504,CAND-1367,MISS-12525,2025-05-21,70.0,4068.7,406.87,447.56,4923.13,2067.72,6990.85
PAY-2026-2505,CAND-1172,MISS-11863,2024-11-04,70.0,4421.2,442.12,486.33,5349.65,2246.85,7596.5
PAY-2026-2506,CAND-1410,MISS-12939,2026-04-12,17.5,1181.04,118.1,129.91,1429.06,600.2,2029.26
PAY-2026-2507,CAND-1005,MISS-12996,2026-07-14,70.0,5130.6,513.06,564.37,6208.03,2607.37,8815.41
PAY-2026-2508,CAND-1113,MISS-10759,2025-11-05,35.0,1823.38,182.34,200.57,2206.29,926.64,3132.93
PAY-2026-2509,CAND-1106,MISS-11403,2025-11-05,315.0,21702.84,2170.28,2387.31,26260.44,11029.38,37289.82
PAY-2026-2510,CAND-1313,MISS-12142,2025-02-16,210.0,14259.06,1425.91,1568.5,17253.47,7246.46,24499.93
PAY-2026-2511,CAND-1404,MISS-11225,2026-07-27,70.0,2264.59,226.46,249.1,2740.15,1150.86,3891.02
PAY-2026-2512,CAND-1191,MISS-11472,2025-05-30,315.0,15762.52,1576.25,1733.88,19072.64,8010.51,27083.15
PAY-2026-2513,CAND-1195,MISS-12962,2024-08-04,70.0,3925.38,392.54,431.79,4749.71,1994.88,6744.59
PAY-2026-2514,CAND-1098,MISS-13140,2026-05-13,210.0,8166.4,816.64,898.3,9881.34,4150.16,14031.5
PAY-2026-2515,CAND-1416,MISS-12307,2026-07-09,315.0,11378.02,1137.8,1251.58,13767.4,5782.31,19549.71
PAY-2026-2516,CAND-1345,MISS-13288,2025-08-24,35.0,1171.44,117.14,128.86,1417.44,595.33,2012.77
PAY-2026-2517,CAND-1212,MISS-10245,2026-04-12,70.0,3953.28,395.33,434.86,4783.47,2009.06,6792.53
PAY-2026-2518,CAND-1484,MISS-12828,2024-08-23,70.0,2839.64,283.96,312.36,3435.96,1443.1,4879.06
PAY-2026-2519,CAND-1205,MISS-10640,2024-05-22,210.0,8583.52,858.35,944.19,10386.06,4362.14,14748.2
PAY-2026-2520,CAND-1460,MISS-11621,2024-08-17,315.0,19906.98,1990.7,2189.77,24087.45,10116.73,34204.17
PAY-2026-2521,CAND-1491,MISS-12362,2024-04-26,630.0,41065.35,4106.54,4517.19,49689.07,20869.41,70558.48
PAY-2026-2522,CAND-1487,MISS-13106,2024-08-09,70.0,4328.02,432.8,476.08,5236.9,2199.5,7436.4
PAY-2026-2523,CAND-1120,MISS-12075,2026-08-19,315.0,18383.79,1838.38,2022.22,22244.39,9342.64,31587.03
PAY-2026-2524,CAND-1309,MISS-11415,2025-01-02,315.0,15809.52,1580.95,1739.05,19129.52,8034.4,27163.92
PAY-2026-2525,CAND-1130,MISS-12237,2026-04-15,35.0,2580.67,258.07,283.87,3122.61,1311.5,4434.11
PAY-2026-2526,CAND-1236,MISS-10649,2026-03-30,315.0,12977.6,1297.76,1427.54,15702.9,6595.22,22298.11
PAY-2026-2527,CAND-1174,MISS-11777,2026-01-12,35.0,1617.18,161.72,177.89,1956.79,821.85,2778.65
PAY-2026-2528,CAND-1024,MISS-13305,2025-11-08,70.0,4243.23,424.32,466.76,5134.31,2156.41,7290.72
PAY-2026-2529,CAND-1060,MISS-13441,2024-03-19,17.5,532.22,53.22,58.54,643.99,270.47,914.46
PAY-2026-2530,CAND-1401,MISS-10246,2026-03-26,210.0,13028.76,1302.88,1433.16,15764.81,6621.22,22386.02
PAY-2026-2531,CAND-1167,MISS-12050,2026-01-01,17.5,733.35,73.34,80.67,887.35,372.69,1260.04
PAY-2026-2532,CAND-1065,MISS-10330,2025-07-23,630.0,38964.18,3896.42,4286.06,47146.65,19801.59,66948.25
PAY-2026-2533,CAND-1167,MISS-12914,2025-05-26,210.0,14342.28,1434.23,1577.65,17354.15,7288.74,24642.9
PAY-2026-2534,CAND-1096,MISS-12753,2024-08-04,210.0,9842.8,984.28,1082.71,11909.78,5002.11,16911.89
PAY-2026-2535,CAND-1250,MISS-11104,2026-01-25,315.0,16661.76,1666.18,1832.79,20160.74,8467.51,28628.24
PAY-2026-2536,CAND-1071,MISS-11325,2024-10-21,630.0,41109.17,4110.92,4522.01,49742.1,20891.68,70633.78
PAY-2026-2537,CAND-1420,MISS-12654,2024-09-22,315.0,15593.83,1559.38,1715.32,18868.53,7924.78,26793.32
PAY-2026-2538,CAND-1261,MISS-11506,2024-11-15,315.0,19620.23,1962.02,2158.23,23740.48,9971.0,33711.48
PAY-2026-2539,CAND-1352,MISS-12650,2025-02-11,70.0,3974.62,397.46,437.21,4809.28,2019.9,6829.18
PAY-2026-2540,CAND-1372,MISS-11575,2025-01-31,210.0,14789.6,1478.96,1626.86,17895.42,7516.07,25411.49
PAY-2026-2541,CAND-1058,MISS-13286,2025-08-06,315.0,23544.25,2354.43,2589.87,28488.54,11965.19,40453.73
PAY-2026-2542,CAND-1452,MISS-10012,2026-01-29,210.0,6463.37,646.34,710.97,7820.68,3284.68,11105.36
PAY-2026-2543,CAND-1238,MISS-10634,2025-07-03,17.5,1236.8,123.68,136.05,1496.53,628.54,2125.07
PAY-2026-2544,CAND-1356,MISS-10108,2025-11-24,210.0,15696.75,1569.68,1726.64,18993.07,7977.09,26970.16
PAY-2026-2545,CAND-1037,MISS-12193,2026-03-10,70.0,4237.01,423.7,466.07,5126.78,2153.25,7280.03
PAY-2026-2546,CAND-1104,MISS-10890,2025-02-13,70.0,4381.07,438.11,481.92,5301.09,2226.46,7527.55
PAY-2026-2547,CAND-1071,MISS-10078,2025-02-12,210.0,14419.66,1441.97,1586.16,17447.78,7328.07,24775.85
PAY-2026-2548,CAND-1442,MISS-11242,2025-05-15,70.0,4578.76,457.88,503.66,5540.29,2326.92,7867.22
PAY-2026-2549,CAND-1489,MISS-13090,2025-12-18,630.0,22434.18,2243.42,2467.76,27145.36,11401.05,38546.41
PAY-2026-2550,CAND-1095,MISS-12900,2025-10-16,315.0,9681.64,968.16,1064.98,11714.79,4920.21,16635.0
PAY-2026-2551,CAND-1120,MISS-11961,2025-03-25,70.0,2365.39,236.54,260.19,2862.12,1202.09,4064.21
PAY-2026-2552,CAND-1092,MISS-12195,2025-01-23,70.0,3163.34,316.33,347.97,3827.65,1607.61,5435.26
PAY-2026-2553,CAND-1051,MISS-12698,2025-09-07,210.0,8800.09,880.01,968.01,10648.11,4472.21,15120.32
PAY-2026-2554,CAND-1196,MISS-11481,2026-04-28,210.0,8711.58,871.16,958.27,10541.01,4427.22,14968.23
PAY-2026-2555,CAND-1135,MISS-10657,2024-12-07,70.0,3099.98,310.0,341.0,3750.98,1575.41,5326.39
PAY-2026-2556,CAND-1035,MISS-11678,2025-05-15,17.5,567.06,56.71,62.38,686.14,288.18,974.32
PAY-2026-2557,CAND-1012,MISS-10761,2025-12-17,210.0,12898.12,1289.81,1418.79,15606.73,6554.83,22161.56
PAY-2026-2558,CAND-1353,MISS-12185,2024-10-30,70.0,2633.4,263.34,289.67,3186.42,1338.3,4524.72
PAY-2026-2559,CAND-1277,MISS-11794,2025-01-24,210.0,14555.65,1455.56,1601.12,17612.34,7397.18,25009.52
PAY-2026-2560,CAND-1104,MISS-11142,2024-02-04,210.0,6582.98,658.3,724.13,7965.41,3345.47,11310.88
PAY-2026-2561,CAND-1491,MISS-10254,2025-01-24,210.0,10551.68,1055.17,1160.69,12767.54,5362.37,18129.91
PAY-2026-2562,CAND-1104,MISS-11142,2024-02-04,210.0,6582.98,658.3,724.13,7965.41,3345.47,11310.88
PAY-2026-2563,CAND-1033,MISS-10700,2025-06-21,70.0,2870.94,287.09,315.8,3473.84,1459.01,4932.86
PAY-2026-2564,CAND-1314,MISS-13147,2025-12-02,210.0,10669.54,1066.95,1173.65,12910.14,5422.26,18332.4
PAY-2026-2565,CAND-1194,MISS-10966,2025-06-23,210.0,8777.33,877.73,965.51,10620.57,4460.64,15081.21
PAY-2026-2566,CAND-1489,MISS-12120,2025-09-01,210.0,13447.82,1344.78,1479.26,16271.86,6834.18,23106.04
PAY-2026-2567,CAND-1234,MISS-10538,2025-12-05,210.0,8267.76,826.78,909.45,10004.0,4201.68,14205.67
PAY-2026-2568,CAND-1188,MISS-12702,2026-02-04,35.0,1724.87,172.49,189.74,2087.09,876.58,2963.67
PAY-2026-2569,CAND-1062,MISS-12728,2025-07-25,630.0,30506.98,3050.7,3355.77,36913.45,15503.65,52417.09
PAY-2026-2570,CAND-1119,MISS-12420,2026-02-27,35.0,1317.08,131.71,144.88,1593.67,669.34,2263.01
PAY-2026-2571,CAND-1131,MISS-10250,2026-05-30,315.0,10106.7,1010.67,1111.74,12229.11,5136.23,17365.34
PAY-2026-2572,CAND-1359,MISS-12032,2025-11-06,70.0,2706.22,270.62,297.68,3274.53,1375.3,4649.83
PAY-2026-2573,CAND-1209,MISS-12500,2025-03-02,70.0,3440.69,344.07,378.48,4163.23,1748.56,5911.79
PAY-2026-2574,CAND-1457,MISS-10293,2024-03-14,17.5,1046.49,104.65,115.11,1266.26,531.83,1798.09
PAY-2026-2575,CAND-1221,MISS-12069,2024-12-04,70.0,2168.57,216.86,238.54,2623.97,1102.07,3726.04
PAY-2026-2576,CAND-1356,MISS-10108,2025-11-24,210.0,15696.75,1569.68,1726.64,18993.07,7977.09,26970.16
PAY-2026-2577,CAND-1062,MISS-10385,2024-05-21,315.0,19937.59,1993.76,2193.13,24124.48,10132.28,34256.77
PAY-2026-2578,CAND-1052,MISS-11893,2024-09-19,210.0,8416.59,841.66,925.83,10184.08,4277.31,14461.39
PAY-2026-2579,CAND-1379,MISS-11659,2024-07-20,70.0,3814.41,381.44,419.59,4615.44,1938.48,6553.92
PAY-2026-2580,CAND-1354,MISS-12632,2024-09-07,315.0,16091.22,1609.12,1770.03,19470.37,8177.56,27647.93
PAY-2026-2581,CAND-1378,MISS-12320,2025-02-03,210.0,11333.96,1133.4,1246.74,13714.1,5759.92,19474.02
PAY-2026-2582,CAND-1157,MISS-12381,2024-01-31,35.0,1948.28,194.83,214.31,2357.41,990.11,3347.53
PAY-2026-2583,CAND-1276,MISS-12866,2025-06-03,315.0,11412.96,1141.3,1255.43,13809.68,5800.07,19609.75
PAY-2026-2584,CAND-1265,MISS-10708,2024-09-25,630.0,40325.06,4032.51,4435.76,48793.32,20493.19,69286.51
PAY-2026-2585,CAND-1364,MISS-12465,2025-09-04,35.0,1966.96,196.7,216.37,2380.03,999.61,3379.64
PAY-2026-2586,CAND-1308,MISS-10221,2025-05-07,210.0,13827.93,1382.79,1521.07,16731.8,7027.35,23759.15
PAY-2026-2587,CAND-1018,MISS-13066,2025-02-09,35.0,1556.72,155.67,171.24,1883.63,791.13,2674.76
PAY-2026-2588,CAND-1263,MISS-10382,2026-02-04,35.0,1565.12,156.51,172.16,1893.8,795.4,2689.2
PAY-2026-2589,CAND-1309,MISS-12131,2025-05-04,35.0,2406.69,240.67,264.74,2912.09,1223.08,4135.17
PAY-2026-2590,CAND-1238,MISS-11203,2024-03-11,210.0,12583.58,1258.36,1384.19,15226.13,6394.97,21621.1
PAY-2026-2591,CAND-1308,MISS-10081,2026-01-19,70.0,4179.7,417.97,459.77,5057.44,2124.13,7181.57
PAY-2026-2592,CAND-1207,MISS-12564,2026-04-23,315.0,20182.11,2018.21,2220.03,24420.35,10256.55,34676.9
PAY-2026-2593,CAND-1048,MISS-10142,2024-10-14,70.0,2644.94,264.49,290.94,3200.38,1344.16,4544.54
PAY-2026-2594,CAND-1247,MISS-10454,2026-08-27,35.0,1303.66,130.37,143.4,1577.43,662.52,2239.96
PAY-2026-2595,CAND-1238,MISS-11504,2024-10-07,17.5,639.99,64.0,70.4,774.39,325.24,1099.63
PAY-2026-2596,CAND-1351,MISS-12550,2025-07-28,210.0,8361.38,836.14,919.75,10117.26,4249.25,14366.51
PAY-2026-2597,CAND-1014,MISS-11540,2026-01-20,315.0,14929.2,1492.92,1642.21,18064.34,7587.02,25651.36
PAY-2026-2598,CAND-1463,MISS-12464,2025-02-03,315.0,18045.88,1804.59,1985.05,21835.51,9170.92,31006.43
PAY-2026-2599,CAND-1180,MISS-11725,2024-05-01,17.5,1269.42,126.94,139.64,1536.0,645.12,2181.13
PAY-2026-2600,CAND-1349,MISS-12812,2024-05-07,70.0,5009.58,500.96,551.05,6061.6,2545.87,8607.47
PAY-2026-2601,CAND-1035,MISS-10288,2025-04-22,35.0,2026.53,202.65,222.92,2452.1,1029.88,3481.98
PAY-2026-2602,CAND-1245,MISS-13431,2024-01-31,210.0,8923.16,892.32,981.55,10797.02,4534.75,15331.77
PAY-2026-2603,CAND-1033,MISS-12488,2025-05-17,70.0,3555.54,355.55,391.11,4302.2,1806.93,6109.13
PAY-2026-2604,CAND-1445,MISS-13487,2025-09-17,35.0,2594.46,259.45,285.39,3139.3,1318.51,4457.81
PAY-2026-2605,CAND-1014,MISS-11540,2026-01-20,315.0,14929.2,1492.92,1642.21,18064.34,7587.02,25651.36
PAY-2026-2606,CAND-1037,MISS-10445,2026-04-28,35.0,2229.82,222.98,245.28,2698.09,1133.2,3831.29
PAY-2026-2607,CAND-1107,MISS-10041,2024-04-18,70.0,2451.26,245.13,269.64,2966.02,1245.73,4211.75
PAY-2026-2608,CAND-1283,MISS-10880,2026-01-03,35.0,2093.67,209.37,230.3,2533.34,1064.0,3597.34
PAY-2026-2609,CAND-1173,MISS-11854,2025-11-08,70.0,2788.52,278.85,306.74,3374.12,1417.13,4791.24
PAY-2026-2610,CAND-1310,MISS-10336,2026-07-08,70.0,2918.94,291.89,321.08,3531.92,1483.41,5015.33
PAY-2026-2611,CAND-1239,MISS-12596,2024-10-06,70.0,3329.78,332.98,366.28,4029.03,1692.19,5721.22
PAY-2026-2612,CAND-1199,MISS-10094,2025-01-20,17.5,1251.04,125.1,137.61,1513.76,635.78,2149.55
PAY-2026-2613,CAND-1172,MISS-11847,2025-01-01,315.0,14681.83,1468.18,1615.0,17765.01,7461.31,25226.32
PAY-2026-2614,CAND-1415,MISS-12801,2024-10-18,70.0,2306.32,230.63,253.7,2790.65,1172.07,3962.72
PAY-2026-2615,CAND-1436,MISS-11521,2025-11-24,70.0,4240.75,424.08,466.48,5131.31,2155.15,7286.46
PAY-2026-2616,CAND-1437,MISS-11031,2025-03-06,70.0,3093.04,309.3,340.23,3742.58,1571.88,5314.46
PAY-2026-2617,CAND-1331,MISS-12640,2026-01-18,210.0,11671.02,1167.1,1283.81,14121.93,5931.21,20053.15
PAY-2026-2618,CAND-1411,MISS-13222,2024-07-31,315.0,9606.11,960.61,1056.67,11623.39,4881.83,16505.22
PAY-2026-2619,CAND-1177,MISS-12278,2024-03-21,70.0,2491.5,249.15,274.07,3014.72,1266.18,4280.9
PAY-2026-2620,CAND-1406,MISS-12872,2025-11-21,630.0,21306.94,2130.69,2343.76,25781.4,10828.19,36609.59
PAY-2026-2621,CAND-1321,MISS-13178,2026-08-24,17.5,897.31,89.73,98.7,1085.75,456.01,1541.76
PAY-2026-2622,CAND-1217,MISS-12989,2024-12-13,210.0,12388.11,1238.81,1362.69,14989.61,6295.64,21285.25
PAY-2026-2623,CAND-1400,MISS-12356,2024-07-01,70.0,4506.38,450.64,495.7,5452.73,2290.14,7742.87
PAY-2026-2624,CAND-1217,MISS-10630,2026-05-14,315.0,17015.2,1701.52,1871.67,20588.39,8647.12,29235.52
PAY-2026-2625,CAND-1105,MISS-12083,2026-01-20,70.0,5104.08,510.41,561.45,6175.94,2593.89,8769.83
PAY-2026-2626,CAND-1331,MISS-13034,2025-08-14,35.0,1425.56,142.56,156.81,1724.93,724.47,2449.41
PAY-2026-2627,CAND-1310,MISS-10336,2026-07-08,70.0,2918.94,291.89,321.08,3531.92,1483.41,5015.33
PAY-2026-2628,CAND-1469,MISS-12191,2026-04-22,315.0,20713.3,2071.33,2278.46,25063.1,10526.5,35589.6
PAY-2026-2629,CAND-1068,MISS-13212,2024-03-31,630.0,22135.49,2213.55,2434.9,26783.94,11249.26,38033.2
PAY-2026-2630,CAND-1038,MISS-10008,2026-03-14,35.0,2100.03,210.0,231.0,2541.04,1067.24,3608.27
PAY-2026-2631,CAND-1150,MISS-12689,2025-06-25,210.0,9349.2,934.92,1028.41,11312.54,4751.27,16063.8
PAY-2026-2632,CAND-1249,MISS-11328,2024-09-10,315.0,13477.51,1347.75,1482.53,16307.79,6849.27,23157.06
PAY-2026-2633,CAND-1257,MISS-11247,2025-02-24,35.0,1533.28,153.33,168.66,1855.26,779.21,2634.47
PAY-2026-2634,CAND-1227,MISS-11924,2025-07-05,630.0,37182.76,3718.28,4090.1,44991.15,18896.28,63887.43
PAY-2026-2635,CAND-1361,MISS-11737,2025-04-15,70.0,3876.16,387.62,426.38,4690.16,1969.87,6660.03
PAY-2026-2636,CAND-1261,MISS-12068,2025-08-03,70.0,2498.63,249.86,274.85,3023.34,1269.8,4293.15
PAY-2026-2637,CAND-1009,MISS-12659,2024-05-25,630.0,39364.0,3936.4,4330.04,47630.44,20004.78,67635.22
PAY-2026-2638,CAND-1244,MISS-12088,2026-01-10,210.0,8995.03,899.5,989.45,10883.99,4571.27,15455.26
PAY-2026-2639,CAND-1029,MISS-11873,2025-05-19,210.0,10380.67,1038.07,1141.87,12560.62,5275.46,17836.08
PAY-2026-2640,CAND-1325,MISS-11437,2026-08-08,210.0,13478.0,1347.8,1482.58,16308.39,6849.52,23157.91
PAY-2026-2641,CAND-1268,MISS-11093,2025-06-18,315.0,22213.56,2221.36,2443.49,26878.41,11288.93,38167.35
PAY-2026-2642,CAND-1396,MISS-11912,2024-04-10,17.5,1245.12,124.51,136.96,1506.6,632.77,2139.37
PAY-2026-2643,CAND-1151,MISS-11632,2024-05-11,630.0,44160.56,4416.06,4857.66,53434.27,22442.39,75876.67
PAY-2026-2644,CAND-1180,MISS-12182,2025-09-28,35.0,1212.02,121.2,133.32,1466.54,615.95,2082.49
PAY-2026-2645,CAND-1361,MISS-13027,2026-04-14,70.0,4092.92,409.29,450.22,4952.43,2080.02,7032.46
PAY-2026-2646,CAND-1040,MISS-12087,2025-09-08,70.0,3976.12,397.61,437.37,4811.11,2020.67,6831.78
PAY-2026-2647,CAND-1452,MISS-13302,2026-02-18,210.0,10369.13,1036.91,1140.6,12546.65,5269.59,17816.24
PAY-2026-2648,CAND-1024,MISS-12614,2024-10-27,315.0,17073.59,1707.36,1878.09,20659.04,8676.8,29335.84
PAY-2026-2649,CAND-1243,MISS-13163,2025-11-12,17.5,697.94,69.79,76.77,844.51,354.7,1199.21
PAY-2026-2650,CAND-1164,MISS-12791,2025-04-26,70.0,2787.24,278.72,306.6,3372.56,1416.48,4789.04
PAY-2026-2651,CAND-1215,MISS-12709,2025-01-06,315.0,14119.08,1411.91,1553.1,17084.08,7175.31,24259.39
PAY-2026-2652,CAND-1149,MISS-12473,2024-12-14,35.0,2282.76,228.28,251.1,2762.14,1160.1,3922.24
PAY-2026-2653,CAND-1247,MISS-12952,2024-11-02,35.0,1537.88,153.79,169.17,1860.84,781.55,2642.39
PAY-2026-2654,CAND-1085,MISS-10784,2024-10-30,210.0,9561.5,956.15,1051.77,11569.42,4859.16,16428.58
PAY-2026-2655,CAND-1392,MISS-11812,2025-09-09,210.0,10458.42,1045.84,1150.43,12654.69,5314.97,17969.67
PAY-2026-2656,CAND-1182,MISS-10125,2024-07-15,70.0,2705.04,270.5,297.55,3273.1,1374.7,4647.8
PAY-2026-2657,CAND-1237,MISS-12892,2025-06-23,315.0,20893.72,2089.37,2298.31,25281.4,10618.19,35899.59
PAY-2026-2658,CAND-1458,MISS-11048,2025-09-26,210.0,9114.05,911.4,1002.55,11028.0,4631.76,15659.76
PAY-2026-2659,CAND-1488,MISS-10296,2026-08-17,70.0,3185.95,318.6,350.45,3855.0,1619.1,5474.1
PAY-2026-2660,CAND-1107,MISS-10177,2024-08-01,17.5,1033.08,103.31,113.64,1250.03,525.01,1775.05
PAY-2026-2661,CAND-1449,MISS-12361,2025-12-27,315.0,11931.91,1193.19,1312.51,14437.61,6063.8,20501.41
PAY-2026-2662,CAND-1325,MISS-11183,2024-07-04,630.0,20620.92,2062.09,2268.3,24951.32,10479.55,35430.87
PAY-2026-2663,CAND-1083,MISS-11050,2024-12-09,70.0,4957.3,495.73,545.3,5998.34,2519.3,8517.64
PAY-2026-2664,CAND-1342,MISS-12964,2026-05-23,70.0,4730.78,473.08,520.39,5724.25,2404.18,8128.43
PAY-2026-2665,CAND-1372,MISS-13257,2025-05-01,315.0,21915.3,2191.53,2410.68,26517.52,11137.36,37654.88
PAY-2026-2666,CAND-1392,MISS-10562,2024-07-27,70.0,4122.56,412.26,453.48,4988.3,2095.09,7083.39
PAY-2026-2667,CAND-1116,MISS-10785,2024-05-14,315.0,20289.93,2028.99,2231.89,24550.82,10311.34,34862.16
PAY-2026-2668,CAND-1499,MISS-13325,2025-03-10,70.0,4807.94,480.79,528.87,5817.61,2443.4,8261.0
PAY-2026-2669,CAND-1222,MISS-11775,2025-12-25,70.0,4024.78,402.48,442.73,4869.99,2045.4,6915.39
PAY-2026-2670,CAND-1183,MISS-12282,2025-07-17,630.0,36830.83,3683.08,4051.39,44565.3,18717.43,63282.73
PAY-2026-2671,CAND-1142,MISS-11814,2025-07-12,210.0,11118.48,1111.85,1223.03,13453.36,5650.41,19103.77
PAY-2026-2672,CAND-1499,MISS-12453,2024-11-30,35.0,2590.8,259.08,284.99,3134.87,1316.65,4451.52
PAY-2026-2673,CAND-1030,MISS-10440,2026-06-24,70.0,3655.44,365.54,402.1,4423.08,1857.69,6280.77
PAY-2026-2674,CAND-1189,MISS-12257,2026-08-23,210.0,15318.3,1531.83,1685.01,18535.14,7784.76,26319.9
PAY-2026-2675,CAND-1310,MISS-11213,2024-03-09,630.0,26612.64,2661.26,2927.39,32201.29,13524.54,45725.84
PAY-2026-2676,CAND-1488,MISS-12176,2026-05-16,210.0,14772.8,1477.28,1625.01,17875.08,7507.53,25382.62
PAY-2026-2677,CAND-1412,MISS-12247,2026-06-07,70.0,2248.88,224.89,247.38,2721.14,1142.88,3864.03
PAY-2026-2678,CAND-1011,MISS-10770,2025-12-15,17.5,1003.22,100.32,110.35,1213.9,509.84,1723.73
PAY-2026-2679,CAND-1120,MISS-10160,2026-04-16,17.5,623.54,62.35,68.59,754.48,316.88,1071.36
PAY-2026-2680,CAND-1141,MISS-12074,2025-09-27,315.0,18488.78,1848.88,2033.77,22371.42,9396.0,31767.41
PAY-2026-2681,CAND-1340,MISS-11447,2025-06-11,70.0,4175.59,417.56,459.31,5052.46,2122.03,7174.5
PAY-2026-2682,CAND-1029,MISS-12111,2024-08-10,70.0,3560.57,356.06,391.66,4308.29,1809.48,6117.77
PAY-2026-2683,CAND-1393,MISS-10731,2025-11-18,70.0,4779.34,477.93,525.73,5783.0,2428.86,8211.85
PAY-2026-2684,CAND-1214,MISS-13023,2026-09-02,315.0,16561.31,1656.13,1821.74,20039.19,8416.46,28455.64
PAY-2026-2685,CAND-1266,MISS-11752,2026-05-27,70.0,2545.11,254.51,279.96,3079.58,1293.42,4373.01
PAY-2026-2686,CAND-1148,MISS-12213,2025-04-20,70.0,4474.52,447.45,492.2,5414.17,2273.95,7688.12
PAY-2026-2687,CAND-1460,MISS-11192,2025-10-17,70.0,5045.51,504.55,555.01,6105.07,2564.13,8669.2
PAY-2026-2688,CAND-1155,MISS-11929,2025-09-22,17.5,614.72,61.47,67.62,743.82,312.4,1056.22
PAY-2026-2689,CAND-1032,MISS-12434,2025-12-28,210.0,9875.86,987.59,1086.35,11949.8,5018.91,16968.71
PAY-2026-2690,CAND-1222,MISS-10541,2025-08-01,210.0,7640.74,764.07,840.48,9245.3,3883.03,13128.33
PAY-2026-2691,CAND-1025,MISS-11023,2024-09-01,210.0,10781.74,1078.17,1185.99,13045.9,5479.28,18525.18
PAY-2026-2692,CAND-1091,MISS-10604,2024-10-11,70.0,2916.34,291.63,320.8,3528.77,1482.08,5010.85
PAY-2026-2693,CAND-1191,MISS-12623,2025-07-16,210.0,10129.11,1012.91,1114.2,12256.22,5147.61,17403.84
PAY-2026-2694,CAND-1172,MISS-10550,2026-04-04,210.0,11040.06,1104.01,1214.41,13358.47,5610.56,18969.02
PAY-2026-2695,CAND-1130,MISS-10982,2024-12-31,315.0,15771.8,1577.18,1734.9,19083.88,8015.23,27099.12
PAY-2026-2696,CAND-1446,MISS-11905,2024-09-16,315.0,21188.84,2118.88,2330.77,25638.5,10768.17,36406.67
PAY-2026-2697,CAND-1466,MISS-12994,2025-10-30,70.0,3594.79,359.48,395.43,4349.7,1826.87,6176.57
PAY-2026-2698,CAND-1274,MISS-11224,2025-08-14,630.0,19766.98,1976.7,2174.37,23918.05,10045.58,33963.63
PAY-2026-2699,CAND-1049,MISS-10146,2026-07-06,35.0,1791.4,179.14,197.05,2167.6,910.39,3077.99
PAY-2026-2700,CAND-1358,MISS-10797,2024-11-05,17.5,1262.96,126.3,138.93,1528.19,641.84,2170.03
PAY-2026-2701,CAND-1194,MISS-10966,2025-06-23,210.0,8777.33,877.73,965.51,10620.57,4460.64,15081.21
PAY-2026-2702,CAND-1106,MISS-10122,2026-07-28,630.0,36909.06,3690.91,4060.0,44659.96,18757.18,63417.14
PAY-2026-2703,CAND-1212,MISS-10651,2025-05-13,17.5,1186.86,118.69,130.55,1436.1,603.16,2039.26
PAY-2026-2704,CAND-1442,MISS-11242,2025-05-15,70.0,4578.76,457.88,503.66,5540.29,2326.92,7867.22
PAY-2026-2705,CAND-1160,MISS-11109,2024-09-17,210.0,13115.96,1311.6,1442.76,15870.31,6665.53,22535.83
PAY-2026-2706,CAND-1086,MISS-12440,2024-02-29,70.0,2719.26,271.93,299.12,3290.31,1381.93,4672.24
PAY-2026-2707,CAND-1489,MISS-12344,2024-02-26,17.5,741.37,74.14,81.55,897.06,376.76,1273.82
PAY-2026-2708,CAND-1317,MISS-12864,2024-09-20,630.0,19340.7,1934.07,2127.48,23402.24,9828.94,33231.18
PAY-2026-2709,CAND-1326,MISS-10613,2026-01-18,35.0,1736.02,173.6,190.96,2100.58,882.24,2982.82
PAY-2026-2710,CAND-1200,MISS-10280,2026-01-05,630.0,23272.26,2327.23,2559.95,28159.43,11826.96,39986.4
PAY-2026-2711,CAND-1317,MISS-10394,2024-07-05,210.0,8314.47,831.45,914.59,10060.51,4225.41,14285.92
PAY-2026-2712,CAND-1451,MISS-10622,2025-11-18,35.0,2277.95,227.8,250.57,2756.32,1157.65,3913.97
PAY-2026-2713,CAND-1453,MISS-13468,2024-08-23,70.0,2783.92,278.39,306.23,3368.55,1414.79,4783.34
PAY-2026-2714,CAND-1472,MISS-12443,2024-11-05,35.0,1293.97,129.4,142.34,1565.71,657.6,2223.31
PAY-2026-2715,CAND-1354,MISS-13337,2026-02-25,630.0,46204.38,4620.44,5082.48,55907.29,23481.06,79388.36
PAY-2026-2716,CAND-1408,MISS-12557,2025-09-20,630.0,34276.57,3427.66,3770.42,41474.65,17419.35,58894.0
PAY-2026-2717,CAND-1071,MISS-10078,2025-02-12,210.0,14419.66,1441.97,1586.16,17447.78,7328.07,24775.85
PAY-2026-2718,CAND-1188,MISS-11764,2024-04-13,17.5,536.72,53.67,59.04,649.43,272.76,922.18
PAY-2026-2719,CAND-1074,MISS-13016,2025-03-21,630.0,19972.73,1997.27,2197.0,24167.0,10150.14,34317.14
PAY-2026-2720,CAND-1389,MISS-13466,2024-12-23,17.5,1042.47,104.25,114.67,1261.39,529.79,1791.18
PAY-2026-2721,CAND-1221,MISS-10717,2024-05-31,35.0,1110.88,111.09,122.2,1344.17,564.55,1908.72
PAY-2026-2722,CAND-1114,MISS-11640,2024-06-01,210.0,9346.33,934.63,1028.1,11309.07,4749.81,16058.87
PAY-2026-2723,CAND-1158,MISS-10107,2026-05-12,35.0,2531.28,253.13,278.44,3062.85,1286.4,4349.25
PAY-2026-2724,CAND-1440,MISS-10021,2026-01-09,210.0,12971.1,1297.11,1426.82,15695.03,6591.91,22286.94
PAY-2026-2725,CAND-1428,MISS-10278,2026-04-20,17.5,1227.92,122.79,135.07,1485.78,624.03,2109.81
PAY-2026-2726,CAND-1378,MISS-12320,2025-02-03,210.0,11333.96,1133.4,1246.74,13714.1,5759.92,19474.02
PAY-2026-2727,CAND-1350,MISS-12822,2024-11-19,17.5,1018.01,101.8,111.98,1231.79,517.35,1749.14
PAY-2026-2728,CAND-1411,MISS-12347,2025-05-11,70.0,2224.61,222.46,244.71,2691.78,1130.55,3822.33
PAY-2026-2729,CAND-1334,MISS-10594,2024-02-06,210.0,12750.26,1275.03,1402.53,15427.81,6479.68,21907.49
PAY-2026-2730,CAND-1420,MISS-12654,2024-09-22,315.0,15593.83,1559.38,1715.32,18868.53,7924.78,26793.32
PAY-2026-2731,CAND-1472,MISS-12806,2026-08-22,210.0,6651.49,665.15,731.66,8048.3,3380.29,11428.59
PAY-2026-2732,CAND-1229,MISS-13399,2024-06-24,210.0,8185.46,818.55,900.4,9904.41,4159.85,14064.26
PAY-2026-2733,CAND-1397,MISS-12940,2025-09-09,70.0,4397.5,439.75,483.72,5320.98,2234.81,7555.78
PAY-2026-2734,CAND-1085,MISS-12412,2024-03-16,70.0,4823.72,482.37,530.61,5836.7,2451.41,8288.11
PAY-2026-2735,CAND-1327,MISS-11426,2025-02-02,70.0,2386.24,238.62,262.49,2887.35,1212.69,4100.04
PAY-2026-2736,CAND-1192,MISS-12975,2024-02-26,17.5,948.93,94.89,104.38,1148.21,482.25,1630.45
PAY-2026-2737,CAND-1417,MISS-11550,2024-02-16,210.0,7921.61,792.16,871.38,9585.15,4025.76,13610.91
PAY-2026-2738,CAND-1451,MISS-11480,2026-03-06,630.0,27561.06,2756.11,3031.72,33348.88,14006.53,47355.41
PAY-2026-2739,CAND-1132,MISS-10965,2025-07-26,70.0,2729.94,272.99,300.29,3303.23,1387.36,4690.59
PAY-2026-2740,CAND-1419,MISS-12250,2025-11-05,35.0,2154.1,215.41,236.95,2606.46,1094.71,3701.17
PAY-2026-2741,CAND-1367,MISS-12995,2024-09-19,70.0,4095.64,409.56,450.52,4955.72,2081.4,7037.13
PAY-2026-2742,CAND-1317,MISS-10488,2024-03-16,70.0,4149.06,414.91,456.4,5020.37,2108.55,7128.92
PAY-2026-2743,CAND-1200,MISS-11158,2024-12-15,630.0,19319.92,1931.99,2125.19,23377.11,9818.39,33195.5
PAY-2026-2744,CAND-1441,MISS-13243,2024-08-18,35.0,1165.64,116.56,128.22,1410.42,592.38,2002.79
PAY-2026-2745,CAND-1287,MISS-10226,2026-02-09,17.5,823.04,82.3,90.53,995.88,418.27,1414.15
PAY-2026-2746,CAND-1253,MISS-12861,2026-01-11,17.5,1048.04,104.8,115.28,1268.12,532.61,1800.73
PAY-2026-2747,CAND-1163,MISS-12635,2024-06-05,35.0,2414.1,241.41,265.55,2921.06,1226.85,4147.91
PAY-2026-2748,CAND-1205,MISS-11294,2024-07-21,70.0,2708.37,270.84,297.92,3277.13,1376.39,4653.52
PAY-2026-2749,CAND-1050,MISS-13450,2026-05-08,315.0,13858.86,1385.89,1524.47,16769.22,7043.07,23812.29
PAY-2026-2750,CAND-1401,MISS-10246,2026-03-26,210.0,13028.76,1302.88,1433.16,15764.81,6621.22,22386.02
PAY-2026-2751,CAND-1065,MISS-10948,2025-06-29,315.0,11210.76,1121.08,1233.18,13565.02,5697.31,19262.33
PAY-2026-2752,CAND-1104,MISS-10890,2025-02-13,70.0,4381.07,438.11,481.92,5301.09,2226.46,7527.55
PAY-2026-2753,CAND-1052,MISS-12813,2024-08-23,70.0,4745.55,474.56,522.01,5742.12,2411.69,8153.8
PAY-2026-2754,CAND-1310,MISS-10336,2026-07-08,70.0,2918.94,291.89,321.08,3531.92,1483.41,5015.33
PAY-2026-2755,CAND-1329,MISS-10940,2025-01-08,17.5,781.24,78.12,85.94,945.31,397.03,1342.34
PAY-2026-2756,CAND-1189,MISS-11913,2025-03-25,17.5,1093.52,109.35,120.29,1323.16,555.73,1878.89
PAY-2026-2757,CAND-1158,MISS-10606,2025-05-25,70.0,3547.2,354.72,390.19,4292.11,1802.68,6094.79
PAY-2026-2758,CAND-1036,MISS-12031,2024-05-11,315.0,16683.7,1668.37,1835.21,20187.27,8478.65,28665.92
PAY-2026-2759,CAND-1470,MISS-11772,2025-02-16,17.5,1231.74,123.17,135.49,1490.41,625.97,2116.38
PAY-2026-2760,CAND-1365,MISS-11454,2025-08-13,210.0,8385.66,838.57,922.42,10146.64,4261.59,14408.23
PAY-2026-2761,CAND-1079,MISS-11075,2025-07-14,35.0,2183.08,218.31,240.14,2641.53,1109.44,3750.97
PAY-2026-2762,CAND-1308,MISS-12990,2026-03-10,70.0,4925.22,492.52,541.77,5959.52,2503.0,8462.51
PAY-2026-2763,CAND-1141,MISS-11747,2024-11-21,17.5,581.19,58.12,63.93,703.24,295.36,998.6
PAY-2026-2764,CAND-1327,MISS-10910,2026-04-08,210.0,7901.45,790.14,869.16,9560.75,4015.52,13576.27
PAY-2026-2765,CAND-1370,MISS-12591,2024-06-07,210.0,14175.85,1417.58,1559.34,17152.78,7204.17,24356.95
PAY-2026-2766,CAND-1496,MISS-13099,2025-07-03,35.0,2200.72,220.07,242.08,2662.88,1118.41,3781.29
PAY-2026-2767,CAND-1035,MISS-11678,2025-05-15,17.5,567.06,56.71,62.38,686.14,288.18,974.32
PAY-2026-2768,CAND-1445,MISS-12184,2025-02-10,17.5,860.48,86.05,94.65,1041.17,437.29,1478.47
PAY-2026-2769,CAND-1300,MISS-11826,2025-01-19,35.0,1278.97,127.9,140.69,1547.56,649.98,2197.53
PAY-2026-2770,CAND-1275,MISS-10414,2026-07-06,35.0,2036.86,203.69,224.05,2464.6,1035.13,3499.73
PAY-2026-2771,CAND-1141,MISS-12313,2026-07-18,210.0,13695.91,1369.59,1506.55,16572.05,6960.26,23532.31
PAY-2026-2772,CAND-1261,MISS-10559,2025-10-17,17.5,920.24,92.02,101.23,1113.5,467.67,1581.16
PAY-2026-2773,CAND-1398,MISS-11813,2024-07-23,17.5,1209.53,120.95,133.05,1463.53,614.68,2078.21
PAY-2026-2774,CAND-1395,MISS-11456,2026-01-21,35.0,2001.98,200.2,220.22,2422.4,1017.41,3439.81
PAY-2026-2775,CAND-1230,MISS-10130,2025-07-08,70.0,2341.5,234.15,257.56,2833.22,1189.95,4023.17
PAY-2026-2776,CAND-1461,MISS-11739,2025-04-09,210.0,7744.16,774.42,851.86,9370.43,3935.58,13306.02
PAY-2026-2777,CAND-1248,MISS-11364,2024-05-11,70.0,2735.51,273.55,300.91,3309.97,1390.19,4700.15
PAY-2026-2778,CAND-1349,MISS-12291,2026-01-31,17.5,839.26,83.93,92.32,1015.5,426.51,1442.02
PAY-2026-2779,CAND-1154,MISS-10978,2026-05-15,17.5,765.96,76.6,84.26,926.81,389.26,1316.06
PAY-2026-2780,CAND-1421,MISS-11807,2026-04-26,210.0,9078.07,907.81,998.59,10984.46,4613.48,15597.94
PAY-2026-2781,CAND-1120,MISS-10641,2024-05-17,35.0,1075.08,107.51,118.26,1300.85,546.36,1847.2
PAY-2026-2782,CAND-1344,MISS-11386,2024-04-26,630.0,22782.6,2278.26,2506.09,27566.94,11578.11,39145.05
PAY-2026-2783,CAND-1190,MISS-12762,2025-11-09,70.0,3221.42,322.14,354.36,3897.92,1637.13,5535.05
PAY-2026-2784,CAND-1088,MISS-12522,2026-05-26,35.0,1783.7,178.37,196.21,2158.27,906.47,3064.74
PAY-2026-2785,CAND-1274,MISS-10737,2025-04-27,70.0,2508.5,250.85,275.94,3035.28,1274.82,4310.1
PAY-2026-2786,CAND-1444,MISS-11176,2025-08-19,17.5,536.82,53.68,59.05,649.55,272.81,922.36
PAY-2026-2787,CAND-1174,MISS-10860,2025-09-17,70.0,4815.12,481.51,529.66,5826.29,2447.04,8273.33
PAY-2026-2788,CAND-1373,MISS-11269,2024-08-21,315.0,14212.78,1421.28,1563.41,17197.46,7222.93,24420.39
PAY-2026-2789,CAND-1492,MISS-12638,2026-01-08,630.0,20127.7,2012.77,2214.05,24354.51,10228.89,34583.41
PAY-2026-2790,CAND-1405,MISS-11179,2025-09-18,70.0,3124.45,312.44,343.69,3780.58,1587.85,5368.43
PAY-2026-2791,CAND-1345,MISS-10175,2025-08-16,70.0,2698.24,269.82,296.81,3264.87,1371.25,4636.12
PAY-2026-2792,CAND-1217,MISS-11738,2026-05-18,70.0,2225.06,222.51,244.76,2692.33,1130.78,3823.11
PAY-2026-2793,CAND-1468,MISS-12647,2025-10-31,70.0,5041.8,504.18,554.6,6100.58,2562.24,8662.82
PAY-2026-2794,CAND-1484,MISS-12828,2024-08-23,70.0,2839.64,283.96,312.36,3435.96,1443.1,4879.06
PAY-2026-2795,CAND-1168,MISS-11967,2026-01-13,17.5,1079.3,107.93,118.72,1305.95,548.5,1854.44
PAY-2026-2796,CAND-1199,MISS-12788,2024-10-10,210.0,10861.64,1086.16,1194.78,13142.59,5519.89,18662.48
PAY-2026-2797,CAND-1323,MISS-10834,2025-06-06,315.0,19497.08,1949.71,2144.68,23591.46,9908.41,33499.87
PAY-2026-2798,CAND-1064,MISS-12243,2025-01-21,17.5,1049.71,104.97,115.47,1270.15,533.46,1803.61
PAY-2026-2799,CAND-1451,MISS-10622,2025-11-18,35.0,2277.95,227.8,250.57,2756.32,1157.65,3913.97
PAY-2026-2800,CAND-1452,MISS-11461,2026-06-24,35.0,2255.09,225.51,248.06,2728.66,1146.04,3874.7
PAY-2026-2801,CAND-1468,MISS-10448,2025-02-27,210.0,11254.74,1125.47,1238.02,13618.24,5719.66,19337.89
PAY-2026-2802,CAND-1197,MISS-12187,2025-08-30,210.0,8290.84,829.08,911.99,10031.92,4213.4,14245.32
PAY-2026-2803,CAND-1319,MISS-10706,2025-12-09,70.0,3372.95,337.3,371.02,4081.27,1714.13,5795.4
PAY-2026-2804,CAND-1070,MISS-10367,2024-10-08,35.0,1529.12,152.91,168.2,1850.24,777.1,2627.34
PAY-2026-2805,CAND-1429,MISS-12366,2025-01-16,70.0,2774.38,277.44,305.18,3357.01,1409.94,4766.95
PAY-2026-2806,CAND-1498,MISS-12407,2025-06-30,70.0,4099.43,409.94,450.94,4960.31,2083.33,7043.64
PAY-2026-2807,CAND-1452,MISS-12416,2026-09-01,210.0,8239.68,823.97,906.37,9970.02,4187.41,14157.43
PAY-2026-2808,CAND-1164,MISS-11539,2026-06-22,70.0,2639.86,263.99,290.39,3194.24,1341.58,4535.82
PAY-2026-2809,CAND-1297,MISS-12724,2024-11-04,70.0,2860.75,286.08,314.68,3461.51,1453.83,4915.34
PAY-2026-2810,CAND-1075,MISS-10528,2025-05-15,70.0,2144.56,214.46,235.9,2594.92,1089.87,3684.78
PAY-2026-2811,CAND-1075,MISS-10528,2025-05-15,70.0,2144.56,214.46,235.9,2594.92,1089.87,3684.78
PAY-2026-2812,CAND-1029,MISS-10238,2026-05-19,35.0,2197.58,219.76,241.73,2659.08,1116.81,3775.89
PAY-2026-2813,CAND-1113,MISS-10960,2024-02-10,35.0,1909.58,190.96,210.05,2310.59,970.45,3281.04
PAY-2026-2814,CAND-1495,MISS-13223,2024-05-25,210.0,9760.56,976.06,1073.66,11810.28,4960.32,16770.59
PAY-2026-2815,CAND-1330,MISS-11413,2024-12-10,70.0,2384.78,238.48,262.33,2885.59,1211.95,4097.54
PAY-2026-2816,CAND-1048,MISS-12481,2024-06-17,315.0,23290.62,2329.06,2561.97,28181.65,11836.29,40017.94
PAY-2026-2817,CAND-1467,MISS-13165,2026-06-27,35.0,2395.62,239.56,263.52,2898.71,1217.46,4116.16
PAY-2026-2818,CAND-1481,MISS-11827,2026-07-12,35.0,2495.54,249.55,274.51,3019.6,1268.23,4287.83
PAY-2026-2819,CAND-1451,MISS-11803,2026-05-29,210.0,8302.3,830.23,913.25,10045.78,4219.23,14265.01
PAY-2026-2820,CAND-1000,MISS-10191,2024-05-19,210.0,6952.96,695.3,764.83,8413.08,3533.49,11946.58
PAY-2026-2821,CAND-1274,MISS-10060,2024-05-14,630.0,30994.19,3099.42,3409.36,37502.97,15751.25,53254.22
PAY-2026-2822,CAND-1036,MISS-12482,2026-08-16,17.5,756.5,75.65,83.22,915.37,384.46,1299.83
PAY-2026-2823,CAND-1133,MISS-11547,2024-10-09,17.5,831.62,83.16,91.48,1006.27,422.63,1428.9
PAY-2026-2824,CAND-1375,MISS-13373,2025-12-30,35.0,2504.04,250.4,275.44,3029.88,1272.55,4302.43
PAY-2026-2825,CAND-1442,MISS-11351,2026-05-29,210.0,6754.53,675.45,743.0,8172.98,3432.65,11605.63
PAY-2026-2826,CAND-1073,MISS-12353,2026-03-11,35.0,1550.66,155.07,170.57,1876.3,788.05,2664.35
PAY-2026-2827,CAND-1286,MISS-12825,2024-07-07,70.0,2355.07,235.51,259.06,2849.64,1196.85,4046.49
PAY-2026-2828,CAND-1331,MISS-13034,2025-08-14,35.0,1425.56,142.56,156.81,1724.93,724.47,2449.41
PAY-2026-2829,CAND-1022,MISS-13003,2024-03-11,70.0,2867.22,286.72,315.39,3469.33,1457.12,4926.45
PAY-2026-2830,CAND-1009,MISS-11321,2026-05-09,315.0,12683.94,1268.39,1395.23,15347.56,6445.98,21793.54
PAY-2026-2831,CAND-1360,MISS-13239,2026-06-05,17.5,803.65,80.37,88.4,972.42,408.41,1380.83
PAY-2026-2832,CAND-1298,MISS-11395,2025-11-04,630.0,18951.95,1895.2,2084.71,22931.86,9631.38,32563.24
PAY-2026-2833,CAND-1416,MISS-12355,2026-07-25,70.0,4365.22,436.52,480.17,5281.92,2218.4,7500.32
PAY-2026-2834,CAND-1246,MISS-13452,2024-07-31,70.0,4004.42,400.44,440.49,4845.35,2035.05,6880.4
PAY-2026-2835,CAND-1415,MISS-12801,2024-10-18,70.0,2306.32,230.63,253.7,2790.65,1172.07,3962.72
PAY-2026-2836,CAND-1085,MISS-12412,2024-03-16,70.0,4823.72,482.37,530.61,5836.7,2451.41,8288.11
PAY-2026-2837,CAND-1489,MISS-11944,2024-03-10,315.0,21080.08,2108.01,2318.81,25506.89,10712.89,36219.78
PAY-2026-2838,CAND-1149,MISS-13177,2025-01-06,210.0,8580.59,858.06,943.86,10382.51,4360.66,14743.17
PAY-2026-2839,CAND-1384,MISS-11607,2026-05-07,17.5,724.38,72.44,79.68,876.5,368.13,1244.63
PAY-2026-2840,CAND-1055,MISS-12287,2026-04-23,70.0,3429.73,342.97,377.27,4149.97,1742.99,5892.96
PAY-2026-2841,CAND-1434,MISS-11658,2025-07-17,70.0,4462.24,446.22,490.85,5399.32,2267.71,7667.03
PAY-2026-2842,CAND-1066,MISS-13273,2025-11-14,35.0,1433.58,143.36,157.69,1734.64,728.55,2463.19
PAY-2026-2843,CAND-1186,MISS-12682,2026-07-22,210.0,11436.86,1143.69,1258.05,13838.59,5812.21,19650.8
PAY-2026-2844,CAND-1130,MISS-10982,2024-12-31,315.0,15771.8,1577.18,1734.9,19083.88,8015.23,27099.12
PAY-2026-2845,CAND-1115,MISS-12078,2026-01-23,70.0,5086.57,508.66,559.52,6154.75,2584.99,8739.74
PAY-2026-2846,CAND-1036,MISS-12585,2026-05-09,210.0,14163.64,1416.36,1558.0,17138.0,7197.96,24335.96
PAY-2026-2847,CAND-1263,MISS-10892,2026-07-23,315.0,19924.79,1992.48,2191.73,24109.0,10125.78,34234.77
PAY-2026-2848,CAND-1266,MISS-13418,2024-10-22,630.0,44476.08,4447.61,4892.37,53816.06,22602.75,76418.81
PAY-2026-2849,CAND-1302,MISS-13123,2025-05-09,210.0,7500.75,750.08,825.08,9075.91,3811.88,12887.79
PAY-2026-2850,CAND-1260,MISS-12563,2024-07-21,315.0,14327.39,1432.74,1576.01,17336.14,7281.18,24617.32
PAY-2026-2851,CAND-1383,MISS-12172,2025-02-19,70.0,2662.7,266.27,292.9,3221.86,1353.18,4575.04
PAY-2026-2852,CAND-1003,MISS-10097,2025-01-29,210.0,7618.59,761.86,838.04,9218.49,3871.77,13090.26
PAY-2026-2853,CAND-1347,MISS-12781,2024-09-25,210.0,7810.09,781.01,859.11,9450.21,3969.09,13419.3
PAY-2026-2854,CAND-1292,MISS-11147,2024-04-30,315.0,22083.98,2208.4,2429.24,26721.61,11223.08,37944.69
PAY-2026-2855,CAND-1006,MISS-12605,2024-04-02,70.0,2879.59,287.96,316.75,3484.3,1463.41,4947.71
PAY-2026-2856,CAND-1348,MISS-11167,2026-03-02,210.0,8218.67,821.87,904.05,9944.59,4176.73,14121.32
PAY-2026-2857,CAND-1159,MISS-11278,2024-12-13,35.0,2337.18,233.72,257.09,2827.99,1187.75,4015.74
PAY-2026-2858,CAND-1360,MISS-11982,2026-05-28,35.0,1820.97,182.1,200.31,2203.37,925.42,3128.79
PAY-2026-2859,CAND-1208,MISS-11495,2025-08-11,70.0,4256.02,425.6,468.16,5149.78,2162.91,7312.68
PAY-2026-2860,CAND-1126,MISS-12094,2026-05-22,70.0,3530.66,353.07,388.37,4272.1,1794.28,6066.38
PAY-2026-2861,CAND-1454,MISS-12840,2026-01-31,70.0,2686.72,268.67,295.54,3250.94,1365.39,4616.33
PAY-2026-2862,CAND-1242,MISS-11365,2025-06-12,35.0,2538.38,253.84,279.22,3071.43,1290.0,4361.44
PAY-2026-2863,CAND-1499,MISS-12453,2024-11-30,35.0,2590.8,259.08,284.99,3134.87,1316.65,4451.52
PAY-2026-2864,CAND-1208,MISS-12433,2024-02-13,630.0,39488.74,3948.87,4343.76,47781.37,20068.18,67849.54
PAY-2026-2865,CAND-1419,MISS-10229,2025-09-14,35.0,1122.68,112.27,123.49,1358.44,570.54,1928.98
PAY-2026-2866,CAND-1021,MISS-13375,2026-02-24,35.0,1401.52,140.15,154.17,1695.83,712.25,2408.08
PAY-2026-2867,CAND-1240,MISS-12792,2026-04-28,70.0,4019.27,401.93,442.12,4863.32,2042.59,6905.91
PAY-2026-2868,CAND-1222,MISS-11335,2025-09-13,35.0,2529.8,252.98,278.28,3061.05,1285.64,4346.69
PAY-2026-2869,CAND-1139,MISS-12322,2024-09-27,70.0,2572.22,257.22,282.94,3112.38,1307.2,4419.58
PAY-2026-2870,CAND-1051,MISS-12698,2025-09-07,210.0,8800.09,880.01,968.01,10648.11,4472.21,15120.32
PAY-2026-2871,CAND-1213,MISS-10395,2026-05-01,315.0,12171.58,1217.16,1338.87,14727.61,6185.59,20913.2
PAY-2026-2872,CAND-1277,MISS-11794,2025-01-24,210.0,14555.65,1455.56,1601.12,17612.34,7397.18,25009.52
PAY-2026-2873,CAND-1427,MISS-12656,2026-08-31,210.0,11538.48,1153.85,1269.23,13961.55,5863.85,19825.41
PAY-2026-2874,CAND-1213,MISS-13059,2025-12-06,210.0,11517.37,1151.74,1266.91,13936.02,5853.13,19789.15
PAY-2026-2875,CAND-1064,MISS-13245,2024-09-08,315.0,9957.33,995.73,1095.31,12048.38,5060.32,17108.69
PAY-2026-2876,CAND-1355,MISS-11704,2026-01-03,35.0,1598.54,159.85,175.84,1934.23,812.38,2746.61
PAY-2026-2877,CAND-1191,MISS-10087,2024-06-15,17.5,961.36,96.14,105.75,1163.25,488.57,1651.82
PAY-2026-2878,CAND-1318,MISS-11769,2025-07-15,70.0,3884.42,388.44,427.29,4700.15,1974.06,6674.22
PAY-2026-2879,CAND-1330,MISS-10019,2026-05-07,70.0,3919.87,391.99,431.19,4743.04,1992.08,6735.12
PAY-2026-2880,CAND-1424,MISS-13055,2024-08-22,70.0,4273.56,427.36,470.09,5171.01,2171.83,7342.84
PAY-2026-2881,CAND-1043,MISS-11035,2024-10-14,315.0,22715.48,2271.55,2498.7,27485.72,11544.0,39029.73
PAY-2026-2882,CAND-1394,MISS-11425,2025-09-26,35.0,1081.27,108.13,118.94,1308.34,549.5,1857.84
PAY-2026-2883,CAND-1395,MISS-10225,2025-03-13,70.0,4796.94,479.69,527.66,5804.29,2437.8,8242.09
PAY-2026-2884,CAND-1454,MISS-12059,2026-03-04,35.0,2365.28,236.53,260.18,2861.99,1202.04,4064.02
PAY-2026-2885,CAND-1302,MISS-13123,2025-05-09,210.0,7500.75,750.08,825.08,9075.91,3811.88,12887.79
PAY-2026-2886,CAND-1222,MISS-11056,2025-07-28,70.0,3126.48,312.65,343.91,3783.03,1588.87,5371.91
PAY-2026-2887,CAND-1112,MISS-13313,2024-06-09,35.0,1326.77,132.68,145.94,1605.39,674.26,2279.66
PAY-2026-2888,CAND-1320,MISS-11243,2026-08-22,70.0,2780.48,278.05,305.85,3364.37,1413.04,4777.41
PAY-2026-2889,CAND-1113,MISS-12216,2024-09-28,35.0,1416.08,141.61,155.77,1713.46,719.65,2433.12
PAY-2026-2890,CAND-1044,MISS-11600,2024-07-30,630.0,24297.23,2429.72,2672.7,29399.65,12347.85,41747.5
PAY-2026-2891,CAND-1320,MISS-12687,2024-03-19,210.0,7366.1,736.61,810.27,8912.97,3743.45,12656.42
PAY-2026-2892,CAND-1374,MISS-10436,2025-07-30,315.0,15567.32,1556.73,1712.41,18836.46,7911.31,26747.77
PAY-2026-2893,CAND-1303,MISS-10746,2024-03-25,70.0,3418.3,341.83,376.01,4136.14,1737.18,5873.32
PAY-2026-2894,CAND-1079,MISS-10080,2025-04-10,70.0,5097.44,509.74,560.72,6167.9,2590.52,8758.42
PAY-2026-2895,CAND-1381,MISS-11102,2024-03-23,630.0,44320.59,4432.06,4875.26,53627.91,22523.72,76151.64
PAY-2026-2896,CAND-1336,MISS-11256,2026-05-15,210.0,7006.75,700.68,770.74,8478.17,3560.83,12039.0
PAY-2026-2897,CAND-1247,MISS-11435,2024-03-09,210.0,13896.52,1389.65,1528.62,16814.8,7062.21,23877.01
PAY-2026-2898,CAND-1158,MISS-10733,2026-04-01,210.0,12074.94,1207.49,1328.24,14610.67,6136.48,20747.15
PAY-2026-2899,CAND-1156,MISS-11760,2026-08-10,315.0,11284.28,1128.43,1241.27,13653.98,5734.67,19388.65
PAY-2026-2900,CAND-1159,MISS-10188,2025-05-31,70.0,2691.18,269.12,296.03,3256.32,1367.66,4623.98
PAY-2026-2901,CAND-1453,MISS-11745,2026-01-14,210.0,15536.54,1553.65,1709.02,18799.21,7895.67,26694.88
PAY-2026-2902,CAND-1361,MISS-12933,2026-02-14,70.0,3303.88,330.39,363.43,3997.69,1679.03,5676.73
PAY-2026-2903,CAND-1350,MISS-10279,2025-08-17,210.0,11278.32,1127.83,1240.62,13646.77,5731.64,19378.41
PAY-2026-2904,CAND-1271,MISS-10774,2024-02-08,210.0,11669.11,1166.91,1283.6,14119.62,5930.24,20049.86
PAY-2026-2905,CAND-1226,MISS-12749,2025-05-24,70.0,4804.41,480.44,528.49,5813.34,2441.6,8254.94
PAY-2026-2906,CAND-1332,MISS-12835,2024-10-18,210.0,14948.6,1494.86,1644.35,18087.8,7596.88,25684.68
PAY-2026-2907,CAND-1423,MISS-10611,2025-12-19,17.5,1136.79,113.68,125.05,1375.52,577.72,1953.23
PAY-2026-2908,CAND-1324,MISS-12934,2024-05-14,35.0,1287.92,128.79,141.67,1558.38,654.52,2212.9
PAY-2026-2909,CAND-1452,MISS-10643,2025-09-03,70.0,2273.74,227.37,250.11,2751.22,1155.51,3906.73
PAY-2026-2910,CAND-1370,MISS-13386,2025-03-15,70.0,4832.04,483.2,531.52,5846.77,2455.65,8302.42
PAY-2026-2911,CAND-1122,MISS-12850,2024-02-13,35.0,1259.64,125.96,138.56,1524.16,640.15,2164.3
PAY-2026-2912,CAND-1434,MISS-10139,2025-01-01,210.0,8743.52,874.35,961.79,10579.66,4443.46,15023.12
PAY-2026-2913,CAND-1148,MISS-12051,2025-08-22,70.0,3880.0,388.0,426.8,4694.79,1971.81,6666.61
PAY-2026-2914,CAND-1408,MISS-11993,2024-04-30,35.0,1269.18,126.92,139.61,1535.71,645.0,2180.71
PAY-2026-2915,CAND-1425,MISS-12851,2024-05-23,35.0,1533.76,153.38,168.71,1855.86,779.46,2635.32
PAY-2026-2916,CAND-1062,MISS-11212,2025-10-27,210.0,9648.84,964.88,1061.37,11675.1,4903.54,16578.65
PAY-2026-2917,CAND-1368,MISS-11923,2025-09-24,35.0,1473.26,147.33,162.06,1782.64,748.71,2531.36
PAY-2026-2918,CAND-1436,MISS-10321,2025-09-17,70.0,3779.25,377.92,415.72,4572.89,1920.61,6493.51
PAY-2026-2919,CAND-1476,MISS-12015,2025-08-12,35.0,2262.18,226.22,248.84,2737.23,1149.64,3886.87
PAY-2026-2920,CAND-1160,MISS-12486,2024-09-29,315.0,18898.49,1889.85,2078.83,22867.17,9604.21,32471.39
PAY-2026-2921,CAND-1447,MISS-10676,2026-04-18,210.0,6302.66,630.27,693.29,7626.22,3203.01,10829.23
PAY-2026-2922,CAND-1240,MISS-13043,2024-08-02,70.0,3173.93,317.39,349.13,3840.46,1612.99,5453.45
PAY-2026-2923,CAND-1003,MISS-11926,2025-07-19,210.0,15230.97,1523.1,1675.41,18429.47,7740.38,26169.85
PAY-2026-2924,CAND-1113,MISS-12052,2025-02-10,35.0,1109.42,110.94,122.04,1342.4,563.81,1906.21
PAY-2026-2925,CAND-1290,MISS-10769,2024-05-20,35.0,1088.51,108.85,119.74,1317.09,553.18,1870.27
PAY-2026-2926,CAND-1166,MISS-10754,2024-03-23,70.0,4774.98,477.5,525.25,5777.72,2426.64,8204.36
PAY-2026-2927,CAND-1165,MISS-12399,2025-07-22,630.0,40191.01,4019.1,4421.01,48631.12,20425.07,69056.19
PAY-2026-2928,CAND-1050,MISS-12302,2024-03-13,35.0,2230.81,223.08,245.39,2699.28,1133.7,3832.98
PAY-2026-2929,CAND-1158,MISS-10705,2025-12-08,35.0,1193.82,119.38,131.32,1444.52,606.7,2051.21
PAY-2026-2930,CAND-1310,MISS-11213,2024-03-09,630.0,26612.64,2661.26,2927.39,32201.29,13524.54,45725.84
PAY-2026-2931,CAND-1090,MISS-13134,2025-09-02,70.0,4264.79,426.48,469.13,5160.4,2167.37,7327.76
PAY-2026-2932,CAND-1156,MISS-12617,2024-08-25,70.0,3821.78,382.18,420.4,4624.35,1942.23,6566.57
PAY-2026-2933,CAND-1410,MISS-10132,2024-06-15,70.0,3714.5,371.45,408.6,4494.55,1887.71,6382.26
PAY-2026-2934,CAND-1156,MISS-10959,2024-06-05,315.0,13178.62,1317.86,1449.65,15946.14,6697.38,22643.51
PAY-2026-2935,CAND-1369,MISS-13000,2024-09-13,210.0,13127.5,1312.75,1444.02,15884.27,6671.39,22555.66
PAY-2026-2936,CAND-1223,MISS-11978,2025-12-25,315.0,22765.17,2276.52,2504.17,27545.86,11569.26,39115.12
PAY-2026-2937,CAND-1455,MISS-13019,2026-01-18,35.0,1340.94,134.09,147.5,1622.54,681.47,2304.01
PAY-2026-2938,CAND-1488,MISS-11049,2024-07-23,630.0,40708.62,4070.86,4477.95,49257.43,20688.12,69945.55
PAY-2026-2939,CAND-1091,MISS-11136,2025-06-23,210.0,13453.85,1345.39,1479.92,16279.16,6837.25,23116.41
PAY-2026-2940,CAND-1180,MISS-13164,2026-01-07,35.0,2535.41,253.54,278.89,3067.84,1288.49,4356.33
PAY-2026-2941,CAND-1340,MISS-13420,2024-02-10,630.0,29759.94,2975.99,3273.59,36009.53,15124.0,51133.54
PAY-2026-2942,CAND-1415,MISS-10317,2024-12-23,210.0,11112.38,1111.24,1222.36,13445.98,5647.31,19093.29
PAY-2026-2943,CAND-1219,MISS-10973,2024-08-04,70.0,3306.14,330.61,363.67,4000.42,1680.18,5680.6
PAY-2026-2944,CAND-1213,MISS-10574,2026-07-22,70.0,2314.39,231.44,254.58,2800.41,1176.17,3976.58
PAY-2026-2945,CAND-1417,MISS-12406,2026-03-19,630.0,33592.78,3359.28,3695.21,40647.26,17071.85,57719.11
PAY-2026-2946,CAND-1453,MISS-10241,2024-05-30,70.0,2233.61,223.36,245.7,2702.67,1135.12,3837.79
PAY-2026-2947,CAND-1179,MISS-12437,2025-07-25,630.0,25941.62,2594.16,2853.58,31389.35,13183.53,44572.88
PAY-2026-2948,CAND-1208,MISS-10972,2024-11-13,35.0,1964.52,196.45,216.1,2377.06,998.37,3375.43
PAY-2026-2949,CAND-1479,MISS-10014,2024-07-21,35.0,1953.46,195.35,214.88,2363.69,992.75,3356.44
PAY-2026-2950,CAND-1427,MISS-13191,2026-02-25,70.0,3737.83,373.78,411.16,4522.77,1899.57,6422.34
PAY-2026-2951,CAND-1001,MISS-11114,2025-05-30,210.0,14051.97,1405.2,1545.72,17002.88,7141.21,24144.09
PAY-2026-2952,CAND-1102,MISS-11843,2026-08-22,210.0,12127.77,1212.78,1334.05,14674.6,6163.33,20837.93
PAY-2026-2953,CAND-1086,MISS-12204,2025-02-12,35.0,1101.43,110.14,121.16,1332.73,559.75,1892.48
PAY-2026-2954,CAND-1121,MISS-12274,2025-12-05,17.5,850.58,85.06,93.56,1029.2,432.26,1461.46
PAY-2026-2955,CAND-1254,MISS-12961,2024-06-29,315.0,20344.42,2034.44,2237.89,24616.75,10339.04,34955.79
PAY-2026-2956,CAND-1181,MISS-12372,2025-09-22,70.0,4797.65,479.76,527.74,5805.16,2438.17,8243.32
PAY-2026-2957,CAND-1333,MISS-10070,2025-03-03,35.0,2072.09,207.21,227.93,2507.23,1053.04,3560.27
PAY-2026-2958,CAND-1290,MISS-10444,2025-06-07,70.0,2675.44,267.54,294.3,3237.29,1359.66,4596.95
PAY-2026-2959,CAND-1368,MISS-12089,2024-07-16,70.0,2464.77,246.48,271.12,2982.37,1252.6,4234.97
PAY-2026-2960,CAND-1224,MISS-10030,2026-01-15,315.0,22434.18,2243.42,2467.76,27145.36,11401.05,38546.42
PAY-2026-2961,CAND-1040,MISS-12715,2024-05-02,630.0,32131.33,3213.13,3534.45,38878.91,16329.14,55208.05
PAY-2026-2962,CAND-1453,MISS-10897,2025-02-07,17.5,1171.42,117.14,128.86,1417.42,595.32,2012.74
PAY-2026-2963,CAND-1122,MISS-11981,2025-11-01,35.0,2358.54,235.85,259.44,2853.84,1198.61,4052.45
PAY-2026-2964,CAND-1383,MISS-12888,2025-05-23,630.0,43355.64,4335.56,4769.12,52460.32,22033.33,74493.65
PAY-2026-2965,CAND-1334,MISS-11606,2025-01-12,35.0,1609.26,160.93,177.02,1947.21,817.83,2765.04
PAY-2026-2966,CAND-1161,MISS-11292,2026-07-29,210.0,14180.62,1418.06,1559.87,17158.55,7206.59,24365.14
PAY-2026-2967,CAND-1413,MISS-13079,2024-04-02,70.0,3749.86,374.99,412.48,4537.33,1905.68,6443.01
PAY-2026-2968,CAND-1168,MISS-10100,2025-01-09,35.0,1912.88,191.29,210.42,2314.59,972.13,3286.72
PAY-2026-2969,CAND-1216,MISS-12183,2024-03-05,35.0,2554.14,255.41,280.96,3090.51,1298.01,4388.52
PAY-2026-2970,CAND-1360,MISS-13267,2024-04-03,210.0,7089.16,708.92,779.81,8577.88,3602.71,12180.59
PAY-2026-2971,CAND-1195,MISS-12962,2024-08-04,70.0,3925.38,392.54,431.79,4749.71,1994.88,6744.59
PAY-2026-2972,CAND-1120,MISS-12805,2025-07-11,630.0,37395.29,3739.53,4113.48,45248.3,19004.29,64252.59
PAY-2026-2973,CAND-1196,MISS-12904,2024-05-10,70.0,4802.43,480.24,528.27,5810.94,2440.59,8251.54
PAY-2026-2974,CAND-1196,MISS-12904,2024-05-10,70.0,4802.43,480.24,528.27,5810.94,2440.59,8251.54
PAY-2026-2975,CAND-1079,MISS-10080,2025-04-10,70.0,5097.44,509.74,560.72,6167.9,2590.52,8758.42
PAY-2026-2976,CAND-1089,MISS-11485,2025-11-26,210.0,7602.33,760.23,836.26,9198.82,3863.5,13062.32
PAY-2026-2977,CAND-1103,MISS-12938,2026-03-16,210.0,14218.52,1421.85,1564.04,17204.42,7225.85,24430.27
PAY-2026-2978,CAND-1168,MISS-10591,2024-07-30,35.0,1415.4,141.54,155.69,1712.63,719.31,2431.94
PAY-2026-2979,CAND-1166,MISS-10754,2024-03-23,70.0,4774.98,477.5,525.25,5777.72,2426.64,8204.36
PAY-2026-2980,CAND-1137,MISS-10446,2024-06-18,70.0,3860.94,386.09,424.7,4671.73,1962.13,6633.86
PAY-2026-2981,CAND-1121,MISS-12326,2024-04-28,315.0,21337.57,2133.76,2347.13,25818.46,10843.75,36662.21
PAY-2026-2982,CAND-1437,MISS-10004,2026-02-02,630.0,33275.14,3327.51,3660.27,40262.92,16910.43,57173.35
PAY-2026-2983,CAND-1062,MISS-13488,2026-01-24,630.0,20433.36,2043.34,2247.67,24724.37,10384.23,35108.6
PAY-2026-2984,CAND-1425,MISS-13146,2026-04-23,70.0,3490.58,349.06,383.96,4223.6,1773.91,5997.51
PAY-2026-2985,CAND-1317,MISS-10396,2026-02-25,70.0,4365.67,436.57,480.22,5282.46,2218.63,7501.09
PAY-2026-2986,CAND-1390,MISS-12119,2024-05-17,35.0,1280.27,128.03,140.83,1549.13,650.63,2199.76
PAY-2026-2987,CAND-1497,MISS-12135,2025-05-13,35.0,2495.0,249.5,274.45,3018.96,1267.96,4286.92
PAY-2026-2988,CAND-1280,MISS-11890,2025-10-12,630.0,40275.95,4027.6,4430.35,48733.9,20468.24,69202.14
PAY-2026-2989,CAND-1201,MISS-10237,2026-06-14,35.0,2553.77,255.38,280.91,3090.06,1297.83,4387.89
PAY-2026-2990,CAND-1084,MISS-11089,2024-06-05,70.0,4649.84,464.98,511.48,5626.31,2363.05,7989.36
PAY-2026-2991,CAND-1479,MISS-10147,2024-06-05,315.0,13066.32,1306.63,1437.3,15810.25,6640.3,22450.55
PAY-2026-2992,CAND-1301,MISS-13082,2025-08-26,210.0,12282.86,1228.29,1351.11,14862.26,6242.15,21104.41
PAY-2026-2993,CAND-1146,MISS-11652,2024-11-20,630.0,19729.02,1972.9,2170.19,23872.11,10026.29,33898.4
PAY-2026-2994,CAND-1247,MISS-12952,2024-11-02,35.0,1537.88,153.79,169.17,1860.84,781.55,2642.39
PAY-2026-2995,CAND-1459,MISS-10760,2026-05-04,70.0,5190.27,519.03,570.93,6280.22,2637.69,8917.91
PAY-2026-2996,CAND-1419,MISS-13397,2025-05-20,35.0,1209.02,120.9,132.99,1462.91,614.42,2077.33
PAY-2026-2997,CAND-1043,MISS-13210,2024-02-05,35.0,1945.26,194.53,213.98,2353.76,988.58,3342.34
PAY-2026-2998,CAND-1086,MISS-12204,2025-02-12,35.0,1101.43,110.14,121.16,1332.73,559.75,1892.48
PAY-2026-2999,CAND-1362,MISS-12439,2025-03-21,17.5,1237.61,123.76,136.14,1497.51,628.95,2126.46
PAY-2026-3000,CAND-1164,MISS-11539,2026-06-22,70.0,2639.86,263.99,290.39,3194.24,1341.58,4535.82
PAY-2026-3001,CAND-1351,MISS-13284,2026-03-27,210.0,6504.22,650.42,715.46,7870.11,3305.45,11175.56
PAY-2026-3002,CAND-1242,MISS-11365,2025-06-12,35.0,2538.38,253.84,279.22,3071.43,1290.0,4361.44
PAY-2026-3003,CAND-1006,MISS-12605,2024-04-02,70.0,2879.59,287.96,316.75,3484.3,1463.41,4947.71
PAY-2026-3004,CAND-1445,MISS-10626,2024-04-21,35.0,1060.79,106.08,116.69,1283.56,539.09,1822.65
PAY-2026-3005,CAND-1012,MISS-10761,2025-12-17,210.0,12898.12,1289.81,1418.79,15606.73,6554.83,22161.56
PAY-2026-3006,CAND-1300,MISS-12842,2024-08-04,35.0,1536.2,153.62,168.98,1858.8,780.69,2639.49
PAY-2026-3007,CAND-1366,MISS-13010,2025-08-04,315.0,20687.8,2068.78,2275.66,25032.24,10513.54,35545.79
PAY-2026-3008,CAND-1466,MISS-10270,2025-05-11,70.0,4701.48,470.15,517.16,5688.8,2389.29,8078.09
PAY-2026-3009,CAND-1265,MISS-12631,2025-01-28,210.0,6350.22,635.02,698.52,7683.76,3227.18,10910.94
PAY-2026-3010,CAND-1086,MISS-12440,2024-02-29,70.0,2719.26,271.93,299.12,3290.31,1381.93,4672.24
PAY-2026-3011,CAND-1445,MISS-12544,2026-08-05,35.0,2516.28,251.63,276.79,3044.7,1278.77,4323.47
PAY-2026-3012,CAND-1299,MISS-12002,2025-08-03,35.0,1897.81,189.78,208.76,2296.35,964.47,3260.82
PAY-2026-3013,CAND-1175,MISS-12427,2026-04-15,70.0,3435.44,343.54,377.9,4156.88,1745.89,5902.77
PAY-2026-3014,CAND-1050,MISS-12302,2024-03-13,35.0,2230.81,223.08,245.39,2699.28,1133.7,3832.98
PAY-2026-3015,CAND-1042,MISS-12224,2025-10-27,35.0,1276.04,127.6,140.36,1544.01,648.49,2192.5
PAY-2026-3016,CAND-1472,MISS-11518,2024-06-24,70.0,3112.49,311.25,342.37,3766.11,1581.77,5347.88
PAY-2026-3017,CAND-1264,MISS-13472,2024-05-21,70.0,3563.57,356.36,391.99,4311.92,1811.01,6122.93
PAY-2026-3018,CAND-1040,MISS-10304,2024-05-01,70.0,2274.18,227.42,250.16,2751.75,1155.74,3907.49
PAY-2026-3019,CAND-1062,MISS-11212,2025-10-27,210.0,9648.84,964.88,1061.37,11675.1,4903.54,16578.65
PAY-2026-3020,CAND-1270,MISS-12899,2026-06-28,210.0,14558.48,1455.85,1601.43,17615.77,7398.62,25014.39
PAY-2026-3021,CAND-1428,MISS-10799,2026-07-19,35.0,2161.28,216.13,237.74,2615.15,1098.37,3713.52
PAY-2026-3022,CAND-1061,MISS-11856,2025-06-09,70.0,2679.44,267.94,294.74,3242.12,1361.69,4603.81
PAY-2026-3023,CAND-1191,MISS-11472,2025-05-30,315.0,15762.52,1576.25,1733.88,19072.64,8010.51,27083.15
PAY-2026-3024,CAND-1188,MISS-12368,2026-04-12,630.0,44656.91,4465.69,4912.26,54034.86,22694.64,76729.5
PAY-2026-3025,CAND-1136,MISS-10358,2026-06-27,630.0,36541.04,3654.1,4019.51,44214.66,18570.16,62784.82
PAY-2026-3026,CAND-1036,MISS-10192,2026-04-20,70.0,5161.69,516.17,567.79,6245.64,2623.17,8868.81
PAY-2026-3027,CAND-1360,MISS-13239,2026-06-05,17.5,803.65,80.37,88.4,972.42,408.41,1380.83
PAY-2026-3028,CAND-1133,MISS-12519,2024-12-06,210.0,11327.22,1132.72,1245.99,13705.94,5756.5,19462.44
PAY-2026-3029,CAND-1451,MISS-11480,2026-03-06,630.0,27561.06,2756.11,3031.72,33348.88,14006.53,47355.41
PAY-2026-3030,CAND-1135,MISS-10098,2024-06-18,210.0,13872.38,1387.24,1525.96,16785.58,7049.94,23835.52
PAY-2026-3031,CAND-1001,MISS-12711,2024-04-13,315.0,14066.3,1406.63,1547.29,17020.22,7148.49,24168.72
PAY-2026-3032,CAND-1325,MISS-10823,2025-05-19,70.0,4029.18,402.92,443.21,4875.31,2047.63,6922.95
PAY-2026-3033,CAND-1391,MISS-12869,2024-12-25,17.5,971.84,97.18,106.9,1175.92,493.89,1669.81
PAY-2026-3034,CAND-1136,MISS-10085,2025-06-05,70.0,3878.13,387.81,426.59,4692.54,1970.87,6663.4
PAY-2026-3035,CAND-1008,MISS-13443,2024-08-03,315.0,19226.62,1922.66,2114.93,23264.2,9770.97,33035.17
PAY-2026-3036,CAND-1421,MISS-11220,2024-03-28,17.5,534.74,53.47,58.82,647.04,271.75,918.79
PAY-2026-3037,CAND-1315,MISS-12197,2025-02-04,35.0,1222.92,122.29,134.52,1479.74,621.49,2101.23
PAY-2026-3038,CAND-1038,MISS-12765,2025-02-24,210.0,14922.44,1492.24,1641.47,18056.16,7583.59,25639.74
PAY-2026-3039,CAND-1234,MISS-11348,2024-08-06,70.0,4268.2,426.82,469.5,5164.52,2169.1,7333.61
PAY-2026-3040,CAND-1141,MISS-12074,2025-09-27,315.0,18488.78,1848.88,2033.77,22371.42,9396.0,31767.41
PAY-2026-3041,CAND-1219,MISS-12414,2025-12-07,17.5,678.86,67.89,74.67,821.42,345.0,1166.42
PAY-2026-3042,CAND-1490,MISS-13419,2024-07-29,630.0,37732.72,3773.27,4150.6,45656.6,19175.77,64832.37
PAY-2026-3043,CAND-1279,MISS-11997,2025-11-17,35.0,1739.88,173.99,191.39,2105.25,884.21,2989.46
PAY-2026-3044,CAND-1393,MISS-10116,2024-09-09,210.0,9079.72,907.97,998.77,10986.46,4614.31,15600.77
PAY-2026-3045,CAND-1202,MISS-12930,2024-10-11,17.5,763.12,76.31,83.94,923.38,387.82,1311.2
PAY-2026-3046,CAND-1392,MISS-12980,2025-11-06,70.0,3848.84,384.88,423.37,4657.09,1955.98,6613.07
PAY-2026-3047,CAND-1282,MISS-10927,2024-07-31,630.0,27369.34,2736.93,3010.63,33116.91,13909.1,47026.01
PAY-2026-3048,CAND-1104,MISS-12763,2025-10-31,210.0,8032.26,803.23,883.55,9719.04,4082.0,13801.04
PAY-2026-3049,CAND-1333,MISS-12999,2024-03-06,17.5,746.36,74.64,82.1,903.1,379.3,1282.4
PAY-2026-3050,CAND-1099,MISS-11639,2025-11-18,630.0,45057.56,4505.76,4956.33,54519.64,22898.25,77417.89
PAY-2026-3051,CAND-1279,MISS-11997,2025-11-17,35.0,1739.88,173.99,191.39,2105.25,884.21,2989.46
PAY-2026-3052,CAND-1403,MISS-13461,2026-09-01,35.0,1368.5,136.85,150.53,1655.88,695.47,2351.35
PAY-2026-3053,CAND-1456,MISS-12683,2024-04-07,17.5,885.46,88.55,97.4,1071.41,449.99,1521.41
PAY-2026-3054,CAND-1455,MISS-10658,2025-10-11,35.0,1630.44,163.04,179.35,1972.83,828.59,2801.42
PAY-2026-3055,CAND-1390,MISS-13187,2024-04-21,70.0,3007.12,300.71,330.78,3638.62,1528.22,5166.84
PAY-2026-3056,CAND-1382,MISS-12223,2026-01-31,35.0,2534.72,253.47,278.82,3067.01,1288.14,4355.16
PAY-2026-3057,CAND-1041,MISS-10171,2025-10-16,70.0,4088.26,408.83,449.71,4946.79,2077.65,7024.45
PAY-2026-3058,CAND-1423,MISS-12559,2025-11-29,35.0,1563.79,156.38,172.02,1892.19,794.72,2686.9
PAY-2026-3059,CAND-1093,MISS-12022,2025-09-27,70.0,4413.5,441.35,485.49,5340.34,2242.94,7583.28
PAY-2026-3060,CAND-1096,MISS-12753,2024-08-04,210.0,9842.8,984.28,1082.71,11909.78,5002.11,16911.89
PAY-2026-3061,CAND-1217,MISS-10716,2026-09-03,210.0,9596.54,959.65,1055.62,11611.81,4876.96,16488.77
PAY-2026-3062,CAND-1469,MISS-13316,2024-09-17,70.0,3276.59,327.66,360.42,3964.67,1665.16,5629.84
PAY-2026-3063,CAND-1149,MISS-12732,2024-02-03,630.0,32521.02,3252.1,3577.31,39350.44,16527.18,55877.63
PAY-2026-3064,CAND-1164,MISS-13280,2025-08-04,70.0,4333.75,433.38,476.71,5243.84,2202.41,7446.25
PAY-2026-3065,CAND-1088,MISS-12729,2026-03-28,70.0,4195.18,419.52,461.47,5076.16,2131.99,7208.15
PAY-2026-3066,CAND-1371,MISS-10695,2025-04-03,70.0,4049.64,404.96,445.46,4900.06,2058.02,6958.08
PAY-2026-3067,CAND-1142,MISS-11974,2025-06-17,70.0,2971.18,297.12,326.83,3595.12,1509.95,5105.07
PAY-2026-3068,CAND-1454,MISS-11839,2024-12-15,210.0,9850.36,985.04,1083.54,11918.94,5005.96,16924.9
PAY-2026-3069,CAND-1020,MISS-12615,2024-02-11,17.5,805.25,80.53,88.58,974.35,409.23,1383.58
PAY-2026-3070,CAND-1101,MISS-10286,2025-08-10,17.5,1130.32,113.03,124.33,1367.68,574.43,1942.11
PAY-2026-3071,CAND-1335,MISS-11951,2026-08-20,210.0,6305.5,630.55,693.6,7629.66,3204.46,10834.11
PAY-2026-3072,CAND-1135,MISS-10657,2024-12-07,70.0,3099.98,310.0,341.0,3750.98,1575.41,5326.39
PAY-2026-3073,CAND-1335,MISS-11985,2024-12-06,70.0,2629.35,262.94,289.23,3181.51,1336.24,4517.75
PAY-2026-3074,CAND-1452,MISS-11085,2026-05-05,70.0,2259.36,225.94,248.53,2733.82,1148.2,3882.02
PAY-2026-3075,CAND-1041,MISS-10173,2026-09-04,210.0,12523.26,1252.33,1377.56,15153.14,6364.32,21517.46
PAY-2026-3076,CAND-1266,MISS-10539,2025-10-20,35.0,1427.12,142.71,156.98,1726.82,725.26,2452.09
PAY-2026-3077,CAND-1107,MISS-13409,2024-10-16,17.5,1000.28,100.03,110.03,1210.33,508.34,1718.67
PAY-2026-3078,CAND-1175,MISS-11148,2024-11-28,315.0,9960.08,996.01,1095.61,12051.7,5061.72,17113.42
PAY-2026-3079,CAND-1025,MISS-10569,2025-05-26,35.0,1508.76,150.88,165.96,1825.59,766.75,2592.34
PAY-2026-3080,CAND-1092,MISS-10259,2026-03-02,70.0,2761.84,276.18,303.8,3341.83,1403.57,4745.39
PAY-2026-3081,CAND-1163,MISS-11682,2026-08-18,210.0,7873.96,787.4,866.14,9527.49,4001.55,13529.04
PAY-2026-3082,CAND-1230,MISS-10130,2025-07-08,70.0,2341.5,234.15,257.56,2833.22,1189.95,4023.17
PAY-2026-3083,CAND-1388,MISS-11561,2025-10-04,315.0,15014.23,1501.42,1651.57,18167.22,7630.23,25797.45
PAY-2026-3084,CAND-1170,MISS-11957,2025-04-04,210.0,9444.72,944.47,1038.92,11428.11,4799.81,16227.92
PAY-2026-3085,CAND-1011,MISS-10770,2025-12-15,17.5,1003.22,100.32,110.35,1213.9,509.84,1723.73
PAY-2026-3086,CAND-1130,MISS-10190,2025-09-07,35.0,1573.32,157.33,173.07,1903.72,799.56,2703.29
PAY-2026-3087,CAND-1370,MISS-12657,2024-08-23,70.0,2572.66,257.27,282.99,3112.92,1307.43,4420.35
PAY-2026-3088,CAND-1268,MISS-11093,2025-06-18,315.0,22213.56,2221.36,2443.49,26878.41,11288.93,38167.35
PAY-2026-3089,CAND-1208,MISS-12433,2024-02-13,630.0,39488.74,3948.87,4343.76,47781.37,20068.18,67849.54
PAY-2026-3090,CAND-1115,MISS-10426,2025-10-04,70.0,4463.02,446.3,490.93,5400.25,2268.11,7668.36
PAY-2026-3091,CAND-1059,MISS-10692,2026-01-28,70.0,5137.39,513.74,565.11,6216.24,2610.82,8827.06
PAY-2026-3092,CAND-1046,MISS-11345,2024-11-03,35.0,2044.86,204.49,224.94,2474.29,1039.2,3513.49
PAY-2026-3093,CAND-1310,MISS-10825,2025-01-07,35.0,1953.41,195.34,214.88,2363.63,992.72,3356.35
PAY-2026-3094,CAND-1474,MISS-10745,2024-10-24,35.0,1474.56,147.46,162.2,1784.22,749.37,2533.59
PAY-2026-3095,CAND-1467,MISS-10214,2026-07-30,17.5,1272.12,127.21,139.93,1539.27,646.49,2185.77
PAY-2026-3096,CAND-1163,MISS-11789,2024-09-21,315.0,13753.7,1375.37,1512.91,16641.98,6989.63,23631.62
PAY-2026-3097,CAND-1095,MISS-10410,2024-08-12,17.5,902.83,90.28,99.31,1092.42,458.82,1551.24
PAY-2026-3098,CAND-1330,MISS-12725,2025-12-23,630.0,41636.56,4163.66,4580.02,50380.23,21159.7,71539.93
PAY-2026-3099,CAND-1375,MISS-11631,2024-04-27,17.5,1083.05,108.3,119.14,1310.49,550.41,1860.9
PAY-2026-3100,CAND-1234,MISS-10721,2025-01-03,630.0,25264.98,2526.5,2779.15,30570.63,12839.66,43410.29
PAY-2026-3101,CAND-1377,MISS-11438,2026-08-09,35.0,2501.7,250.17,275.19,3027.06,1271.37,4298.43
PAY-2026-3102,CAND-1490,MISS-13419,2024-07-29,630.0,37732.72,3773.27,4150.6,45656.6,19175.77,64832.37
PAY-2026-3103,CAND-1302,MISS-13144,2024-03-21,315.0,22566.2,2256.62,2482.28,27305.1,11468.14,38773.24
PAY-2026-3104,CAND-1380,MISS-13008,2026-07-22,210.0,12233.43,1223.34,1345.68,14802.45,6217.03,21019.48
PAY-2026-3105,CAND-1141,MISS-12313,2026-07-18,210.0,13695.91,1369.59,1506.55,16572.05,6960.26,23532.31
PAY-2026-3106,CAND-1040,MISS-13258,2025-08-25,210.0,14865.76,1486.58,1635.23,17987.57,7554.78,25542.35
PAY-2026-3107,CAND-1364,MISS-10780,2024-10-13,17.5,1028.05,102.8,113.09,1243.94,522.46,1766.4
PAY-2026-3108,CAND-1353,MISS-11306,2026-04-12,35.0,1601.07,160.11,176.12,1937.29,813.66,2750.96
PAY-2026-3109,CAND-1427,MISS-12199,2025-08-13,210.0,9633.03,963.3,1059.63,11655.97,4895.51,16551.47
PAY-2026-3110,CAND-1296,MISS-13423,2025-05-03,70.0,3136.08,313.61,344.97,3794.66,1593.76,5388.41
PAY-2026-3111,CAND-1261,MISS-10559,2025-10-17,17.5,920.24,92.02,101.23,1113.5,467.67,1581.16
PAY-2026-3112,CAND-1479,MISS-10501,2024-09-10,210.0,8600.98,860.1,946.11,10407.18,4371.02,14778.2
PAY-2026-3113,CAND-1036,MISS-13357,2024-07-07,315.0,21395.54,2139.55,2353.51,25888.6,10873.21,36761.81
PAY-2026-3114,CAND-1032,MISS-11453,2024-11-04,35.0,2393.92,239.39,263.33,2896.64,1216.59,4113.23
PAY-2026-3115,CAND-1499,MISS-13269,2026-06-13,630.0,37585.1,3758.51,4134.36,45477.97,19100.75,64578.72
PAY-2026-3116,CAND-1162,MISS-10811,2025-03-21,210.0,8754.5,875.45,963.0,10592.95,4449.04,15041.98
PAY-2026-3117,CAND-1102,MISS-11843,2026-08-22,210.0,12127.77,1212.78,1334.05,14674.6,6163.33,20837.93
PAY-2026-3118,CAND-1102,MISS-10282,2024-05-30,35.0,1474.34,147.43,162.18,1783.96,749.26,2533.22
PAY-2026-3119,CAND-1058,MISS-10874,2025-02-01,70.0,3452.56,345.26,379.78,4177.59,1754.59,5932.18
PAY-2026-3120,CAND-1393,MISS-11842,2024-12-19,70.0,2953.94,295.39,324.93,3574.27,1501.19,5075.47
PAY-2026-3121,CAND-1249,MISS-11205,2024-10-07,210.0,13262.48,1326.25,1458.87,16047.6,6739.99,22787.59
PAY-2026-3122,CAND-1298,MISS-12809,2026-05-05,70.0,5135.0,513.5,564.85,6213.34,2609.6,8822.95
PAY-2026-3123,CAND-1401,MISS-11361,2024-04-27,630.0,32413.08,3241.31,3565.44,39219.83,16472.33,55692.16
PAY-2026-3124,CAND-1404,MISS-11542,2025-06-07,35.0,1487.59,148.76,163.63,1799.98,755.99,2555.98
PAY-2026-3125,CAND-1399,MISS-12819,2025-01-28,630.0,25113.21,2511.32,2762.45,30386.98,12762.53,43149.52
PAY-2026-3126,CAND-1173,MISS-12759,2026-06-14,35.0,1967.98,196.8,216.48,2381.25,1000.12,3381.37
PAY-2026-3127,CAND-1326,MISS-11187,2024-05-14,17.5,1236.51,123.65,136.02,1496.17,628.39,2124.56
PAY-2026-3128,CAND-1467,MISS-11054,2024-12-13,315.0,12964.4,1296.44,1426.08,15686.93,6588.51,22275.44
PAY-2026-3129,CAND-1485,MISS-13398,2026-04-22,70.0,2574.18,257.42,283.16,3114.76,1308.2,4422.96
PAY-2026-3130,CAND-1298,MISS-11436,2024-11-23,210.0,11684.15,1168.42,1285.26,14137.82,5937.89,20075.71
PAY-2026-3131,CAND-1145,MISS-10798,2025-12-15,70.0,2208.3,220.83,242.91,2672.04,1122.26,3794.3
PAY-2026-3132,CAND-1052,MISS-11121,2024-07-21,210.0,11345.86,1134.59,1248.05,13728.5,5765.97,19494.47
PAY-2026-3133,CAND-1410,MISS-10342,2024-07-29,70.0,2994.8,299.48,329.43,3623.7,1521.95,5145.66
PAY-2026-3134,CAND-1437,MISS-10629,2024-03-22,70.0,5067.74,506.77,557.45,6131.97,2575.43,8707.39
PAY-2026-3135,CAND-1104,MISS-12714,2024-10-08,315.0,14613.4,1461.34,1607.47,17682.22,7426.53,25108.75
PAY-2026-3136,CAND-1453,MISS-10743,2024-11-19,210.0,14309.25,1430.93,1574.02,17314.19,7271.96,24586.15
PAY-2026-3137,CAND-1085,MISS-12412,2024-03-16,70.0,4823.72,482.37,530.61,5836.7,2451.41,8288.11
PAY-2026-3138,CAND-1474,MISS-10745,2024-10-24,35.0,1474.56,147.46,162.2,1784.22,749.37,2533.59
PAY-2026-3139,CAND-1092,MISS-12195,2025-01-23,70.0,3163.34,316.33,347.97,3827.65,1607.61,5435.26
PAY-2026-3140,CAND-1403,MISS-11733,2026-02-08,210.0,6552.6,655.26,720.79,7928.65,3330.03,11258.68
PAY-2026-3141,CAND-1390,MISS-12932,2024-03-28,70.0,3232.82,323.28,355.61,3911.71,1642.92,5554.63
PAY-2026-3142,CAND-1470,MISS-11772,2025-02-16,17.5,1231.74,123.17,135.49,1490.41,625.97,2116.38
PAY-2026-3143,CAND-1188,MISS-12642,2024-03-27,210.0,14930.76,1493.08,1642.38,18066.23,7587.81,25654.04
PAY-2026-3144,CAND-1087,MISS-13350,2024-04-02,315.0,19657.16,1965.72,2162.29,23785.17,9989.77,33774.94
PAY-2026-3145,CAND-1064,MISS-13465,2026-06-20,17.5,933.08,93.31,102.64,1129.03,474.19,1603.22
PAY-2026-3146,CAND-1127,MISS-10513,2025-01-10,70.0,2974.31,297.43,327.17,3598.92,1511.54,5110.46
PAY-2026-3147,CAND-1074,MISS-12524,2024-09-04,315.0,9733.65,973.36,1070.7,11777.72,4946.64,16724.36
PAY-2026-3148,CAND-1064,MISS-11309,2024-05-06,35.0,2196.68,219.67,241.63,2657.98,1116.35,3774.33
PAY-2026-3149,CAND-1139,MISS-12532,2024-04-09,315.0,11298.56,1129.86,1242.84,13671.26,5741.93,19413.19
PAY-2026-3150,CAND-1497,MISS-12135,2025-05-13,35.0,2495.0,249.5,274.45,3018.96,1267.96,4286.92
PAY-2026-3151,CAND-1360,MISS-11681,2024-02-27,630.0,42260.74,4226.07,4648.68,51135.5,21476.91,72612.41
PAY-2026-3152,CAND-1430,MISS-12409,2024-06-04,315.0,19541.32,1954.13,2149.55,23645.0,9930.9,33575.9
PAY-2026-3153,CAND-1324,MISS-11419,2024-09-12,315.0,17668.86,1766.89,1943.57,21379.31,8979.31,30358.63
PAY-2026-3154,CAND-1454,MISS-11839,2024-12-15,210.0,9850.36,985.04,1083.54,11918.94,5005.96,16924.9
PAY-2026-3155,CAND-1240,MISS-11920,2024-03-29,70.0,4604.76,460.48,506.52,5571.75,2340.14,7911.89
PAY-2026-3156,CAND-1337,MISS-11112,2025-12-09,630.0,42231.25,4223.12,4645.44,51099.81,21461.92,72561.73
PAY-2026-3157,CAND-1051,MISS-12703,2025-06-15,35.0,2432.43,243.24,267.57,2943.24,1236.16,4179.4
PAY-2026-3158,CAND-1178,MISS-10011,2026-07-13,70.0,3751.4,375.14,412.65,4539.19,1906.46,6445.66
PAY-2026-3159,CAND-1477,MISS-10209,2026-04-30,70.0,4173.32,417.33,459.07,5049.72,2120.88,7170.61
PAY-2026-3160,CAND-1289,MISS-13045,2026-04-14,35.0,1172.81,117.28,129.01,1419.1,596.02,2015.12
PAY-2026-3161,CAND-1220,MISS-12553,2024-05-02,17.5,828.14,82.81,91.09,1002.04,420.86,1422.9
PAY-2026-3162,CAND-1329,MISS-13198,2025-12-26,35.0,1641.16,164.12,180.53,1985.8,834.04,2819.84
PAY-2026-3163,CAND-1427,MISS-12199,2025-08-13,210.0,9633.03,963.3,1059.63,11655.97,4895.51,16551.47
PAY-2026-3164,CAND-1303,MISS-10913,2024-09-22,630.0,22634.8,2263.48,2489.83,27388.11,11503.01,38891.12
PAY-2026-3165,CAND-1056,MISS-13346,2025-02-11,70.0,4094.0,409.4,450.34,4953.75,2080.57,7034.32
PAY-2026-3166,CAND-1035,MISS-11678,2025-05-15,17.5,567.06,56.71,62.38,686.14,288.18,974.32
PAY-2026-3167,CAND-1142,MISS-11814,2025-07-12,210.0,11118.48,1111.85,1223.03,13453.36,5650.41,19103.77
PAY-2026-3168,CAND-1475,MISS-10031,2026-07-16,630.0,23373.66,2337.37,2571.1,28282.12,11878.49,40160.61
PAY-2026-3169,CAND-1211,MISS-11753,2026-08-01,35.0,1204.68,120.47,132.52,1457.67,612.22,2069.89
PAY-2026-3170,CAND-1037,MISS-12193,2026-03-10,70.0,4237.01,423.7,466.07,5126.78,2153.25,7280.03
PAY-2026-3171,CAND-1329,MISS-10912,2026-04-14,70.0,4324.15,432.42,475.66,5232.22,2197.53,7429.75
PAY-2026-3172,CAND-1102,MISS-11909,2026-01-21,315.0,13799.86,1379.99,1517.98,16697.82,7013.09,23710.91
PAY-2026-3173,CAND-1299,MISS-11867,2025-10-23,210.0,13687.4,1368.74,1505.61,16561.75,6955.94,23517.69
PAY-2026-3174,CAND-1432,MISS-10516,2026-06-11,70.0,5249.94,524.99,577.49,6352.42,2668.02,9020.44
PAY-2026-3175,CAND-1253,MISS-10976,2025-12-31,70.0,3533.66,353.37,388.7,4275.72,1795.8,6071.53
PAY-2026-3176,CAND-1030,MISS-10208,2026-05-07,315.0,13101.52,1310.15,1441.17,15852.85,6658.2,22511.04
PAY-2026-3177,CAND-1042,MISS-12224,2025-10-27,35.0,1276.04,127.6,140.36,1544.01,648.49,2192.5
PAY-2026-3178,CAND-1421,MISS-12118,2025-05-26,70.0,2204.39,220.44,242.48,2667.31,1120.27,3787.57
PAY-2026-3179,CAND-1424,MISS-11921,2024-10-06,17.5,1156.98,115.7,127.27,1399.95,587.98,1987.93
PAY-2026-3180,CAND-1458,MISS-10672,2025-03-24,210.0,12944.72,1294.47,1423.92,15663.11,6578.51,22241.62
PAY-2026-3181,CAND-1177,MISS-12278,2024-03-21,70.0,2491.5,249.15,274.07,3014.72,1266.18,4280.9
PAY-2026-3182,CAND-1303,MISS-13118,2025-03-21,210.0,6902.44,690.24,759.27,8351.95,3507.82,11859.76
PAY-2026-3183,CAND-1447,MISS-10285,2026-02-28,35.0,1400.6,140.06,154.07,1694.73,711.78,2406.51
PAY-2026-3184,CAND-1020,MISS-12615,2024-02-11,17.5,805.25,80.53,88.58,974.35,409.23,1383.58
PAY-2026-3185,CAND-1024,MISS-12272,2024-04-18,210.0,11424.82,1142.48,1256.73,13824.04,5806.1,19630.13
PAY-2026-3186,CAND-1258,MISS-13318,2025-05-15,210.0,6348.14,634.81,698.3,7681.25,3226.12,10907.37
PAY-2026-3187,CAND-1056,MISS-13300,2025-01-07,70.0,4775.12,477.51,525.26,5777.9,2426.72,8204.61
PAY-2026-3188,CAND-1486,MISS-10419,2025-08-06,210.0,13543.75,1354.38,1489.81,16387.94,6882.93,23270.87
PAY-2026-3189,CAND-1417,MISS-11350,2024-10-31,17.5,1017.21,101.72,111.89,1230.82,516.95,1747.77
PAY-2026-3190,CAND-1041,MISS-11471,2024-08-01,210.0,12972.34,1297.23,1426.96,15696.53,6592.54,22289.07
PAY-2026-3191,CAND-1472,MISS-12443,2024-11-05,35.0,1293.97,129.4,142.34,1565.71,657.6,2223.31
PAY-2026-3192,CAND-1132,MISS-11837,2025-10-04,70.0,3700.93,370.09,407.1,4478.13,1880.81,6358.94
PAY-2026-3193,CAND-1380,MISS-11757,2026-07-30,630.0,26131.08,2613.11,2874.42,31618.6,13279.81,44898.41
PAY-2026-3194,CAND-1154,MISS-10978,2026-05-15,17.5,765.96,76.6,84.26,926.81,389.26,1316.06
PAY-2026-3195,CAND-1265,MISS-11986,2026-08-04,70.0,4597.44,459.74,505.72,5562.9,2336.42,7899.31
PAY-2026-3196,CAND-1496,MISS-11514,2025-01-22,70.0,4200.46,420.05,462.05,5082.56,2134.67,7217.23
PAY-2026-3197,CAND-1013,MISS-10144,2024-04-24,315.0,15177.16,1517.72,1669.49,18364.36,7713.03,26077.4
PAY-2026-3198,CAND-1069,MISS-11987,2024-05-23,70.0,2284.61,228.46,251.31,2764.38,1161.04,3925.43
PAY-2026-3199,CAND-1467,MISS-12927,2026-07-04,630.0,31238.2,3123.82,3436.2,37798.22,15875.25,53673.48
PAY-2026-3200,CAND-1102,MISS-10703,2024-09-21,210.0,7950.71,795.07,874.58,9620.36,4040.55,13660.91
PAY-2026-3201,CAND-1118,MISS-13458,2024-03-20,630.0,30545.82,3054.58,3360.04,36960.44,15523.38,52483.82
PAY-2026-3202,CAND-1208,MISS-10896,2024-11-12,70.0,4855.25,485.52,534.08,5874.85,2467.44,8342.29
PAY-2026-3203,CAND-1013,MISS-12530,2024-07-08,17.5,832.87,83.29,91.62,1007.77,423.26,1431.04
PAY-2026-3204,CAND-1017,MISS-11941,2026-07-24,70.0,2962.45,296.24,325.87,3584.56,1505.52,5090.08
PAY-2026-3205,CAND-1130,MISS-10190,2025-09-07,35.0,1573.32,157.33,173.07,1903.72,799.56,2703.29
PAY-2026-3206,CAND-1041,MISS-10171,2025-10-16,70.0,4088.26,408.83,449.71,4946.79,2077.65,7024.45
PAY-2026-3207,CAND-1498,MISS-10338,2024-03-05,210.0,10635.14,1063.51,1169.87,12868.53,5404.78,18273.31
PAY-2026-3208,CAND-1338,MISS-12467,2026-08-30,315.0,13623.34,1362.33,1498.57,16484.24,6923.38,23407.61
PAY-2026-3209,CAND-1114,MISS-11960,2025-08-08,210.0,13965.6,1396.56,1536.22,16898.38,7097.32,23995.69
PAY-2026-3210,CAND-1441,MISS-13230,2025-01-14,35.0,1711.88,171.19,188.31,2071.37,869.98,2941.35
PAY-2026-3211,CAND-1462,MISS-12349,2024-07-10,70.0,4791.24,479.12,527.04,5797.41,2434.91,8232.32
PAY-2026-3212,CAND-1480,MISS-12490,2026-06-27,315.0,18372.02,1837.2,2020.92,22230.14,9336.66,31566.8
PAY-2026-3213,CAND-1407,MISS-11963,2025-10-25,70.0,4551.28,455.13,500.64,5507.05,2312.96,7820.02
PAY-2026-3214,CAND-1222,MISS-13101,2025-09-08,17.5,1042.48,104.25,114.67,1261.41,529.79,1791.2
PAY-2026-3215,CAND-1199,MISS-10094,2025-01-20,17.5,1251.04,125.1,137.61,1513.76,635.78,2149.55
PAY-2026-3216,CAND-1074,MISS-13016,2025-03-21,630.0,19972.73,1997.27,2197.0,24167.0,10150.14,34317.14
PAY-2026-3217,CAND-1280,MISS-10207,2026-04-20,315.0,17863.3,1786.33,1964.96,21614.59,9078.13,30692.72
PAY-2026-3218,CAND-1124,MISS-11694,2026-02-11,35.0,1952.34,195.23,214.76,2362.34,992.18,3354.52
PAY-2026-3219,CAND-1327,MISS-13236,2024-08-11,70.0,2175.43,217.54,239.3,2632.26,1105.55,3737.82
PAY-2026-3220,CAND-1344,MISS-10062,2024-12-15,35.0,2324.68,232.47,255.71,2812.86,1181.4,3994.26
PAY-2026-3221,CAND-1280,MISS-11890,2025-10-12,630.0,40275.95,4027.6,4430.35,48733.9,20468.24,69202.14
PAY-2026-3222,CAND-1421,MISS-12593,2024-11-26,70.0,2391.45,239.14,263.06,2893.65,1215.33,4108.99
PAY-2026-3223,CAND-1400,MISS-11620,2025-06-26,70.0,4518.52,451.85,497.04,5467.41,2296.31,7763.72
PAY-2026-3224,CAND-1421,MISS-12217,2026-08-01,17.5,623.16,62.32,68.55,754.02,316.69,1070.7
PAY-2026-3225,CAND-1200,MISS-12727,2024-05-26,630.0,36159.32,3615.93,3977.52,43752.77,18376.16,62128.94
PAY-2026-3226,CAND-1224,MISS-10030,2026-01-15,315.0,22434.18,2243.42,2467.76,27145.36,11401.05,38546.42
PAY-2026-3227,CAND-1234,MISS-12518,2025-04-07,35.0,2452.05,245.21,269.73,2966.98,1246.13,4213.11
PAY-2026-3228,CAND-1002,MISS-10369,2024-12-21,630.0,22546.14,2254.61,2480.07,27280.82,11457.95,38738.77
PAY-2026-3229,CAND-1165,MISS-11729,2024-04-10,70.0,4701.66,470.17,517.18,5689.0,2389.38,8078.38
PAY-2026-3230,CAND-1183,MISS-10947,2024-07-05,17.5,902.48,90.25,99.27,1092.01,458.64,1550.65
PAY-2026-3231,CAND-1244,MISS-10683,2024-12-16,70.0,2679.99,268.0,294.8,3242.79,1361.97,4604.76
PAY-2026-3232,CAND-1448,MISS-10964,2025-08-15,210.0,8183.94,818.39,900.23,9902.56,4159.08,14061.64
PAY-2026-3233,CAND-1460,MISS-11621,2024-08-17,315.0,19906.98,1990.7,2189.77,24087.45,10116.73,34204.17
PAY-2026-3234,CAND-1217,MISS-10734,2024-04-16,70.0,2314.4,231.44,254.58,2800.42,1176.18,3976.59
PAY-2026-3235,CAND-1471,MISS-13100,2025-02-01,17.5,1206.43,120.64,132.71,1459.78,613.11,2072.89
PAY-2026-3236,CAND-1159,MISS-12956,2024-11-30,315.0,14986.28,1498.63,1648.49,18133.4,7616.03,25749.43
PAY-2026-3237,CAND-1457,MISS-10694,2025-07-24,630.0,35593.19,3559.32,3915.25,43067.76,18088.46,61156.22
PAY-2026-3238,CAND-1427,MISS-12199,2025-08-13,210.0,9633.03,963.3,1059.63,11655.97,4895.51,16551.47
PAY-2026-3239,CAND-1034,MISS-11223,2025-12-17,210.0,10163.97,1016.4,1118.04,12298.4,5165.33,17463.73
PAY-2026-3240,CAND-1260,MISS-11833,2026-04-01,17.5,707.17,70.72,77.79,855.68,359.38,1215.06
PAY-2026-3241,CAND-1014,MISS-10348,2024-06-14,35.0,2431.93,243.19,267.51,2942.63,1235.9,4178.53
PAY-2026-3242,CAND-1360,MISS-13232,2025-10-31,70.0,4967.3,496.73,546.4,6010.43,2524.38,8534.81
PAY-2026-3243,CAND-1086,MISS-13218,2025-12-30,630.0,25025.86,2502.59,2752.84,30281.29,12718.14,42999.43
PAY-2026-3244,CAND-1295,MISS-12568,2025-07-17,17.5,1149.04,114.9,126.39,1390.34,583.94,1974.28
PAY-2026-3245,CAND-1161,MISS-11535,2024-02-24,70.0,3106.67,310.67,341.73,3759.07,1578.81,5337.88
PAY-2026-3246,CAND-1456,MISS-12610,2024-03-06,70.0,4048.39,404.84,445.32,4898.55,2057.39,6955.94
PAY-2026-3247,CAND-1068,MISS-10744,2024-03-21,70.0,3696.32,369.63,406.6,4472.55,1878.47,6351.03
PAY-2026-3248,CAND-1405,MISS-12754,2024-12-05,210.0,7286.31,728.63,801.49,8816.44,3702.9,12519.34
PAY-2026-3249,CAND-1136,MISS-11806,2026-07-07,70.0,4889.68,488.97,537.86,5916.51,2484.93,8401.44
PAY-2026-3250,CAND-1474,MISS-12484,2026-07-08,210.0,11567.92,1156.79,1272.47,13997.18,5878.82,19876.0
PAY-2026-3251,CAND-1429,MISS-12254,2025-02-04,35.0,1646.92,164.69,181.16,1992.77,836.96,2829.73
PAY-2026-3252,CAND-1327,MISS-11262,2026-04-25,17.5,1009.44,100.94,111.04,1221.42,512.99,1734.41
PAY-2026-3253,CAND-1362,MISS-13445,2024-04-23,35.0,1120.27,112.03,123.23,1355.53,569.32,1924.85
PAY-2026-3254,CAND-1399,MISS-10435,2024-03-07,315.0,21783.68,2178.37,2396.21,26358.26,11070.47,37428.73
PAY-2026-3255,CAND-1145,MISS-11190,2024-02-27,210.0,10379.33,1037.93,1141.73,12558.98,5274.77,17833.76
PAY-2026-3256,CAND-1344,MISS-10534,2025-05-27,70.0,4402.41,440.24,484.27,5326.92,2237.3,7564.22
PAY-2026-3257,CAND-1055,MISS-12287,2026-04-23,70.0,3429.73,342.97,377.27,4149.97,1742.99,5892.96
PAY-2026-3258,CAND-1367,MISS-10951,2024-10-02,70.0,4155.2,415.52,457.07,5027.79,2111.67,7139.46
PAY-2026-3259,CAND-1337,MISS-12093,2024-08-08,315.0,21737.68,2173.77,2391.15,26302.6,11047.09,37349.69
PAY-2026-3260,CAND-1079,MISS-11075,2025-07-14,35.0,2183.08,218.31,240.14,2641.53,1109.44,3750.97
PAY-2026-3261,CAND-1353,MISS-12185,2024-10-30,70.0,2633.4,263.34,289.67,3186.42,1338.3,4524.72
PAY-2026-3262,CAND-1021,MISS-10411,2024-03-28,70.0,3952.42,395.24,434.77,4782.43,2008.62,6791.05
PAY-2026-3263,CAND-1281,MISS-13250,2025-12-26,70.0,3181.82,318.18,350.0,3850.01,1617.0,5467.01
PAY-2026-3264,CAND-1489,MISS-12026,2024-06-09,70.0,2216.22,221.62,243.78,2681.62,1126.28,3807.9
PAY-2026-3265,CAND-1321,MISS-13178,2026-08-24,17.5,897.31,89.73,98.7,1085.75,456.01,1541.76
PAY-2026-3266,CAND-1117,MISS-11858,2026-01-31,70.0,3362.56,336.26,369.88,4068.7,1708.86,5777.56
PAY-2026-3267,CAND-1001,MISS-11624,2025-01-15,210.0,7405.19,740.52,814.57,8960.28,3763.32,12723.6
PAY-2026-3268,CAND-1072,MISS-11200,2024-12-03,630.0,38486.64,3848.66,4233.53,46568.84,19558.91,66127.75
PAY-2026-3269,CAND-1444,MISS-11879,2024-09-22,630.0,41508.89,4150.89,4565.98,50225.76,21094.82,71320.58
PAY-2026-3270,CAND-1451,MISS-10275,2024-05-04,17.5,998.18,99.82,109.8,1207.79,507.27,1715.06
PAY-2026-3271,CAND-1349,MISS-13371,2026-06-16,17.5,700.08,70.01,77.01,847.09,355.78,1202.87
PAY-2026-3272,CAND-1249,MISS-10738,2026-05-15,70.0,2739.84,273.98,301.38,3315.21,1392.39,4707.59
PAY-2026-3273,CAND-1292,MISS-10310,2026-06-20,315.0,16433.76,1643.38,1807.71,19884.84,8351.63,28236.48
PAY-2026-3274,CAND-1281,MISS-13250,2025-12-26,70.0,3181.82,318.18,350.0,3850.01,1617.0,5467.01
PAY-2026-3275,CAND-1346,MISS-13120,2024-05-29,70.0,2344.35,234.44,257.88,2836.66,1191.4,4028.06
PAY-2026-3276,CAND-1046,MISS-12275,2024-09-16,35.0,2441.96,244.2,268.62,2954.78,1241.01,4195.78
PAY-2026-3277,CAND-1087,MISS-13138,2025-09-24,70.0,2726.0,272.6,299.86,3298.45,1385.35,4683.8
PAY-2026-3278,CAND-1303,MISS-12633,2026-08-15,35.0,1709.62,170.96,188.06,2068.63,868.83,2937.46
PAY-2026-3279,CAND-1444,MISS-13069,2025-11-28,70.0,4296.84,429.68,472.65,5199.18,2183.65,7382.83
PAY-2026-3280,CAND-1411,MISS-13434,2025-04-16,210.0,8687.54,868.75,955.63,10511.92,4415.01,14926.92
PAY-2026-3281,CAND-1263,MISS-10050,2026-07-13,70.0,4278.86,427.89,470.68,5177.43,2174.52,7351.95
PAY-2026-3282,CAND-1067,MISS-10510,2025-11-28,17.5,981.01,98.1,107.91,1187.02,498.55,1685.57
PAY-2026-3283,CAND-1008,MISS-11580,2025-02-19,35.0,1962.26,196.23,215.85,2374.34,997.22,3371.56
PAY-2026-3284,CAND-1397,MISS-10867,2024-06-22,70.0,3853.24,385.32,423.86,4662.41,1958.21,6620.63
PAY-2026-3285,CAND-1324,MISS-10884,2025-12-24,70.0,3659.87,365.99,402.59,4428.44,1859.95,6288.39
PAY-2026-3286,CAND-1280,MISS-13336,2025-04-08,630.0,40556.66,4055.67,4461.23,49073.56,20610.9,69684.46
PAY-2026-3287,CAND-1140,MISS-10402,2026-08-19,70.0,4499.83,449.98,494.98,5444.79,2286.81,7731.61
PAY-2026-3288,CAND-1312,MISS-13151,2026-07-02,35.0,1209.44,120.94,133.04,1463.42,614.64,2078.06
PAY-2026-3289,CAND-1312,MISS-10689,2026-05-13,315.0,15679.04,1567.9,1724.69,18971.64,7968.09,26939.74
PAY-2026-3290,CAND-1333,MISS-12681,2025-04-29,70.0,3419.28,341.93,376.12,4137.33,1737.68,5875.01
PAY-2026-3291,CAND-1211,MISS-10204,2024-10-19,315.0,16164.07,1616.41,1778.05,19558.52,8214.58,27773.11
PAY-2026-3292,CAND-1031,MISS-11805,2025-05-05,630.0,30893.3,3089.33,3398.26,37380.89,15699.98,53080.87
PAY-2026-3293,CAND-1117,MISS-11034,2024-04-06,35.0,2292.8,229.28,252.21,2774.28,1165.2,3939.48
PAY-2026-3294,CAND-1350,MISS-11342,2026-03-31,210.0,8806.06,880.61,968.67,10655.33,4475.24,15130.56
PAY-2026-3295,CAND-1471,MISS-13100,2025-02-01,17.5,1206.43,120.64,132.71,1459.78,613.11,2072.89
PAY-2026-3296,CAND-1446,MISS-11905,2024-09-16,315.0,21188.84,2118.88,2330.77,25638.5,10768.17,36406.67
PAY-2026-3297,CAND-1232,MISS-11285,2026-05-02,70.0,2367.86,236.79,260.46,2865.11,1203.35,4068.46
PAY-2026-3298,CAND-1289,MISS-13045,2026-04-14,35.0,1172.81,117.28,129.01,1419.1,596.02,2015.12
PAY-2026-3299,CAND-1152,MISS-10921,2025-06-05,35.0,2577.4,257.74,283.51,3118.65,1309.83,4428.49
PAY-2026-3300,CAND-1368,MISS-10240,2025-11-11,70.0,4507.62,450.76,495.84,5454.22,2290.77,7744.99
PAY-2026-3301,CAND-1477,MISS-13410,2025-06-19,70.0,5165.5,516.55,568.2,6250.25,2625.1,8875.35
PAY-2026-3302,CAND-1327,MISS-11673,2026-09-01,70.0,4706.3,470.63,517.69,5694.62,2391.74,8086.36
PAY-2026-3303,CAND-1370,MISS-12591,2024-06-07,210.0,14175.85,1417.58,1559.34,17152.78,7204.17,24356.95
PAY-2026-3304,CAND-1449,MISS-13199,2026-06-20,210.0,6779.94,677.99,745.79,8203.72,3445.56,11649.28
PAY-2026-3305,CAND-1446,MISS-10456,2025-12-24,17.5,612.74,61.27,67.4,741.41,311.39,1052.8
PAY-2026-3306,CAND-1157,MISS-11911,2024-02-12,70.0,4504.32,450.43,495.48,5450.23,2289.1,7739.32
PAY-2026-3307,CAND-1084,MISS-13132,2024-11-30,70.0,3216.02,321.6,353.76,3891.39,1634.38,5525.77
PAY-2026-3308,CAND-1367,MISS-10951,2024-10-02,70.0,4155.2,415.52,457.07,5027.79,2111.67,7139.46
PAY-2026-3309,CAND-1144,MISS-11942,2024-04-12,210.0,15681.31,1568.13,1724.94,18974.39,7969.24,26943.63
PAY-2026-3310,CAND-1098,MISS-10213,2024-08-14,70.0,4580.76,458.08,503.88,5542.72,2327.94,7870.66
PAY-2026-3311,CAND-1114,MISS-11640,2024-06-01,210.0,9346.33,934.63,1028.1,11309.07,4749.81,16058.87
PAY-2026-3312,CAND-1134,MISS-10934,2024-03-25,17.5,1015.52,101.55,111.71,1228.78,516.09,1744.87
PAY-2026-3313,CAND-1244,MISS-10210,2025-07-13,70.0,3959.0,395.9,435.49,4790.38,2011.96,6802.35
PAY-2026-3314,CAND-1343,MISS-11149,2026-08-16,17.5,1016.57,101.66,111.82,1230.05,516.62,1746.67
PAY-2026-3315,CAND-1167,MISS-12140,2026-07-10,70.0,2247.9,224.79,247.27,2719.95,1142.38,3862.33
PAY-2026-3316,CAND-1083,MISS-10357,2024-06-06,17.5,1070.54,107.05,117.76,1295.36,544.05,1839.41
PAY-2026-3317,CAND-1012,MISS-10117,2025-02-20,315.0,13941.63,1394.16,1533.58,16869.37,7085.14,23954.51
PAY-2026-3318,CAND-1234,MISS-13180,2025-08-29,35.0,2237.47,223.75,246.12,2707.34,1137.08,3844.42
PAY-2026-3319,CAND-1115,MISS-13396,2025-09-21,70.0,3867.94,386.79,425.47,4680.2,1965.68,6645.89
PAY-2026-3320,CAND-1207,MISS-10866,2024-11-25,35.0,2360.96,236.1,259.71,2856.77,1199.84,4056.61
PAY-2026-3321,CAND-1394,MISS-10058,2026-09-05,35.0,1454.08,145.41,159.95,1759.44,738.96,2498.4
PAY-2026-3322,CAND-1117,MISS-11517,2026-07-07,630.0,31015.04,3101.5,3411.65,37528.19,15761.84,53290.03
PAY-2026-3323,CAND-1166,MISS-10152,2024-05-01,35.0,1052.88,105.29,115.82,1273.98,535.07,1809.05
PAY-2026-3324,CAND-1478,MISS-12371,2025-03-26,70.0,2278.07,227.81,250.59,2756.47,1157.72,3914.19
PAY-2026-3325,CAND-1499,MISS-11801,2024-08-13,35.0,2134.04,213.4,234.74,2582.19,1084.52,3666.71
PAY-2026-3326,CAND-1213,MISS-10588,2026-01-06,70.0,3878.37,387.84,426.62,4692.83,1970.99,6663.82
PAY-2026-3327,CAND-1353,MISS-12549,2025-05-06,35.0,1108.54,110.85,121.94,1341.34,563.36,1904.7
PAY-2026-3328,CAND-1062,MISS-10385,2024-05-21,315.0,19937.59,1993.76,2193.13,24124.48,10132.28,34256.77
PAY-2026-3329,CAND-1055,MISS-10848,2025-11-09,70.0,2943.34,294.33,323.77,3561.44,1495.8,5057.24
PAY-2026-3330,CAND-1205,MISS-10640,2024-05-22,210.0,8583.52,858.35,944.19,10386.06,4362.14,14748.2
PAY-2026-3331,CAND-1163,MISS-12635,2024-06-05,35.0,2414.1,241.41,265.55,2921.06,1226.85,4147.91
PAY-2026-3332,CAND-1275,MISS-10414,2026-07-06,35.0,2036.86,203.69,224.05,2464.6,1035.13,3499.73
PAY-2026-3333,CAND-1034,MISS-11836,2024-03-02,17.5,1089.51,108.95,119.85,1318.3,553.69,1871.99
PAY-2026-3334,CAND-1210,MISS-10256,2026-04-13,630.0,40193.65,4019.36,4421.3,48634.32,20426.41,69060.73
PAY-2026-3335,CAND-1437,MISS-10629,2024-03-22,70.0,5067.74,506.77,557.45,6131.97,2575.43,8707.39
PAY-2026-3336,CAND-1147,MISS-10612,2024-04-19,17.5,1069.87,106.99,117.69,1294.54,543.71,1838.25
PAY-2026-3337,CAND-1470,MISS-11579,2024-04-29,630.0,41391.7,4139.17,4553.09,50083.96,21035.26,71119.22
PAY-2026-3338,CAND-1261,MISS-12925,2024-11-05,35.0,1942.56,194.26,213.68,2350.49,987.21,3337.7
PAY-2026-3339,CAND-1114,MISS-11960,2025-08-08,210.0,13965.6,1396.56,1536.22,16898.38,7097.32,23995.69
PAY-2026-3340,CAND-1221,MISS-11498,2024-10-18,35.0,2387.69,238.77,262.65,2889.1,1213.42,4102.53
PAY-2026-3341,CAND-1445,MISS-12209,2024-06-11,35.0,1568.65,156.86,172.55,1898.07,797.19,2695.25
PAY-2026-3342,CAND-1199,MISS-10094,2025-01-20,17.5,1251.04,125.1,137.61,1513.76,635.78,2149.55
PAY-2026-3343,CAND-1265,MISS-10708,2024-09-25,630.0,40325.06,4032.51,4435.76,48793.32,20493.19,69286.51
PAY-2026-3344,CAND-1284,MISS-12110,2026-06-15,35.0,1529.97,153.0,168.3,1851.26,777.53,2628.79
PAY-2026-3345,CAND-1029,MISS-10665,2024-04-23,17.5,884.95,88.5,97.34,1070.79,449.73,1520.52
PAY-2026-3346,CAND-1376,MISS-13484,2025-04-17,630.0,34873.56,3487.36,3836.09,42197.01,17722.75,59919.76
PAY-2026-3347,CAND-1049,MISS-12431,2024-05-27,70.0,4084.18,408.42,449.26,4941.85,2075.58,7017.43
PAY-2026-3348,CAND-1031,MISS-11703,2024-07-07,210.0,12204.74,1220.47,1342.52,14767.74,6202.45,20970.18
PAY-2026-3349,CAND-1387,MISS-11298,2024-08-30,70.0,3531.7,353.17,388.49,4273.36,1794.81,6068.18
PAY-2026-3350,CAND-1325,MISS-11183,2024-07-04,630.0,20620.92,2062.09,2268.3,24951.32,10479.55,35430.87
PAY-2026-3351,CAND-1379,MISS-10861,2026-01-27,630.0,20835.16,2083.52,2291.87,25210.54,10588.43,35798.97
PAY-2026-3352,CAND-1151,MISS-11632,2024-05-11,630.0,44160.56,4416.06,4857.66,53434.27,22442.39,75876.67
PAY-2026-3353,CAND-1414,MISS-13354,2025-06-04,315.0,22729.16,2272.92,2500.21,27502.28,11550.96,39053.24
PAY-2026-3354,CAND-1181,MISS-12372,2025-09-22,70.0,4797.65,479.76,527.74,5805.16,2438.17,8243.32
PAY-2026-3355,CAND-1468,MISS-12410,2024-07-09,17.5,971.3,97.13,106.84,1175.27,493.61,1668.88
PAY-2026-3356,CAND-1312,MISS-13081,2024-06-03,70.0,2530.2,253.02,278.32,3061.55,1285.85,4347.4
PAY-2026-3357,CAND-1317,MISS-10667,2024-12-05,210.0,10056.83,1005.68,1106.25,12168.76,5110.88,17279.64
PAY-2026-3358,CAND-1392,MISS-11899,2024-05-05,630.0,34413.71,3441.37,3785.51,41640.59,17489.05,59129.64
PAY-2026-3359,CAND-1256,MISS-10558,2025-10-02,315.0,22667.67,2266.77,2493.44,27427.88,11519.71,38947.59
PAY-2026-3360,CAND-1002,MISS-12773,2025-05-12,210.0,12858.54,1285.85,1414.44,15558.83,6534.71,22093.54
PAY-2026-3361,CAND-1184,MISS-11394,2025-05-24,630.0,37982.66,3798.27,4178.09,45959.01,19302.79,65261.8
PAY-2026-3362,CAND-1332,MISS-10344,2024-08-16,35.0,1763.0,176.3,193.93,2133.22,895.95,3029.18
PAY-2026-3363,CAND-1390,MISS-12119,2024-05-17,35.0,1280.27,128.03,140.83,1549.13,650.63,2199.76
PAY-2026-3364,CAND-1095,MISS-12900,2025-10-16,315.0,9681.64,968.16,1064.98,11714.79,4920.21,16635.0
PAY-2026-3365,CAND-1313,MISS-12106,2025-05-01,35.0,1291.87,129.19,142.11,1563.16,656.53,2219.69
PAY-2026-3366,CAND-1012,MISS-10660,2024-06-26,70.0,2438.22,243.82,268.2,2950.24,1239.1,4189.34
PAY-2026-3367,CAND-1338,MISS-11734,2026-08-04,35.0,2084.42,208.44,229.29,2522.15,1059.3,3581.45
PAY-2026-3368,CAND-1281,MISS-11311,2026-03-26,210.0,10901.48,1090.15,1199.16,13190.79,5540.13,18730.92
PAY-2026-3369,CAND-1368,MISS-11613,2026-02-08,210.0,12340.34,1234.03,1357.44,14931.82,6271.36,21203.18
PAY-2026-3370,CAND-1034,MISS-11836,2024-03-02,17.5,1089.51,108.95,119.85,1318.3,553.69,1871.99
PAY-2026-3371,CAND-1069,MISS-12081,2025-06-16,70.0,2745.31,274.53,301.98,3321.83,1395.17,4716.99
PAY-2026-3372,CAND-1456,MISS-12610,2024-03-06,70.0,4048.39,404.84,445.32,4898.55,2057.39,6955.94
PAY-2026-3373,CAND-1311,MISS-10487,2024-08-20,210.0,6633.48,663.35,729.68,8026.52,3371.14,11397.65
PAY-2026-3374,CAND-1366,MISS-13241,2026-06-07,70.0,2759.95,276.0,303.59,3339.54,1402.61,4742.15
PAY-2026-3375,CAND-1158,MISS-10294,2024-10-27,210.0,14294.68,1429.47,1572.41,17296.56,7264.55,24561.11
PAY-2026-3376,CAND-1492,MISS-10134,2024-05-28,70.0,3858.77,385.88,424.46,4669.11,1961.03,6630.14
PAY-2026-3377,CAND-1001,MISS-12931,2024-03-23,35.0,2537.68,253.77,279.14,3070.59,1289.65,4360.23
PAY-2026-3378,CAND-1290,MISS-10769,2024-05-20,35.0,1088.51,108.85,119.74,1317.09,553.18,1870.27
PAY-2026-3379,CAND-1222,MISS-12843,2024-09-17,35.0,1558.32,155.83,171.42,1885.57,791.94,2677.51
PAY-2026-3380,CAND-1312,MISS-13081,2024-06-03,70.0,2530.2,253.02,278.32,3061.55,1285.85,4347.4
PAY-2026-3381,CAND-1070,MISS-12784,2024-09-11,35.0,1594.28,159.43,175.37,1929.07,810.21,2739.28
PAY-2026-3382,CAND-1447,MISS-10285,2026-02-28,35.0,1400.6,140.06,154.07,1694.73,711.78,2406.51
PAY-2026-3383,CAND-1029,MISS-12854,2024-02-15,630.0,44559.92,4455.99,4901.59,53917.5,22645.35,76562.85
PAY-2026-3384,CAND-1157,MISS-11145,2025-07-17,70.0,4299.5,429.95,472.94,5202.39,2185.01,7387.4
PAY-2026-3385,CAND-1006,MISS-11169,2025-07-16,17.5,755.55,75.55,83.11,914.22,383.97,1298.19
PAY-2026-3386,CAND-1151,MISS-12833,2025-02-03,630.0,42755.77,4275.58,4703.13,51734.48,21728.48,73462.96
PAY-2026-3387,CAND-1073,MISS-10923,2025-10-29,210.0,13782.41,1378.24,1516.07,16676.72,7004.22,23680.94
PAY-2026-3388,CAND-1213,MISS-10588,2026-01-06,70.0,3878.37,387.84,426.62,4692.83,1970.99,6663.82
PAY-2026-3389,CAND-1175,MISS-10578,2025-11-12,70.0,3719.88,371.99,409.19,4501.05,1890.44,6391.49
PAY-2026-3390,CAND-1082,MISS-10819,2025-01-12,35.0,1701.74,170.17,187.19,2059.11,864.82,2923.93
PAY-2026-3391,CAND-1083,MISS-11170,2024-02-05,35.0,2076.18,207.62,228.38,2512.18,1055.11,3567.29
PAY-2026-3392,CAND-1194,MISS-10966,2025-06-23,210.0,8777.33,877.73,965.51,10620.57,4460.64,15081.21
PAY-2026-3393,CAND-1036,MISS-10503,2026-07-07,70.0,3922.34,392.23,431.46,4746.03,1993.33,6739.36
PAY-2026-3394,CAND-1190,MISS-12686,2024-11-21,70.0,4177.05,417.71,459.48,5054.23,2122.78,7177.01
PAY-2026-3395,CAND-1238,MISS-11504,2024-10-07,17.5,639.99,64.0,70.4,774.39,325.24,1099.63
PAY-2026-3396,CAND-1253,MISS-12861,2026-01-11,17.5,1048.04,104.8,115.28,1268.12,532.61,1800.73
PAY-2026-3397,CAND-1380,MISS-11007,2026-08-20,210.0,13838.5,1383.85,1522.24,16744.59,7032.73,23777.32
PAY-2026-3398,CAND-1231,MISS-10092,2026-08-15,17.5,644.92,64.49,70.94,780.35,327.75,1108.09
PAY-2026-3399,CAND-1448,MISS-10182,2025-10-27,17.5,678.96,67.9,74.69,821.55,345.05,1166.6
PAY-2026-3400,CAND-1149,MISS-11199,2025-12-06,17.5,1069.24,106.92,117.62,1293.79,543.39,1837.18
PAY-2026-3401,CAND-1011,MISS-11229,2026-02-21,70.0,2853.28,285.33,313.86,3452.47,1450.04,4902.51
PAY-2026-3402,CAND-1419,MISS-10229,2025-09-14,35.0,1122.68,112.27,123.49,1358.44,570.54,1928.98
PAY-2026-3403,CAND-1118,MISS-12677,2024-09-27,210.0,12229.58,1222.96,1345.25,14797.8,6215.08,21012.87
PAY-2026-3404,CAND-1119,MISS-12420,2026-02-27,35.0,1317.08,131.71,144.88,1593.67,669.34,2263.01
PAY-2026-3405,CAND-1332,MISS-10677,2025-06-20,70.0,3072.89,307.29,338.02,3718.2,1561.64,5279.84
PAY-2026-3406,CAND-1059,MISS-12829,2024-08-09,17.5,1222.28,122.23,134.45,1478.95,621.16,2100.11
PAY-2026-3407,CAND-1126,MISS-10198,2024-08-29,210.0,11054.18,1105.42,1215.96,13375.55,5617.73,18993.28
PAY-2026-3408,CAND-1212,MISS-11636,2025-08-02,35.0,1767.48,176.75,194.42,2138.65,898.23,3036.88
PAY-2026-3409,CAND-1234,MISS-12627,2025-12-20,210.0,10545.99,1054.6,1160.06,12760.65,5359.47,18120.12
PAY-2026-3410,CAND-1453,MISS-10743,2024-11-19,210.0,14309.25,1430.93,1574.02,17314.19,7271.96,24586.15
PAY-2026-3411,CAND-1258,MISS-12205,2024-06-29,70.0,4607.51,460.75,506.83,5575.09,2341.54,7916.62
PAY-2026-3412,CAND-1245,MISS-11025,2024-03-22,630.0,37432.17,3743.22,4117.54,45292.93,19023.03,64315.95
PAY-2026-3413,CAND-1227,MISS-11133,2024-12-07,630.0,29062.64,2906.26,3196.89,35165.79,14769.63,49935.43
PAY-2026-3414,CAND-1368,MISS-12690,2025-12-19,35.0,1683.07,168.31,185.14,2036.51,855.34,2891.85
PAY-2026-3415,CAND-1449,MISS-11551,2024-09-04,35.0,2215.04,221.5,243.65,2680.19,1125.68,3805.87
PAY-2026-3416,CAND-1174,MISS-12641,2024-04-09,70.0,4804.2,480.42,528.46,5813.08,2441.49,8254.57
PAY-2026-3417,CAND-1229,MISS-11355,2025-10-09,630.0,36377.8,3637.78,4001.56,44017.14,18487.2,62504.34
PAY-2026-3418,CAND-1010,MISS-11272,2024-09-07,70.0,4357.95,435.8,479.37,5273.12,2214.71,7487.83
PAY-2026-3419,CAND-1102,MISS-10807,2026-06-17,70.0,5070.89,507.09,557.8,6135.78,2577.03,8712.8
PAY-2026-3420,CAND-1403,MISS-12878,2026-08-20,35.0,1432.16,143.22,157.54,1732.91,727.82,2460.73
PAY-2026-3421,CAND-1046,MISS-12514,2025-04-07,210.0,12383.9,1238.39,1362.23,14984.52,6293.5,21278.02
PAY-2026-3422,CAND-1077,MISS-12388,2025-07-15,35.0,1528.86,152.89,168.17,1849.91,776.96,2626.88
PAY-2026-3423,CAND-1186,MISS-10131,2025-06-10,35.0,1370.79,137.08,150.79,1658.66,696.64,2355.29
PAY-2026-3424,CAND-1289,MISS-13065,2025-06-13,315.0,11082.24,1108.22,1219.05,13409.51,5631.99,19041.5
PAY-2026-3425,CAND-1199,MISS-11914,2024-09-28,70.0,4504.97,450.5,495.55,5451.01,2289.43,7740.44
PAY-2026-3426,CAND-1127,MISS-10186,2024-08-05,35.0,1326.05,132.6,145.87,1604.52,673.9,2278.42
PAY-2026-3427,CAND-1306,MISS-10500,2024-11-15,315.0,15669.48,1566.95,1723.64,18960.06,7963.23,26923.29
PAY-2026-3428,CAND-1161,MISS-11230,2024-06-18,210.0,9697.17,969.72,1066.69,11733.58,4928.1,16661.69
PAY-2026-3429,CAND-1400,MISS-12229,2024-12-08,630.0,32424.3,3242.43,3566.67,39233.4,16478.03,55711.42
PAY-2026-3430,CAND-1094,MISS-12745,2024-03-19,630.0,37657.46,3765.75,4142.32,45565.52,19137.52,64703.04
PAY-2026-3431,CAND-1217,MISS-11853,2024-06-23,70.0,3892.18,389.22,428.14,4709.54,1978.01,6687.54
PAY-2026-3432,CAND-1290,MISS-11455,2025-03-04,17.5,1100.35,110.04,121.04,1331.42,559.2,1890.62
PAY-2026-3433,CAND-1144,MISS-13091,2025-01-15,35.0,1413.8,141.38,155.52,1710.7,718.5,2429.2
PAY-2026-3434,CAND-1051,MISS-11275,2024-03-04,35.0,2097.72,209.77,230.75,2538.24,1066.06,3604.3
PAY-2026-3435,CAND-1292,MISS-12817,2025-12-24,17.5,715.02,71.5,78.65,865.17,363.37,1228.54
PAY-2026-3436,CAND-1342,MISS-10370,2025-11-01,35.0,2206.84,220.68,242.75,2670.28,1121.52,3791.8
PAY-2026-3437,CAND-1474,MISS-11008,2025-08-01,315.0,22503.63,2250.36,2475.4,27229.39,11436.34,38665.74
PAY-2026-3438,CAND-1225,MISS-12723,2024-12-28,17.5,633.64,63.36,69.7,766.7,322.01,1088.71
PAY-2026-3439,CAND-1204,MISS-11072,2024-05-20,630.0,25641.74,2564.17,2820.59,31026.5,13031.13,44057.63
PAY-2026-3440,CAND-1345,MISS-10771,2025-04-24,17.5,1205.94,120.59,132.65,1459.18,612.86,2072.04
PAY-2026-3441,CAND-1139,MISS-12532,2024-04-09,315.0,11298.56,1129.86,1242.84,13671.26,5741.93,19413.19
PAY-2026-3442,CAND-1061,MISS-11301,2026-06-29,210.0,6746.06,674.61,742.07,8162.73,3428.35,11591.08
PAY-2026-3443,CAND-1446,MISS-11905,2024-09-16,315.0,21188.84,2118.88,2330.77,25638.5,10768.17,36406.67
PAY-2026-3444,CAND-1417,MISS-10040,2025-03-17,70.0,3555.49,355.55,391.1,4302.14,1806.9,6109.04
PAY-2026-3445,CAND-1368,MISS-12086,2024-02-21,35.0,2151.02,215.1,236.61,2602.74,1093.15,3695.89
PAY-2026-3446,CAND-1489,MISS-12344,2024-02-26,17.5,741.37,74.14,81.55,897.06,376.76,1273.82
PAY-2026-3447,CAND-1327,MISS-11005,2024-07-21,70.0,3176.36,317.64,349.4,3843.4,1614.23,5457.63
PAY-2026-3448,CAND-1361,MISS-11788,2025-08-30,70.0,3759.1,375.91,413.5,4548.5,1910.37,6458.88
PAY-2026-3449,CAND-1105,MISS-13368,2024-08-07,35.0,1076.12,107.61,118.37,1302.11,546.88,1848.99
PAY-2026-3450,CAND-1399,MISS-11261,2026-08-11,35.0,1888.92,188.89,207.78,2285.6,959.95,3245.55
PAY-2026-3451,CAND-1403,MISS-12268,2024-03-17,315.0,20683.93,2068.39,2275.23,25027.56,10511.57,35539.13
PAY-2026-3452,CAND-1330,MISS-12725,2025-12-23,630.0,41636.56,4163.66,4580.02,50380.23,21159.7,71539.93
PAY-2026-3453,CAND-1280,MISS-10111,2025-06-11,35.0,2085.71,208.57,229.43,2523.71,1059.96,3583.67
PAY-2026-3454,CAND-1146,MISS-12664,2025-11-02,210.0,10346.86,1034.69,1138.16,12519.71,5258.28,17777.98
PAY-2026-3455,CAND-1213,MISS-10395,2026-05-01,315.0,12171.58,1217.16,1338.87,14727.61,6185.59,20913.2
PAY-2026-3456,CAND-1108,MISS-11811,2026-06-09,630.0,26225.28,2622.53,2884.78,31732.59,13327.69,45060.28
PAY-2026-3457,CAND-1283,MISS-13128,2025-03-08,35.0,1460.88,146.09,160.7,1767.66,742.42,2510.08
PAY-2026-3458,CAND-1215,MISS-13110,2026-06-15,35.0,2113.34,211.33,232.47,2557.14,1074.0,3631.13
PAY-2026-3459,CAND-1291,MISS-12117,2025-02-05,210.0,8943.74,894.37,983.81,10821.92,4545.21,15367.13
PAY-2026-3460,CAND-1451,MISS-10275,2024-05-04,17.5,998.18,99.82,109.8,1207.79,507.27,1715.06
PAY-2026-3461,CAND-1445,MISS-11966,2024-04-08,17.5,1067.3,106.73,117.4,1291.43,542.4,1833.83
PAY-2026-3462,CAND-1347,MISS-12781,2024-09-25,210.0,7810.09,781.01,859.11,9450.21,3969.09,13419.3
PAY-2026-3463,CAND-1179,MISS-10366,2026-03-20,630.0,41675.21,4167.52,4584.27,50427.01,21179.34,71606.35
PAY-2026-3464,CAND-1134,MISS-12736,2025-12-29,315.0,13894.78,1389.48,1528.43,16812.69,7061.33,23874.02
PAY-2026-3465,CAND-1476,MISS-13479,2024-06-10,35.0,1302.92,130.29,143.32,1576.54,662.15,2238.69
PAY-2026-3466,CAND-1465,MISS-12175,2024-02-22,35.0,1581.28,158.13,173.94,1913.35,803.61,2716.96
PAY-2026-3467,CAND-1261,MISS-12925,2024-11-05,35.0,1942.56,194.26,213.68,2350.49,987.21,3337.7
PAY-2026-3468,CAND-1326,MISS-12159,2026-03-27,35.0,1069.39,106.94,117.63,1293.96,543.46,1837.43
PAY-2026-3469,CAND-1252,MISS-12348,2026-03-30,70.0,2888.72,288.87,317.76,3495.35,1468.05,4963.4
PAY-2026-3470,CAND-1147,MISS-10603,2024-02-08,35.0,1261.46,126.15,138.76,1526.37,641.07,2167.44
PAY-2026-3471,CAND-1152,MISS-12926,2024-11-11,630.0,36136.07,3613.61,3974.97,43724.65,18364.35,62089.0
PAY-2026-3472,CAND-1152,MISS-12926,2024-11-11,630.0,36136.07,3613.61,3974.97,43724.65,18364.35,62089.0
PAY-2026-3473,CAND-1188,MISS-12642,2024-03-27,210.0,14930.76,1493.08,1642.38,18066.23,7587.81,25654.04
PAY-2026-3474,CAND-1445,MISS-11683,2024-06-06,35.0,1693.08,169.31,186.24,2048.63,860.43,2909.06
PAY-2026-3475,CAND-1290,MISS-12857,2024-09-16,210.0,9181.26,918.13,1009.94,11109.32,4665.92,15775.24
PAY-2026-3476,CAND-1237,MISS-11541,2025-04-25,630.0,19487.28,1948.73,2143.6,23579.61,9903.44,33483.05
PAY-2026-3477,CAND-1386,MISS-11039,2024-06-27,70.0,4228.58,422.86,465.14,5116.58,2148.96,7265.55
PAY-2026-3478,CAND-1160,MISS-12413,2024-11-22,70.0,2480.03,248.0,272.8,3000.84,1260.35,4261.19
PAY-2026-3479,CAND-1327,MISS-10351,2026-03-10,630.0,47172.34,4717.23,5188.96,57078.53,23972.98,81051.51
PAY-2026-3480,CAND-1318,MISS-13205,2025-11-24,70.0,3293.56,329.36,362.29,3985.2,1673.78,5658.99
PAY-2026-3481,CAND-1024,MISS-11964,2025-07-06,210.0,10878.68,1087.87,1196.66,13163.21,5528.55,18691.76
PAY-2026-3482,CAND-1031,MISS-12258,2026-02-02,315.0,11973.44,1197.34,1317.08,14487.86,6084.9,20572.76
PAY-2026-3483,CAND-1421,MISS-12459,2024-11-08,35.0,1963.79,196.38,216.02,2376.19,998.0,3374.18
PAY-2026-3484,CAND-1437,MISS-11031,2025-03-06,70.0,3093.04,309.3,340.23,3742.58,1571.88,5314.46
PAY-2026-3485,CAND-1084,MISS-10598,2025-06-11,630.0,30837.38,3083.74,3392.11,37313.24,15671.56,52984.79
PAY-2026-3486,CAND-1299,MISS-10984,2026-08-26,17.5,828.72,82.87,91.16,1002.76,421.16,1423.92
PAY-2026-3487,CAND-1487,MISS-10482,2024-08-21,35.0,1296.51,129.65,142.62,1568.78,658.89,2227.66
PAY-2026-3488,CAND-1210,MISS-12978,2026-03-04,210.0,8063.35,806.34,886.97,9756.65,4097.79,13854.45
PAY-2026-3489,CAND-1309,MISS-12668,2026-03-03,17.5,878.78,87.88,96.67,1063.33,446.6,1509.93
PAY-2026-3490,CAND-1005,MISS-12091,2024-09-27,210.0,12068.52,1206.85,1327.54,14602.91,6133.22,20736.13
PAY-2026-3491,CAND-1117,MISS-12153,2024-09-06,35.0,1088.88,108.89,119.78,1317.54,553.37,1870.91
PAY-2026-3492,CAND-1182,MISS-12743,2024-03-06,210.0,15516.14,1551.61,1706.78,18774.53,7885.3,26659.83
PAY-2026-3493,CAND-1006,MISS-12605,2024-04-02,70.0,2879.59,287.96,316.75,3484.3,1463.41,4947.71
PAY-2026-3494,CAND-1185,MISS-12136,2024-05-13,70.0,2619.0,261.9,288.09,3168.99,1330.98,4499.97
PAY-2026-3495,CAND-1499,MISS-11236,2025-07-18,210.0,15589.11,1558.91,1714.8,18862.82,7922.39,26785.21
PAY-2026-3496,CAND-1472,MISS-13227,2025-01-05,210.0,10451.17,1045.12,1149.63,12645.92,5311.28,17957.2
PAY-2026-3497,CAND-1373,MISS-12296,2025-01-09,630.0,23684.94,2368.49,2605.34,28658.78,12036.69,40695.46
PAY-2026-3498,CAND-1274,MISS-10001,2025-09-09,17.5,928.6,92.86,102.15,1123.6,471.91,1595.51
PAY-2026-3499,CAND-1139,MISS-12322,2024-09-27,70.0,2572.22,257.22,282.94,3112.38,1307.2,4419.58
PAY-2026-3500,CAND-1336,MISS-13383,2024-12-23,17.5,665.55,66.55,73.21,805.32,338.23,1143.55
PAY-2026-3501,CAND-1342,MISS-12101,2026-02-13,70.0,3197.18,319.72,351.69,3868.58,1624.8,5493.39
PAY-2026-3502,CAND-1102,MISS-10282,2024-05-30,35.0,1474.34,147.43,162.18,1783.96,749.26,2533.22
PAY-2026-3503,CAND-1458,MISS-13360,2025-10-13,315.0,16841.42,1684.14,1852.56,20378.12,8558.81,28936.94
PAY-2026-3504,CAND-1477,MISS-13366,2026-05-28,17.5,1110.13,111.01,122.11,1343.26,564.17,1907.43
PAY-2026-3505,CAND-1145,MISS-12266,2024-08-01,70.0,3410.36,341.04,375.14,4126.54,1733.14,5859.68
PAY-2026-3506,CAND-1240,MISS-10165,2026-07-16,17.5,1224.61,122.46,134.71,1481.78,622.35,2104.12
PAY-2026-3507,CAND-1186,MISS-10131,2025-06-10,35.0,1370.79,137.08,150.79,1658.66,696.64,2355.29
PAY-2026-3508,CAND-1192,MISS-11182,2025-04-06,210.0,8926.95,892.7,981.96,10801.61,4536.68,15338.29
PAY-2026-3509,CAND-1177,MISS-11502,2024-06-03,315.0,22455.62,2245.56,2470.12,27171.3,11411.95,38583.25
PAY-2026-3510,CAND-1449,MISS-11551,2024-09-04,35.0,2215.04,221.5,243.65,2680.19,1125.68,3805.87
PAY-2026-3511,CAND-1032,MISS-10067,2025-04-29,315.0,19072.64,1907.26,2097.99,23077.89,9692.72,32770.61
PAY-2026-3512,CAND-1263,MISS-10892,2026-07-23,315.0,19924.79,1992.48,2191.73,24109.0,10125.78,34234.77
PAY-2026-3513,CAND-1326,MISS-13297,2025-09-23,70.0,5207.7,520.77,572.85,6301.32,2646.55,8947.87
PAY-2026-3514,CAND-1139,MISS-12322,2024-09-27,70.0,2572.22,257.22,282.94,3112.38,1307.2,4419.58
PAY-2026-3515,CAND-1364,MISS-10772,2024-07-04,70.0,3619.69,361.97,398.17,4379.82,1839.53,6219.35
PAY-2026-3516,CAND-1009,MISS-12304,2024-07-11,210.0,11898.54,1189.85,1308.84,14397.23,6046.84,20444.07
PAY-2026-3517,CAND-1154,MISS-10593,2026-09-06,17.5,941.87,94.19,103.61,1139.66,478.66,1618.32
PAY-2026-3518,CAND-1327,MISS-10351,2026-03-10,630.0,47172.34,4717.23,5188.96,57078.53,23972.98,81051.51
PAY-2026-3519,CAND-1326,MISS-13071,2024-08-28,70.0,4951.66,495.17,544.68,5991.5,2516.43,8507.93
PAY-2026-3520,CAND-1154,MISS-12988,2025-07-19,35.0,2494.8,249.48,274.43,3018.7,1267.85,4286.56
PAY-2026-3521,CAND-1416,MISS-12307,2026-07-09,315.0,11378.02,1137.8,1251.58,13767.4,5782.31,19549.71
PAY-2026-3522,CAND-1141,MISS-13421,2025-02-28,70.0,3968.22,396.82,436.5,4801.55,2016.65,6818.2
PAY-2026-3523,CAND-1152,MISS-10921,2025-06-05,35.0,2577.4,257.74,283.51,3118.65,1309.83,4428.49
PAY-2026-3524,CAND-1085,MISS-12480,2024-06-07,70.0,4208.92,420.89,462.98,5092.79,2138.97,7231.76
PAY-2026-3525,CAND-1284,MISS-10609,2026-01-01,70.0,3703.8,370.38,407.42,4481.6,1882.27,6363.88
PAY-2026-3526,CAND-1296,MISS-11074,2025-06-08,70.0,4171.02,417.1,458.81,5046.94,2119.71,7166.66
PAY-2026-3527,CAND-1053,MISS-12552,2026-03-15,70.0,2611.23,261.12,287.24,3159.59,1327.03,4486.62
PAY-2026-3528,CAND-1399,MISS-11261,2026-08-11,35.0,1888.92,188.89,207.78,2285.6,959.95,3245.55
PAY-2026-3529,CAND-1373,MISS-11555,2024-06-07,210.0,7772.0,777.2,854.92,9404.11,3949.73,13353.84
PAY-2026-3530,CAND-1423,MISS-10725,2025-01-20,315.0,13539.76,1353.98,1489.37,16383.1,6880.9,23264.01
PAY-2026-3531,CAND-1362,MISS-12048,2025-08-08,35.0,2256.05,225.61,248.17,2729.83,1146.53,3876.35
PAY-2026-3532,CAND-1058,MISS-13286,2025-08-06,315.0,23544.25,2354.43,2589.87,28488.54,11965.19,40453.73
PAY-2026-3533,CAND-1391,MISS-12507,2024-03-16,70.0,3723.93,372.39,409.63,4505.96,1892.5,6398.46
PAY-2026-3534,CAND-1228,MISS-11248,2025-09-03,210.0,10922.54,1092.25,1201.48,13216.27,5550.83,18767.11
PAY-2026-3535,CAND-1144,MISS-12455,2026-02-12,70.0,4528.85,452.89,498.17,5479.91,2301.56,7781.48
PAY-2026-3536,CAND-1064,MISS-11309,2024-05-06,35.0,2196.68,219.67,241.63,2657.98,1116.35,3774.33
PAY-2026-3537,CAND-1364,MISS-10772,2024-07-04,70.0,3619.69,361.97,398.17,4379.82,1839.53,6219.35
PAY-2026-3538,CAND-1183,MISS-12916,2024-05-24,70.0,2937.66,293.77,323.14,3554.57,1492.92,5047.49
PAY-2026-3539,CAND-1040,MISS-11022,2025-08-20,70.0,3284.28,328.43,361.27,3973.97,1669.07,5643.04
PAY-2026-3540,CAND-1267,MISS-13142,2024-03-03,70.0,2836.89,283.69,312.06,3432.64,1441.71,4874.34
PAY-2026-3541,CAND-1439,MISS-12476,2024-12-26,210.0,12724.02,1272.4,1399.64,15396.06,6466.34,21862.4
PAY-2026-3542,CAND-1254,MISS-12961,2024-06-29,315.0,20344.42,2034.44,2237.89,24616.75,10339.04,34955.79
PAY-2026-3543,CAND-1029,MISS-13470,2024-07-12,210.0,11127.08,1112.71,1223.98,13463.77,5654.78,19118.56
PAY-2026-3544,CAND-1299,MISS-12655,2025-03-05,70.0,3566.92,356.69,392.36,4315.98,1812.71,6128.69
PAY-2026-3545,CAND-1164,MISS-13280,2025-08-04,70.0,4333.75,433.38,476.71,5243.84,2202.41,7446.25
PAY-2026-3546,CAND-1405,MISS-11282,2024-06-09,70.0,4678.34,467.83,514.62,5660.8,2377.53,8038.33
PAY-2026-3547,CAND-1365,MISS-12572,2024-07-01,35.0,1690.02,169.0,185.9,2044.93,858.87,2903.8
PAY-2026-3548,CAND-1093,MISS-10027,2024-03-01,315.0,22962.92,2296.29,2525.92,27785.13,11669.76,39454.89
PAY-2026-3549,CAND-1254,MISS-12194,2026-05-21,630.0,39718.64,3971.86,4369.05,48059.55,20185.01,68244.56
PAY-2026-3550,CAND-1092,MISS-10129,2026-05-19,630.0,41726.07,4172.61,4589.87,50488.55,21205.19,71693.74
PAY-2026-3551,CAND-1474,MISS-12058,2024-07-15,70.0,4422.33,442.23,486.46,5351.02,2247.43,7598.45
PAY-2026-3552,CAND-1409,MISS-13387,2024-03-14,630.0,26949.73,2694.97,2964.47,32609.17,13695.85,46305.03
PAY-2026-3553,CAND-1084,MISS-10598,2025-06-11,630.0,30837.38,3083.74,3392.11,37313.24,15671.56,52984.79
PAY-2026-3554,CAND-1038,MISS-11649,2025-04-05,315.0,21671.33,2167.13,2383.85,26222.31,11013.37,37235.68
PAY-2026-3555,CAND-1102,MISS-12863,2025-12-11,315.0,21769.61,2176.96,2394.66,26341.23,11063.32,37404.54
PAY-2026-3556,CAND-1317,MISS-10429,2025-07-28,35.0,2425.37,242.54,266.79,2934.7,1232.57,4167.27
PAY-2026-3557,CAND-1021,MISS-12391,2025-03-24,35.0,1104.28,110.43,121.47,1336.18,561.2,1897.37
PAY-2026-3558,CAND-1090,MISS-12060,2024-08-17,210.0,11791.46,1179.15,1297.06,14267.66,5992.42,20260.08
PAY-2026-3559,CAND-1117,MISS-10765,2026-04-14,70.0,2218.78,221.88,244.07,2684.73,1127.59,3812.32
PAY-2026-3560,CAND-1429,MISS-12366,2025-01-16,70.0,2774.38,277.44,305.18,3357.01,1409.94,4766.95
PAY-2026-3561,CAND-1490,MISS-11009,2024-11-19,315.0,17619.42,1761.94,1938.14,21319.5,8954.19,30273.7
PAY-2026-3562,CAND-1158,MISS-10705,2025-12-08,35.0,1193.82,119.38,131.32,1444.52,606.7,2051.21
PAY-2026-3563,CAND-1226,MISS-13013,2024-02-28,630.0,32191.88,3219.19,3541.11,38952.17,16359.91,55312.09
PAY-2026-3564,CAND-1064,MISS-13465,2026-06-20,17.5,933.08,93.31,102.64,1129.03,474.19,1603.22
PAY-2026-3565,CAND-1432,MISS-13182,2026-06-20,210.0,15135.74,1513.57,1664.93,18314.25,7691.98,26006.23
PAY-2026-3566,CAND-1050,MISS-10568,2024-11-09,70.0,2662.58,266.26,292.88,3221.73,1353.13,4574.85
PAY-2026-3567,CAND-1099,MISS-10086,2026-07-23,35.0,1960.14,196.01,215.61,2371.76,996.14,3367.9
PAY-2026-3568,CAND-1084,MISS-10889,2024-03-18,315.0,23485.66,2348.57,2583.42,28417.64,11935.41,40353.05
PAY-2026-3569,CAND-1097,MISS-11702,2024-09-19,70.0,2847.02,284.7,313.17,3444.9,1446.86,4891.76
PAY-2026-3570,CAND-1359,MISS-11163,2025-10-28,210.0,9018.92,901.89,992.08,10912.9,4583.42,15496.32
PAY-2026-3571,CAND-1023,MISS-12092,2025-04-12,630.0,43097.02,4309.7,4740.67,52147.4,21901.91,74049.31
PAY-2026-3572,CAND-1403,MISS-11733,2026-02-08,210.0,6552.6,655.26,720.79,7928.65,3330.03,11258.68
PAY-2026-3573,CAND-1004,MISS-10164,2025-10-16,210.0,11189.96,1119.0,1230.9,13539.85,5686.74,19226.59
PAY-2026-3574,CAND-1221,MISS-12069,2024-12-04,70.0,2168.57,216.86,238.54,2623.97,1102.07,3726.04
PAY-2026-3575,CAND-1067,MISS-10341,2024-08-04,630.0,21508.06,2150.81,2365.89,26024.75,10930.4,36955.15
PAY-2026-3576,CAND-1336,MISS-12708,2025-02-09,35.0,2461.77,246.18,270.79,2978.74,1251.07,4229.81
PAY-2026-3577,CAND-1062,MISS-12255,2026-06-23,35.0,2159.62,215.96,237.56,2613.15,1097.52,3710.67
PAY-2026-3578,CAND-1424,MISS-12538,2024-04-13,210.0,14249.54,1424.95,1567.45,17241.95,7241.62,24483.57
PAY-2026-3579,CAND-1361,MISS-10053,2026-07-04,210.0,10761.74,1076.17,1183.79,13021.71,5469.12,18490.83
PAY-2026-3580,CAND-1310,MISS-11213,2024-03-09,630.0,26612.64,2661.26,2927.39,32201.29,13524.54,45725.84
PAY-2026-3581,CAND-1270,MISS-11616,2025-10-04,315.0,19889.84,1988.98,2187.88,24066.71,10108.02,34174.72
PAY-2026-3582,CAND-1453,MISS-10897,2025-02-07,17.5,1171.42,117.14,128.86,1417.42,595.32,2012.74
PAY-2026-3583,CAND-1112,MISS-10764,2026-07-09,17.5,565.01,56.5,62.15,683.66,287.14,970.8
PAY-2026-3584,CAND-1180,MISS-12182,2025-09-28,35.0,1212.02,121.2,133.32,1466.54,615.95,2082.49
PAY-2026-3585,CAND-1145,MISS-10798,2025-12-15,70.0,2208.3,220.83,242.91,2672.04,1122.26,3794.3
PAY-2026-3586,CAND-1038,MISS-11649,2025-04-05,315.0,21671.33,2167.13,2383.85,26222.31,11013.37,37235.68
PAY-2026-3587,CAND-1218,MISS-10553,2025-08-01,630.0,41513.58,4151.36,4566.49,50231.44,21097.2,71328.64
PAY-2026-3588,CAND-1295,MISS-13351,2025-07-14,70.0,2254.4,225.44,247.98,2727.82,1145.69,3873.51
PAY-2026-3589,CAND-1178,MISS-13085,2025-04-11,210.0,15020.34,1502.03,1652.24,18174.61,7633.34,25807.95
PAY-2026-3590,CAND-1416,MISS-12355,2026-07-25,70.0,4365.22,436.52,480.17,5281.92,2218.4,7500.32
PAY-2026-3591,CAND-1268,MISS-11240,2025-07-14,17.5,611.9,61.19,67.31,740.39,310.97,1051.36
PAY-2026-3592,CAND-1218,MISS-10793,2026-07-23,210.0,10274.98,1027.5,1130.25,12432.73,5221.75,17654.48
PAY-2026-3593,CAND-1415,MISS-11151,2026-05-26,210.0,15343.95,1534.4,1687.83,18566.18,7797.8,26363.97
PAY-2026-3594,CAND-1061,MISS-10486,2025-04-19,35.0,1653.58,165.36,181.89,2000.83,840.35,2841.17
PAY-2026-3595,CAND-1204,MISS-13489,2024-02-07,70.0,2424.29,242.43,266.67,2933.39,1232.02,4165.42
PAY-2026-3596,CAND-1125,MISS-10974,2025-04-17,17.5,1119.72,111.97,123.17,1354.87,569.04,1923.91
PAY-2026-3597,CAND-1047,MISS-11315,2024-03-10,35.0,2148.18,214.82,236.3,2599.3,1091.71,3691.01
PAY-2026-3598,CAND-1027,MISS-11825,2024-10-08,70.0,3676.04,367.6,404.36,4448.01,1868.17,6316.18
PAY-2026-3599,CAND-1189,MISS-10054,2024-03-18,630.0,43595.16,4359.52,4795.47,52750.14,22155.06,74905.2
PAY-2026-3600,CAND-1284,MISS-12270,2024-12-10,315.0,18694.98,1869.5,2056.45,22620.93,9500.79,32121.72
PAY-2026-3601,CAND-1284,MISS-12270,2024-12-10,315.0,18694.98,1869.5,2056.45,22620.93,9500.79,32121.72
PAY-2026-3602,CAND-1107,MISS-13407,2024-05-10,17.5,800.47,80.05,88.05,968.57,406.8,1375.37
PAY-2026-3603,CAND-1299,MISS-11867,2025-10-23,210.0,13687.4,1368.74,1505.61,16561.75,6955.94,23517.69
PAY-2026-3604,CAND-1235,MISS-12776,2024-02-04,70.0,4712.72,471.27,518.4,5702.39,2395.0,8097.39
PAY-2026-3605,CAND-1106,MISS-11441,2026-08-02,315.0,11189.24,1118.92,1230.82,13538.97,5686.37,19225.34
PAY-2026-3606,CAND-1333,MISS-12112,2026-01-01,70.0,3827.46,382.75,421.02,4631.23,1945.12,6576.35
PAY-2026-3607,CAND-1014,MISS-12141,2024-08-01,210.0,10972.6,1097.26,1206.99,13276.84,5576.27,18853.11
PAY-2026-3608,CAND-1110,MISS-10247,2025-06-08,210.0,12165.99,1216.6,1338.26,14720.85,6182.76,20903.6
PAY-2026-3609,CAND-1106,MISS-11441,2026-08-02,315.0,11189.24,1118.92,1230.82,13538.97,5686.37,19225.34
PAY-2026-3610,CAND-1137,MISS-11545,2025-10-03,70.0,5002.88,500.29,550.32,6053.48,2542.46,8595.94
PAY-2026-3611,CAND-1136,MISS-11806,2026-07-07,70.0,4889.68,488.97,537.86,5916.51,2484.93,8401.44
PAY-2026-3612,CAND-1280,MISS-10207,2026-04-20,315.0,17863.3,1786.33,1964.96,21614.59,9078.13,30692.72
PAY-2026-3613,CAND-1088,MISS-12729,2026-03-28,70.0,4195.18,419.52,461.47,5076.16,2131.99,7208.15
PAY-2026-3614,CAND-1102,MISS-11194,2025-04-03,35.0,1623.56,162.36,178.59,1964.5,825.09,2789.59
PAY-2026-3615,CAND-1438,MISS-11500,2026-06-17,315.0,16530.44,1653.04,1818.35,20001.83,8400.77,28402.6
PAY-2026-3616,CAND-1227,MISS-11522,2026-07-10,315.0,14017.05,1401.7,1541.88,16960.63,7123.46,24084.1
PAY-2026-3617,CAND-1135,MISS-11583,2026-06-11,17.5,1187.53,118.75,130.63,1436.91,603.5,2040.41
PAY-2026-3618,CAND-1408,MISS-11399,2025-01-22,70.0,4212.77,421.28,463.41,5097.46,2140.93,7238.39
PAY-2026-3619,CAND-1018,MISS-13066,2025-02-09,35.0,1556.72,155.67,171.24,1883.63,791.13,2674.76
PAY-2026-3620,CAND-1214,MISS-11130,2024-12-08,35.0,1823.47,182.35,200.58,2206.4,926.69,3133.09
PAY-2026-3621,CAND-1296,MISS-10269,2026-05-11,630.0,31070.1,3107.01,3417.71,37594.81,15789.82,53384.64
PAY-2026-3622,CAND-1154,MISS-12644,2025-09-20,315.0,15995.61,1599.56,1759.52,19354.69,8128.97,27483.66
PAY-2026-3623,CAND-1213,MISS-11323,2026-08-13,210.0,15426.6,1542.66,1696.93,18666.19,7839.8,26505.99
PAY-2026-3624,CAND-1102,MISS-10703,2024-09-21,210.0,7950.71,795.07,874.58,9620.36,4040.55,13660.91
PAY-2026-3625,CAND-1327,MISS-11079,2024-03-09,315.0,22317.44,2231.74,2454.92,27004.1,11341.72,38345.82
PAY-2026-3626,CAND-1088,MISS-11045,2026-08-14,35.0,2622.84,262.28,288.51,3173.64,1332.93,4506.56
PAY-2026-3627,CAND-1343,MISS-10704,2024-10-30,35.0,1722.56,172.26,189.48,2084.3,875.4,2959.7
PAY-2026-3628,CAND-1159,MISS-12956,2024-11-30,315.0,14986.28,1498.63,1648.49,18133.4,7616.03,25749.43
PAY-2026-3629,CAND-1351,MISS-12944,2024-12-17,630.0,25873.92,2587.39,2846.13,31307.44,13149.13,44456.57
PAY-2026-3630,CAND-1308,MISS-10221,2025-05-07,210.0,13827.93,1382.79,1521.07,16731.8,7027.35,23759.15
PAY-2026-3631,CAND-1430,MISS-11343,2026-06-08,70.0,2791.18,279.12,307.03,3377.32,1418.48,4795.8
PAY-2026-3632,CAND-1027,MISS-10390,2024-02-28,70.0,4958.42,495.84,545.43,5999.69,2519.87,8519.57
PAY-2026-3633,CAND-1265,MISS-10309,2024-09-25,630.0,45561.72,4556.17,5011.79,55129.68,23154.46,78284.14
PAY-2026-3634,CAND-1265,MISS-11083,2025-08-26,210.0,11793.25,1179.32,1297.26,14269.83,5993.33,20263.16
PAY-2026-3635,CAND-1163,MISS-11682,2026-08-18,210.0,7873.96,787.4,866.14,9527.49,4001.55,13529.04
PAY-2026-3636,CAND-1397,MISS-12616,2025-07-22,630.0,21024.91,2102.49,2312.74,25440.14,10684.86,36125.0
PAY-2026-3637,CAND-1148,MISS-11096,2025-01-25,35.0,1899.54,189.95,208.95,2298.44,965.35,3263.79
PAY-2026-3638,CAND-1273,MISS-11219,2026-02-17,210.0,14989.36,1498.94,1648.83,18137.13,7617.59,25754.72
PAY-2026-3639,CAND-1062,MISS-13488,2026-01-24,630.0,20433.36,2043.34,2247.67,24724.37,10384.23,35108.6
PAY-2026-3640,CAND-1044,MISS-13104,2025-02-02,70.0,4103.35,410.34,451.37,4965.05,2085.32,7050.38
PAY-2026-3641,CAND-1380,MISS-13075,2024-09-05,630.0,30593.26,3059.33,3365.26,37017.85,15547.5,52565.35
PAY-2026-3642,CAND-1361,MISS-12933,2026-02-14,70.0,3303.88,330.39,363.43,3997.69,1679.03,5676.73
PAY-2026-3643,CAND-1148,MISS-10993,2025-11-20,210.0,14280.6,1428.06,1570.87,17279.53,7257.4,24536.94
PAY-2026-3644,CAND-1199,MISS-12145,2024-09-17,630.0,35474.23,3547.42,3902.17,42923.82,18028.0,60951.82
PAY-2026-3645,CAND-1188,MISS-12642,2024-03-27,210.0,14930.76,1493.08,1642.38,18066.23,7587.81,25654.04
PAY-2026-3646,CAND-1037,MISS-13365,2025-04-22,70.0,3955.24,395.52,435.08,4785.85,2010.06,6795.9
PAY-2026-3647,CAND-1396,MISS-11912,2024-04-10,17.5,1245.12,124.51,136.96,1506.6,632.77,2139.37
PAY-2026-3648,CAND-1029,MISS-10202,2024-04-02,35.0,1623.74,162.37,178.61,1964.72,825.18,2789.9
PAY-2026-3649,CAND-1334,MISS-10297,2026-08-27,315.0,18666.17,1866.62,2053.28,22586.07,9486.15,32072.21
PAY-2026-3650,CAND-1454,MISS-11038,2025-01-12,35.0,1604.3,160.43,176.47,1941.2,815.3,2756.5
PAY-2026-3651,CAND-1366,MISS-13168,2025-07-22,210.0,14597.97,1459.8,1605.78,17663.54,7418.69,25082.23
PAY-2026-3652,CAND-1069,MISS-11476,2026-08-26,210.0,11545.7,1154.57,1270.03,13970.29,5867.52,19837.81
PAY-2026-3653,CAND-1077,MISS-13158,2025-08-16,35.0,2506.12,250.61,275.67,3032.41,1273.61,4306.02
PAY-2026-3654,CAND-1392,MISS-10562,2024-07-27,70.0,4122.56,412.26,453.48,4988.3,2095.09,7083.39
PAY-2026-3655,CAND-1245,MISS-10249,2024-03-01,35.0,1940.83,194.08,213.49,2348.4,986.33,3334.73
PAY-2026-3656,CAND-1049,MISS-13005,2025-08-17,17.5,954.08,95.41,104.95,1154.44,484.87,1639.31
PAY-2026-3657,CAND-1268,MISS-11093,2025-06-18,315.0,22213.56,2221.36,2443.49,26878.41,11288.93,38167.35
PAY-2026-3658,CAND-1133,MISS-12875,2024-08-06,210.0,14333.86,1433.39,1576.72,17343.96,7284.47,24628.43
PAY-2026-3659,CAND-1213,MISS-12716,2026-06-18,70.0,2553.74,255.37,280.91,3090.02,1297.81,4387.83
PAY-2026-3660,CAND-1192,MISS-12113,2024-05-30,17.5,628.88,62.89,69.18,760.95,319.6,1080.55
PAY-2026-3661,CAND-1443,MISS-10845,2026-04-19,17.5,836.32,83.63,91.99,1011.94,425.02,1436.96
PAY-2026-3662,CAND-1452,MISS-10643,2025-09-03,70.0,2273.74,227.37,250.11,2751.22,1155.51,3906.73
PAY-2026-3663,CAND-1424,MISS-11740,2026-08-28,315.0,18304.04,1830.4,2013.44,22147.89,9302.11,31450.0
PAY-2026-3664,CAND-1395,MISS-13234,2026-03-21,70.0,3450.51,345.05,379.56,4175.12,1753.55,5928.67
PAY-2026-3665,CAND-1044,MISS-11322,2024-12-20,35.0,2103.12,210.31,231.34,2544.78,1068.81,3613.59
PAY-2026-3666,CAND-1036,MISS-12585,2026-05-09,210.0,14163.64,1416.36,1558.0,17138.0,7197.96,24335.96
PAY-2026-3667,CAND-1152,MISS-10921,2025-06-05,35.0,2577.4,257.74,283.51,3118.65,1309.83,4428.49
PAY-2026-3668,CAND-1039,MISS-12285,2026-01-15,210.0,11645.56,1164.56,1281.01,14091.13,5918.28,20009.41
PAY-2026-3669,CAND-1466,MISS-12133,2026-01-23,17.5,881.5,88.15,96.96,1066.61,447.98,1514.58
PAY-2026-3670,CAND-1372,MISS-11575,2025-01-31,210.0,14789.6,1478.96,1626.86,17895.42,7516.07,25411.49
PAY-2026-3671,CAND-1319,MISS-10977,2024-05-08,210.0,13025.74,1302.57,1432.83,15761.14,6619.68,22380.82
PAY-2026-3672,CAND-1356,MISS-13186,2024-08-04,35.0,1759.44,175.94,193.54,2128.92,894.14,3023.06
PAY-2026-3673,CAND-1130,MISS-10982,2024-12-31,315.0,15771.8,1577.18,1734.9,19083.88,8015.23,27099.12
PAY-2026-3674,CAND-1106,MISS-12517,2025-12-11,17.5,1289.96,129.0,141.9,1560.86,655.56,2216.42
PAY-2026-3675,CAND-1249,MISS-11328,2024-09-10,315.0,13477.51,1347.75,1482.53,16307.79,6849.27,23157.06
PAY-2026-3676,CAND-1371,MISS-10904,2025-04-23,210.0,15314.91,1531.49,1684.64,18531.04,7783.04,26314.08
PAY-2026-3677,CAND-1204,MISS-13041,2024-11-09,315.0,9933.59,993.36,1092.69,12019.64,5048.25,17067.89
PAY-2026-3678,CAND-1156,MISS-11760,2026-08-10,315.0,11284.28,1128.43,1241.27,13653.98,5734.67,19388.65
PAY-2026-3679,CAND-1112,MISS-10764,2026-07-09,17.5,565.01,56.5,62.15,683.66,287.14,970.8
PAY-2026-3680,CAND-1129,MISS-11245,2025-01-07,630.0,32377.14,3237.71,3561.49,39176.34,16454.06,55630.4
PAY-2026-3681,CAND-1149,MISS-12612,2025-05-09,70.0,2436.54,243.65,268.02,2948.22,1238.25,4186.47
PAY-2026-3682,CAND-1352,MISS-12885,2024-03-07,70.0,3620.89,362.09,398.3,4381.28,1840.14,6221.41
PAY-2026-3683,CAND-1286,MISS-10274,2025-04-05,210.0,13682.58,1368.26,1505.08,16555.93,6953.49,23509.42
PAY-2026-3684,CAND-1409,MISS-12006,2024-08-07,17.5,1072.38,107.24,117.96,1297.59,544.99,1842.57
PAY-2026-3685,CAND-1164,MISS-10727,2026-07-29,70.0,4276.94,427.69,470.46,5175.1,2173.54,7348.65
PAY-2026-3686,CAND-1161,MISS-12359,2024-12-15,35.0,1462.68,146.27,160.89,1769.84,743.33,2513.17
PAY-2026-3687,CAND-1190,MISS-12686,2024-11-21,70.0,4177.05,417.71,459.48,5054.23,2122.78,7177.01
PAY-2026-3688,CAND-1117,MISS-11034,2024-04-06,35.0,2292.8,229.28,252.21,2774.28,1165.2,3939.48
PAY-2026-3689,CAND-1080,MISS-10601,2025-11-12,70.0,4429.74,442.97,487.27,5359.99,2251.2,7611.19
PAY-2026-3690,CAND-1343,MISS-11431,2025-04-28,35.0,1401.22,140.12,154.13,1695.48,712.1,2407.58
PAY-2026-3691,CAND-1255,MISS-11865,2025-04-08,70.0,5107.8,510.78,561.86,6180.44,2595.78,8776.22
PAY-2026-3692,CAND-1364,MISS-11470,2024-05-23,70.0,3426.78,342.68,376.95,4146.4,1741.49,5887.88
PAY-2026-3693,CAND-1228,MISS-13020,2025-07-04,17.5,755.16,75.52,83.07,913.74,383.77,1297.51
PAY-2026-3694,CAND-1039,MISS-13356,2024-11-24,315.0,14364.06,1436.41,1580.05,17380.52,7299.82,24680.34
PAY-2026-3695,CAND-1313,MISS-13213,2025-11-20,35.0,1790.94,179.09,197.0,2167.03,910.15,3077.18
PAY-2026-3696,CAND-1082,MISS-12993,2025-04-17,70.0,2585.34,258.53,284.39,3128.26,1313.87,4442.13
PAY-2026-3697,CAND-1051,MISS-12703,2025-06-15,35.0,2432.43,243.24,267.57,2943.24,1236.16,4179.4
PAY-2026-3698,CAND-1494,MISS-10563,2026-04-02,630.0,19537.2,1953.72,2149.09,23640.01,9928.8,33568.81
PAY-2026-3699,CAND-1134,MISS-12604,2025-04-15,210.0,15181.54,1518.15,1669.97,18369.66,7715.26,26084.92
PAY-2026-3700,CAND-1057,MISS-12479,2025-08-20,210.0,6673.6,667.36,734.1,8075.06,3391.53,11466.59
PAY-2026-3701,CAND-1426,MISS-10938,2024-10-12,210.0,9411.7,941.17,1035.29,11388.16,4783.03,16171.18
PAY-2026-3702,CAND-1134,MISS-12604,2025-04-15,210.0,15181.54,1518.15,1669.97,18369.66,7715.26,26084.92
PAY-2026-3703,CAND-1415,MISS-11823,2024-09-30,70.0,4543.47,454.35,499.78,5497.6,2308.99,7806.59
PAY-2026-3704,CAND-1495,MISS-10035,2025-09-17,210.0,10205.8,1020.58,1122.64,12349.02,5186.59,17535.61
PAY-2026-3705,CAND-1114,MISS-12504,2025-04-17,35.0,2238.33,223.83,246.22,2708.38,1137.52,3845.9
PAY-2026-3706,CAND-1147,MISS-12417,2025-12-17,210.0,13604.6,1360.46,1496.51,16461.57,6913.86,23375.43
PAY-2026-3707,CAND-1452,MISS-11712,2025-10-28,315.0,23021.98,2302.2,2532.42,27856.6,11699.77,39556.37
PAY-2026-3708,CAND-1148,MISS-11096,2025-01-25,35.0,1899.54,189.95,208.95,2298.44,965.35,3263.79
PAY-2026-3709,CAND-1354,MISS-13201,2026-01-24,17.5,1199.68,119.97,131.96,1451.61,609.68,2061.29
PAY-2026-3710,CAND-1163,MISS-10037,2025-12-17,35.0,1076.2,107.62,118.38,1302.21,546.93,1849.14
PAY-2026-3711,CAND-1290,MISS-11710,2025-08-09,17.5,1209.16,120.92,133.01,1463.09,614.5,2077.59
PAY-2026-3712,CAND-1379,MISS-12019,2024-08-02,70.0,5143.01,514.3,565.73,6223.04,2613.68,8836.72
PAY-2026-3713,CAND-1155,MISS-11929,2025-09-22,17.5,614.72,61.47,67.62,743.82,312.4,1056.22
PAY-2026-3714,CAND-1187,MISS-12528,2026-03-19,315.0,12495.93,1249.59,1374.55,15120.08,6350.43,21470.51
PAY-2026-3715,CAND-1162,MISS-13403,2025-02-03,630.0,29261.52,2926.15,3218.77,35406.45,14870.71,50277.15
PAY-2026-3716,CAND-1042,MISS-11931,2024-11-30,17.5,954.02,95.4,104.94,1154.36,484.83,1639.2
PAY-2026-3717,CAND-1101,MISS-10805,2026-02-06,70.0,4948.45,494.84,544.33,5987.62,2514.8,8502.43
PAY-2026-3718,CAND-1025,MISS-11023,2024-09-01,210.0,10781.74,1078.17,1185.99,13045.9,5479.28,18525.18
PAY-2026-3719,CAND-1471,MISS-13193,2025-09-25,17.5,1099.34,109.93,120.93,1330.2,558.68,1888.88
PAY-2026-3720,CAND-1421,MISS-12593,2024-11-26,70.0,2391.45,239.14,263.06,2893.65,1215.33,4108.99
PAY-2026-3721,CAND-1470,MISS-12957,2026-04-12,35.0,2256.6,225.66,248.23,2730.49,1146.81,3877.3
PAY-2026-3722,CAND-1320,MISS-12238,2026-01-29,210.0,7056.98,705.7,776.27,8538.94,3586.35,12125.29
PAY-2026-3723,CAND-1485,MISS-13463,2026-01-13,70.0,3617.21,361.72,397.89,4376.82,1838.27,6215.09
PAY-2026-3724,CAND-1338,MISS-10380,2024-03-17,315.0,17706.55,1770.66,1947.72,21424.93,8998.47,30423.39
PAY-2026-3725,CAND-1444,MISS-10869,2024-12-08,17.5,764.07,76.41,84.05,924.52,388.3,1312.83
PAY-2026-3726,CAND-1277,MISS-12232,2026-05-15,70.0,2498.24,249.82,274.81,3022.87,1269.61,4292.48
PAY-2026-3727,CAND-1269,MISS-11459,2026-03-31,35.0,1788.99,178.9,196.79,2164.68,909.16,3073.84
PAY-2026-3728,CAND-1135,MISS-13017,2025-11-08,315.0,20258.73,2025.87,2228.46,24513.06,10295.49,34808.55
PAY-2026-3729,CAND-1259,MISS-12628,2024-05-30,210.0,8851.78,885.18,973.7,10710.65,4498.47,15209.13
PAY-2026-3730,CAND-1106,MISS-11290,2024-02-08,70.0,3505.34,350.53,385.59,4241.46,1781.41,6022.88
PAY-2026-3731,CAND-1299,MISS-11904,2025-06-19,210.0,12807.58,1280.76,1408.83,15497.18,6508.81,22005.99
PAY-2026-3732,CAND-1346,MISS-12982,2026-06-18,70.0,3138.72,313.87,345.26,3797.85,1595.09,5392.94
PAY-2026-3733,CAND-1005,MISS-11674,2026-01-05,630.0,23428.96,2342.9,2577.19,28349.04,11906.6,40255.64
PAY-2026-3734,CAND-1416,MISS-13367,2024-08-22,17.5,1137.79,113.78,125.16,1376.73,578.22,1954.95
PAY-2026-3735,CAND-1097,MISS-11889,2024-09-01,35.0,1770.18,177.02,194.72,2141.92,899.61,3041.53
PAY-2026-3736,CAND-1467,MISS-13391,2026-01-27,35.0,2138.87,213.89,235.28,2588.03,1086.97,3675.01
PAY-2026-3737,CAND-1480,MISS-13215,2026-05-07,70.0,5190.15,519.01,570.92,6280.08,2637.63,8917.71
PAY-2026-3738,CAND-1107,MISS-12063,2026-06-14,210.0,6653.12,665.31,731.84,8050.27,3381.11,11431.38
PAY-2026-3739,CAND-1202,MISS-10840,2025-02-19,70.0,3503.72,350.37,385.41,4239.51,1780.59,6020.1
PAY-2026-3740,CAND-1489,MISS-12026,2024-06-09,70.0,2216.22,221.62,243.78,2681.62,1126.28,3807.9
PAY-2026-3741,CAND-1342,MISS-11090,2026-02-17,70.0,4591.23,459.12,505.04,5555.39,2333.26,7888.65
PAY-2026-3742,CAND-1234,MISS-12121,2026-04-27,630.0,45647.6,4564.76,5021.24,55233.6,23198.11,78431.71
PAY-2026-3743,CAND-1055,MISS-10625,2024-09-10,210.0,15736.15,1573.62,1730.98,19040.74,7997.11,27037.85
PAY-2026-3744,CAND-1002,MISS-12773,2025-05-12,210.0,12858.54,1285.85,1414.44,15558.83,6534.71,22093.54
PAY-2026-3745,CAND-1006,MISS-11169,2025-07-16,17.5,755.55,75.55,83.11,914.22,383.97,1298.19
PAY-2026-3746,CAND-1040,MISS-10788,2026-04-17,70.0,2390.56,239.06,262.96,2892.58,1214.89,4107.47
PAY-2026-3747,CAND-1029,MISS-10325,2024-07-29,210.0,13467.62,1346.76,1481.44,16295.81,6844.24,23140.06
PAY-2026-3748,CAND-1453,MISS-11087,2025-06-19,35.0,1844.46,184.45,202.89,2231.8,937.35,3169.15
PAY-2026-3749,CAND-1200,MISS-10506,2025-02-08,210.0,9537.52,953.75,1049.13,11540.39,4846.97,16387.36
PAY-2026-3750,CAND-1456,MISS-11565,2024-02-25,70.0,3015.2,301.52,331.67,3648.39,1532.32,5180.71
PAY-2026-3751,CAND-1279,MISS-10514,2025-05-05,210.0,13030.49,1303.05,1433.35,15766.89,6622.1,22388.99
PAY-2026-3752,CAND-1343,MISS-11376,2026-04-18,210.0,7853.92,785.39,863.93,9503.24,3991.36,13494.6
PAY-2026-3753,CAND-1134,MISS-10934,2024-03-25,17.5,1015.52,101.55,111.71,1228.78,516.09,1744.87
PAY-2026-3754,CAND-1353,MISS-11306,2026-04-12,35.0,1601.07,160.11,176.12,1937.29,813.66,2750.96
PAY-2026-3755,CAND-1056,MISS-10963,2025-02-18,35.0,1928.93,192.89,212.18,2334.01,980.28,3314.29
PAY-2026-3756,CAND-1327,MISS-12981,2026-01-09,210.0,15142.73,1514.27,1665.7,18322.7,7695.54,26018.24
PAY-2026-3757,CAND-1266,MISS-10539,2025-10-20,35.0,1427.12,142.71,156.98,1726.82,725.26,2452.09
PAY-2026-3758,CAND-1280,MISS-11241,2024-04-05,630.0,39256.98,3925.7,4318.27,47500.94,19950.39,67451.33
PAY-2026-3759,CAND-1029,MISS-10202,2024-04-02,35.0,1623.74,162.37,178.61,1964.72,825.18,2789.9
PAY-2026-3760,CAND-1387,MISS-11298,2024-08-30,70.0,3531.7,353.17,388.49,4273.36,1794.81,6068.18
PAY-2026-3761,CAND-1133,MISS-12875,2024-08-06,210.0,14333.86,1433.39,1576.72,17343.96,7284.47,24628.43
PAY-2026-3762,CAND-1286,MISS-10565,2024-05-26,70.0,4332.23,433.22,476.54,5241.99,2201.64,7443.63
PAY-2026-3763,CAND-1133,MISS-13320,2025-01-12,630.0,38996.68,3899.67,4289.64,47185.99,19818.12,67004.1
PAY-2026-3764,CAND-1052,MISS-11893,2024-09-19,210.0,8416.59,841.66,925.83,10184.08,4277.31,14461.39
PAY-2026-3765,CAND-1478,MISS-13228,2025-01-10,210.0,9200.38,920.04,1012.04,11132.47,4675.64,15808.1
PAY-2026-3766,CAND-1180,MISS-12295,2025-09-29,70.0,3148.86,314.89,346.37,3810.11,1600.25,5410.36
PAY-2026-3767,CAND-1268,MISS-11240,2025-07-14,17.5,611.9,61.19,67.31,740.39,310.97,1051.36
PAY-2026-3768,CAND-1472,MISS-12227,2025-09-26,315.0,12617.13,1261.71,1387.88,15266.73,6412.03,21678.75
PAY-2026-3769,CAND-1227,MISS-11924,2025-07-05,630.0,37182.76,3718.28,4090.1,44991.15,18896.28,63887.43
PAY-2026-3770,CAND-1265,MISS-10708,2024-09-25,630.0,40325.06,4032.51,4435.76,48793.32,20493.19,69286.51
PAY-2026-3771,CAND-1061,MISS-13224,2024-09-08,315.0,14564.92,1456.49,1602.14,17623.55,7401.89,25025.45
PAY-2026-3772,CAND-1188,MISS-12871,2026-03-12,70.0,3200.38,320.04,352.04,3872.46,1626.43,5498.89
PAY-2026-3773,CAND-1261,MISS-12611,2025-10-16,315.0,14058.5,1405.85,1546.43,17010.78,7144.53,24155.31
PAY-2026-3774,CAND-1135,MISS-10657,2024-12-07,70.0,3099.98,310.0,341.0,3750.98,1575.41,5326.39
PAY-2026-3775,CAND-1042,MISS-11931,2024-11-30,17.5,954.02,95.4,104.94,1154.36,484.83,1639.2
PAY-2026-3776,CAND-1125,MISS-10306,2026-06-04,70.0,5166.11,516.61,568.27,6250.99,2625.42,8876.41
PAY-2026-3777,CAND-1476,MISS-12328,2025-07-29,210.0,8494.72,849.47,934.42,10278.62,4317.02,14595.64
PAY-2026-3778,CAND-1227,MISS-11968,2025-05-27,70.0,3716.42,371.64,408.81,4496.87,1888.68,6385.55
PAY-2026-3779,CAND-1091,MISS-11136,2025-06-23,210.0,13453.85,1345.39,1479.92,16279.16,6837.25,23116.41
PAY-2026-3780,CAND-1365,MISS-12572,2024-07-01,35.0,1690.02,169.0,185.9,2044.93,858.87,2903.8
PAY-2026-3781,CAND-1221,MISS-10560,2025-03-12,70.0,2301.43,230.14,253.16,2784.73,1169.59,3954.32
PAY-2026-3782,CAND-1115,MISS-12078,2026-01-23,70.0,5086.57,508.66,559.52,6154.75,2584.99,8739.74
PAY-2026-3783,CAND-1453,MISS-13370,2024-08-05,315.0,13779.52,1377.95,1515.75,16673.22,7002.75,23675.97
PAY-2026-3784,CAND-1292,MISS-11445,2024-07-25,35.0,1580.84,158.08,173.89,1912.81,803.38,2716.19
PAY-2026-3785,CAND-1340,MISS-13420,2024-02-10,630.0,29759.94,2975.99,3273.59,36009.53,15124.0,51133.54
PAY-2026-3786,CAND-1223,MISS-11457,2025-11-01,17.5,840.86,84.09,92.5,1017.45,427.33,1444.77
PAY-2026-3787,CAND-1159,MISS-10804,2025-07-16,70.0,4035.52,403.55,443.91,4882.98,2050.85,6933.83
PAY-2026-3788,CAND-1207,MISS-10866,2024-11-25,35.0,2360.96,236.1,259.71,2856.77,1199.84,4056.61
PAY-2026-3789,CAND-1056,MISS-13300,2025-01-07,70.0,4775.12,477.51,525.26,5777.9,2426.72,8204.61
PAY-2026-3790,CAND-1444,MISS-13162,2024-08-11,35.0,2206.81,220.68,242.75,2670.24,1121.5,3791.74
PAY-2026-3791,CAND-1094,MISS-13149,2026-03-12,210.0,6346.13,634.61,698.07,7678.82,3225.1,10903.92
PAY-2026-3792,CAND-1106,MISS-10122,2026-07-28,630.0,36909.06,3690.91,4060.0,44659.96,18757.18,63417.14
PAY-2026-3793,CAND-1299,MISS-12222,2026-03-20,630.0,41371.66,4137.17,4550.88,50059.71,21025.08,71084.79
PAY-2026-3794,CAND-1382,MISS-13094,2025-02-25,70.0,4076.12,407.61,448.37,4932.1,2071.48,7003.58
PAY-2026-3795,CAND-1284,MISS-11609,2024-10-03,630.0,29163.9,2916.39,3208.03,35288.33,14821.1,50109.42
PAY-2026-3796,CAND-1463,MISS-10864,2025-04-25,210.0,10854.6,1085.46,1194.01,13134.06,5516.31,18650.37
PAY-2026-3797,CAND-1498,MISS-11153,2026-07-12,17.5,570.45,57.05,62.75,690.24,289.9,980.15
PAY-2026-3798,CAND-1463,MISS-12834,2025-02-09,70.0,2197.8,219.78,241.76,2659.34,1116.92,3776.27
PAY-2026-3799,CAND-1453,MISS-11633,2025-09-13,210.0,12341.59,1234.16,1357.57,14933.32,6272.0,21205.32
PAY-2026-3800,CAND-1010,MISS-10489,2025-10-22,630.0,21232.57,2123.26,2335.58,25691.41,10790.39,36481.8
PAY-2026-3801,CAND-1157,MISS-11911,2024-02-12,70.0,4504.32,450.43,495.48,5450.23,2289.1,7739.32
PAY-2026-3802,CAND-1038,MISS-11649,2025-04-05,315.0,21671.33,2167.13,2383.85,26222.31,11013.37,37235.68
PAY-2026-3803,CAND-1102,MISS-10703,2024-09-21,210.0,7950.71,795.07,874.58,9620.36,4040.55,13660.91
PAY-2026-3804,CAND-1155,MISS-11736,2026-02-08,17.5,1262.2,126.22,138.84,1527.26,641.45,2168.7
PAY-2026-3805,CAND-1215,MISS-13110,2026-06-15,35.0,2113.34,211.33,232.47,2557.14,1074.0,3631.13
PAY-2026-3806,CAND-1203,MISS-10064,2025-10-03,210.0,6895.04,689.5,758.45,8343.0,3504.06,11847.07
PAY-2026-3807,CAND-1035,MISS-11585,2025-01-27,70.0,2405.36,240.54,264.59,2910.49,1222.41,4132.9
PAY-2026-3808,CAND-1075,MISS-11216,2024-06-17,70.0,3492.33,349.23,384.16,4225.72,1774.8,6000.52
PAY-2026-3809,CAND-1455,MISS-12626,2025-05-25,17.5,750.16,75.02,82.52,907.69,381.23,1288.92
PAY-2026-3810,CAND-1452,MISS-11925,2025-07-25,35.0,1909.64,190.96,210.06,2310.66,970.48,3281.14
PAY-2026-3811,CAND-1070,MISS-12570,2024-03-20,17.5,594.56,59.46,65.4,719.42,302.16,1021.57
PAY-2026-3812,CAND-1033,MISS-12488,2025-05-17,70.0,3555.54,355.55,391.11,4302.2,1806.93,6109.13
PAY-2026-3813,CAND-1410,MISS-10816,2025-01-15,630.0,20844.98,2084.5,2292.95,25222.43,10593.42,35815.84
PAY-2026-3814,CAND-1330,MISS-12576,2026-07-02,210.0,13475.44,1347.54,1482.3,16305.28,6848.22,23153.49
PAY-2026-3815,CAND-1104,MISS-10263,2025-10-13,17.5,965.68,96.57,106.23,1168.48,490.76,1659.24
PAY-2026-3816,CAND-1254,MISS-12661,2026-01-03,70.0,4838.6,483.86,532.25,5854.7,2458.97,8313.67
PAY-2026-3817,CAND-1330,MISS-11164,2025-10-06,35.0,2421.62,242.16,266.38,2930.17,1230.67,4160.84
PAY-2026-3818,CAND-1344,MISS-10534,2025-05-27,70.0,4402.41,440.24,484.27,5326.92,2237.3,7564.22
PAY-2026-3819,CAND-1428,MISS-10278,2026-04-20,17.5,1227.92,122.79,135.07,1485.78,624.03,2109.81
PAY-2026-3820,CAND-1070,MISS-13293,2026-03-17,70.0,2851.08,285.11,313.62,3449.81,1448.92,4898.73
PAY-2026-3821,CAND-1460,MISS-12748,2025-12-01,70.0,2733.94,273.39,300.73,3308.07,1389.39,4697.46
PAY-2026-3822,CAND-1234,MISS-10721,2025-01-03,630.0,25264.98,2526.5,2779.15,30570.63,12839.66,43410.29
PAY-2026-3823,CAND-1353,MISS-12549,2025-05-06,35.0,1108.54,110.85,121.94,1341.34,563.36,1904.7
PAY-2026-3824,CAND-1335,MISS-10196,2025-08-17,70.0,3125.09,312.51,343.76,3781.36,1588.17,5369.53
PAY-2026-3825,CAND-1196,MISS-11776,2025-04-21,315.0,14668.08,1466.81,1613.49,17748.38,7454.32,25202.7
PAY-2026-3826,CAND-1106,MISS-10379,2024-06-28,70.0,4325.22,432.52,475.77,5233.51,2198.07,7431.58
PAY-2026-3827,CAND-1318,MISS-13205,2025-11-24,70.0,3293.56,329.36,362.29,3985.2,1673.78,5658.99
PAY-2026-3828,CAND-1025,MISS-11628,2025-12-15,35.0,1746.86,174.69,192.15,2113.69,887.75,3001.45
PAY-2026-3829,CAND-1420,MISS-11537,2024-06-13,70.0,3496.1,349.61,384.57,4230.27,1776.72,6006.99
PAY-2026-3830,CAND-1064,MISS-10257,2025-02-02,210.0,8920.09,892.01,981.21,10793.31,4533.19,15326.51
PAY-2026-3831,CAND-1125,MISS-10974,2025-04-17,17.5,1119.72,111.97,123.17,1354.87,569.04,1923.91
PAY-2026-3832,CAND-1451,MISS-10622,2025-11-18,35.0,2277.95,227.8,250.57,2756.32,1157.65,3913.97
PAY-2026-3833,CAND-1364,MISS-12046,2024-08-08,70.0,2509.34,250.93,276.03,3036.3,1275.25,4311.55
PAY-2026-3834,CAND-1481,MISS-11257,2026-01-12,35.0,2410.26,241.03,265.13,2916.41,1224.89,4141.31
PAY-2026-3835,CAND-1185,MISS-10846,2025-12-12,630.0,46591.64,4659.16,5125.08,56375.89,23677.87,80053.76
PAY-2026-3836,CAND-1089,MISS-12800,2025-04-30,70.0,5128.6,512.86,564.15,6205.61,2606.36,8811.97
PAY-2026-3837,CAND-1145,MISS-10798,2025-12-15,70.0,2208.3,220.83,242.91,2672.04,1122.26,3794.3
PAY-2026-3838,CAND-1195,MISS-12962,2024-08-04,70.0,3925.38,392.54,431.79,4749.71,1994.88,6744.59
PAY-2026-3839,CAND-1274,MISS-10931,2024-04-28,315.0,15902.52,1590.25,1749.28,19242.06,8081.66,27323.72
PAY-2026-3840,CAND-1078,MISS-10831,2026-07-11,210.0,11373.18,1137.32,1251.05,13761.55,5779.85,19541.41
PAY-2026-3841,CAND-1263,MISS-10461,2024-10-14,70.0,4151.38,415.14,456.65,5023.18,2109.73,7132.91
PAY-2026-3842,CAND-1011,MISS-11189,2026-08-17,35.0,2069.56,206.96,227.65,2504.17,1051.75,3555.93
PAY-2026-3843,CAND-1192,MISS-10458,2026-07-18,630.0,43686.88,4368.69,4805.56,52861.13,22201.67,75062.81
PAY-2026-3844,CAND-1174,MISS-12641,2024-04-09,70.0,4804.2,480.42,528.46,5813.08,2441.49,8254.57
PAY-2026-3845,CAND-1389,MISS-11381,2024-11-16,70.0,5100.58,510.06,561.06,6171.71,2592.12,8763.83
PAY-2026-3846,CAND-1037,MISS-10953,2024-11-21,35.0,1737.84,173.78,191.16,2102.78,883.17,2985.95
PAY-2026-3847,CAND-1082,MISS-13087,2026-03-20,70.0,4927.12,492.71,541.98,5961.81,2503.96,8465.77
PAY-2026-3848,CAND-1345,MISS-11178,2026-03-30,630.0,37679.03,3767.9,4144.69,45591.63,19148.48,64740.11
PAY-2026-3849,CAND-1106,MISS-11290,2024-02-08,70.0,3505.34,350.53,385.59,4241.46,1781.41,6022.88
PAY-2026-3850,CAND-1492,MISS-10134,2024-05-28,70.0,3858.77,385.88,424.46,4669.11,1961.03,6630.14
PAY-2026-3851,CAND-1330,MISS-13161,2025-10-31,35.0,2154.55,215.46,237.0,2607.01,1094.94,3701.96
PAY-2026-3852,CAND-1070,MISS-12917,2026-08-08,210.0,12805.12,1280.51,1408.56,15494.19,6507.56,22001.75
PAY-2026-3853,CAND-1440,MISS-12891,2025-02-27,17.5,585.1,58.51,64.36,707.97,297.35,1005.32
PAY-2026-3854,CAND-1294,MISS-11044,2025-09-27,210.0,11625.08,1162.51,1278.76,14066.35,5907.87,19974.22
PAY-2026-3855,CAND-1393,MISS-10462,2025-03-27,70.0,2236.87,223.69,246.06,2706.61,1136.78,3843.39
PAY-2026-3856,CAND-1498,MISS-10475,2025-11-17,70.0,3931.9,393.19,432.51,4757.61,1998.19,6755.8
PAY-2026-3857,CAND-1040,MISS-12715,2024-05-02,630.0,32131.33,3213.13,3534.45,38878.91,16329.14,55208.05
PAY-2026-3858,CAND-1037,MISS-12208,2025-01-07,210.0,8354.5,835.45,919.0,10108.95,4245.76,14354.71
PAY-2026-3859,CAND-1333,MISS-12999,2024-03-06,17.5,746.36,74.64,82.1,903.1,379.3,1282.4
PAY-2026-3860,CAND-1232,MISS-13150,2025-03-16,315.0,14167.36,1416.74,1558.41,17142.5,7199.85,24342.35
PAY-2026-3861,CAND-1070,MISS-12784,2024-09-11,35.0,1594.28,159.43,175.37,1929.07,810.21,2739.28
PAY-2026-3862,CAND-1438,MISS-10616,2025-03-12,35.0,1734.64,173.46,190.81,2098.91,881.54,2980.45
PAY-2026-3863,CAND-1179,MISS-10366,2026-03-20,630.0,41675.21,4167.52,4584.27,50427.01,21179.34,71606.35
PAY-2026-3864,CAND-1422,MISS-13435,2024-08-20,70.0,2785.78,278.58,306.44,3370.79,1415.73,4786.53
PAY-2026-3865,CAND-1361,MISS-12685,2026-08-06,630.0,30948.74,3094.87,3404.36,37447.97,15728.15,53176.12
PAY-2026-3866,CAND-1484,MISS-11317,2026-04-17,210.0,6314.94,631.49,694.64,7641.08,3209.25,10850.33
PAY-2026-3867,CAND-1413,MISS-11647,2026-06-23,35.0,2019.72,201.97,222.17,2443.87,1026.42,3470.29
PAY-2026-3868,CAND-1093,MISS-10422,2026-02-01,210.0,15143.02,1514.3,1665.73,18323.06,7695.69,26018.75
PAY-2026-3869,CAND-1350,MISS-12822,2024-11-19,17.5,1018.01,101.8,111.98,1231.79,517.35,1749.14
PAY-2026-3870,CAND-1126,MISS-10967,2026-06-26,70.0,3368.08,336.81,370.49,4075.38,1711.66,5787.04
PAY-2026-3871,CAND-1011,MISS-11374,2025-01-22,17.5,805.68,80.57,88.63,974.88,409.45,1384.33
PAY-2026-3872,CAND-1354,MISS-12786,2026-06-17,35.0,1472.29,147.23,161.95,1781.47,748.22,2529.69
PAY-2026-3873,CAND-1159,MISS-10199,2026-05-16,17.5,900.5,90.05,99.06,1089.61,457.64,1547.25
PAY-2026-3874,CAND-1064,MISS-13465,2026-06-20,17.5,933.08,93.31,102.64,1129.03,474.19,1603.22
PAY-2026-3875,CAND-1116,MISS-11076,2025-07-03,210.0,14112.28,1411.23,1552.35,17075.85,7171.86,24247.71
PAY-2026-3876,CAND-1029,MISS-10327,2025-02-22,630.0,26657.19,2665.72,2932.29,32255.2,13547.18,45802.38
PAY-2026-3877,CAND-1304,MISS-13119,2025-01-28,210.0,14281.38,1428.14,1570.95,17280.46,7257.79,24538.26
PAY-2026-3878,CAND-1128,MISS-13401,2025-07-28,210.0,6498.54,649.85,714.84,7863.23,3302.56,11165.78
PAY-2026-3879,CAND-1088,MISS-12522,2026-05-26,35.0,1783.7,178.37,196.21,2158.27,906.47,3064.74
PAY-2026-3880,CAND-1189,MISS-13130,2024-06-17,70.0,4566.1,456.61,502.27,5524.97,2320.49,7845.46
PAY-2026-3881,CAND-1407,MISS-13117,2024-06-09,70.0,3695.2,369.52,406.47,4471.19,1877.9,6349.08
PAY-2026-3882,CAND-1479,MISS-10014,2024-07-21,35.0,1953.46,195.35,214.88,2363.69,992.75,3356.44
PAY-2026-3883,CAND-1342,MISS-12327,2025-05-14,70.0,3597.86,359.79,395.76,4353.41,1828.43,6181.84
PAY-2026-3884,CAND-1409,MISS-13247,2024-08-10,315.0,20128.66,2012.87,2214.15,24355.68,10229.39,34585.07
PAY-2026-3885,CAND-1463,MISS-10864,2025-04-25,210.0,10854.6,1085.46,1194.01,13134.06,5516.31,18650.37
PAY-2026-3886,CAND-1040,MISS-10788,2026-04-17,70.0,2390.56,239.06,262.96,2892.58,1214.89,4107.47
PAY-2026-3887,CAND-1165,MISS-12399,2025-07-22,630.0,40191.01,4019.1,4421.01,48631.12,20425.07,69056.19
PAY-2026-3888,CAND-1269,MISS-13047,2025-08-21,17.5,1230.62,123.06,135.37,1489.06,625.4,2114.46
PAY-2026-3889,CAND-1159,MISS-12838,2024-06-29,630.0,27426.91,2742.69,3016.96,33186.56,13938.36,47124.92
PAY-2026-3890,CAND-1418,MISS-11822,2025-08-22,70.0,4134.2,413.42,454.76,5002.38,2101.0,7103.37
PAY-2026-3891,CAND-1473,MISS-12820,2026-03-22,630.0,46548.26,4654.83,5120.31,56323.39,23655.82,79979.21
PAY-2026-3892,CAND-1394,MISS-10817,2024-10-22,70.0,3293.42,329.34,362.28,3985.04,1673.72,5658.76
PAY-2026-3893,CAND-1499,MISS-11236,2025-07-18,210.0,15589.11,1558.91,1714.8,18862.82,7922.39,26785.21
PAY-2026-3894,CAND-1404,MISS-12190,2026-06-14,630.0,41729.48,4172.95,4590.24,50492.68,21206.92,71699.6
PAY-2026-3895,CAND-1386,MISS-11810,2026-08-01,210.0,9676.31,967.63,1064.39,11708.34,4917.5,16625.84
PAY-2026-3896,CAND-1138,MISS-11263,2024-07-08,315.0,12656.56,1265.66,1392.22,15314.43,6432.06,21746.49
PAY-2026-3897,CAND-1162,MISS-11746,2024-05-24,630.0,41856.12,4185.61,4604.17,50645.91,21271.28,71917.19
PAY-2026-3898,CAND-1027,MISS-11825,2024-10-08,70.0,3676.04,367.6,404.36,4448.01,1868.17,6316.18
PAY-2026-3899,CAND-1441,MISS-13230,2025-01-14,35.0,1711.88,171.19,188.31,2071.37,869.98,2941.35
PAY-2026-3900,CAND-1496,MISS-11514,2025-01-22,70.0,4200.46,420.05,462.05,5082.56,2134.67,7217.23
PAY-2026-3901,CAND-1428,MISS-13364,2026-07-24,70.0,2468.86,246.89,271.57,2987.31,1254.67,4241.99
PAY-2026-3902,CAND-1394,MISS-10185,2025-12-19,70.0,2713.0,271.3,298.43,3282.72,1378.74,4661.47
PAY-2026-3903,CAND-1391,MISS-11793,2026-03-30,70.0,3637.98,363.8,400.18,4401.96,1848.82,6250.79
PAY-2026-3904,CAND-1200,MISS-10506,2025-02-08,210.0,9537.52,953.75,1049.13,11540.39,4846.97,16387.36
PAY-2026-3905,CAND-1402,MISS-11218,2024-05-08,210.0,8855.38,885.54,974.09,10715.0,4500.3,15215.31
PAY-2026-3906,CAND-1187,MISS-11731,2026-08-02,210.0,10108.96,1010.9,1111.99,12231.84,5137.37,17369.22
PAY-2026-3907,CAND-1106,MISS-12517,2025-12-11,17.5,1289.96,129.0,141.9,1560.86,655.56,2216.42
PAY-2026-3908,CAND-1260,MISS-11637,2025-10-17,630.0,23102.44,2310.24,2541.27,27953.96,11740.66,39694.62
PAY-2026-3909,CAND-1387,MISS-11714,2026-08-25,17.5,853.24,85.32,93.86,1032.41,433.61,1466.03
PAY-2026-3910,CAND-1018,MISS-12867,2025-05-18,315.0,13666.74,1366.67,1503.34,16536.76,6945.44,23482.19
PAY-2026-3911,CAND-1456,MISS-12683,2024-04-07,17.5,885.46,88.55,97.4,1071.41,449.99,1521.41
PAY-2026-3912,CAND-1309,MISS-12580,2024-05-09,210.0,14243.01,1424.3,1566.73,17234.04,7238.3,24472.34
PAY-2026-3913,CAND-1410,MISS-10816,2025-01-15,630.0,20844.98,2084.5,2292.95,25222.43,10593.42,35815.84
PAY-2026-3914,CAND-1275,MISS-12680,2025-03-03,17.5,561.99,56.2,61.82,680.01,285.6,965.61
PAY-2026-3915,CAND-1160,MISS-10212,2026-03-09,70.0,2958.22,295.82,325.4,3579.45,1503.37,5082.81
PAY-2026-3916,CAND-1202,MISS-12930,2024-10-11,17.5,763.12,76.31,83.94,923.38,387.82,1311.2
PAY-2026-3917,CAND-1106,MISS-10375,2024-09-05,70.0,4429.99,443.0,487.3,5360.29,2251.32,7611.61
PAY-2026-3918,CAND-1248,MISS-10360,2024-02-10,630.0,31977.72,3197.77,3517.55,38693.04,16251.08,54944.12
PAY-2026-3919,CAND-1373,MISS-13072,2024-08-30,70.0,4714.55,471.46,518.6,5704.61,2395.93,8100.54
PAY-2026-3920,CAND-1437,MISS-10614,2024-02-16,70.0,3298.82,329.88,362.87,3991.58,1676.46,5668.04
PAY-2026-3921,CAND-1115,MISS-11888,2025-10-12,210.0,8148.36,814.84,896.32,9859.51,4140.99,14000.5
PAY-2026-3922,CAND-1074,MISS-12524,2024-09-04,315.0,9733.65,973.36,1070.7,11777.72,4946.64,16724.36
PAY-2026-3923,CAND-1151,MISS-11316,2026-03-06,70.0,5058.3,505.83,556.41,6120.54,2570.63,8691.16
PAY-2026-3924,CAND-1098,MISS-11171,2024-05-04,630.0,19825.38,1982.54,2180.79,23988.7,10075.26,34063.96
PAY-2026-3925,CAND-1282,MISS-11566,2024-08-29,315.0,21609.62,2160.96,2377.06,26147.65,10982.01,37129.66
PAY-2026-3926,CAND-1268,MISS-10416,2025-01-10,315.0,22254.93,2225.49,2448.04,26928.47,11309.96,38238.42
PAY-2026-3927,CAND-1098,MISS-11171,2024-05-04,630.0,19825.38,1982.54,2180.79,23988.7,10075.26,34063.96
PAY-2026-3928,CAND-1470,MISS-10312,2025-12-25,17.5,1305.96,130.6,143.66,1580.21,663.69,2243.9
PAY-2026-3929,CAND-1132,MISS-12898,2025-04-14,315.0,14246.48,1424.65,1567.11,17238.23,7240.06,24478.29
PAY-2026-3930,CAND-1111,MISS-10113,2025-01-29,35.0,2214.15,221.42,243.56,2679.12,1125.23,3804.35
PAY-2026-3931,CAND-1460,MISS-12649,2025-03-19,35.0,1463.02,146.3,160.93,1770.25,743.51,2513.76
PAY-2026-3932,CAND-1413,MISS-11864,2025-11-23,35.0,1663.72,166.37,183.01,2013.1,845.5,2858.6
PAY-2026-3933,CAND-1349,MISS-12291,2026-01-31,17.5,839.26,83.93,92.32,1015.5,426.51,1442.02
PAY-2026-3934,CAND-1326,MISS-12159,2026-03-27,35.0,1069.39,106.94,117.63,1293.96,543.46,1837.43
PAY-2026-3935,CAND-1421,MISS-12593,2024-11-26,70.0,2391.45,239.14,263.06,2893.65,1215.33,4108.99
PAY-2026-3936,CAND-1259,MISS-12200,2024-11-29,210.0,11694.06,1169.41,1286.35,14149.81,5942.92,20092.73
PAY-2026-3937,CAND-1252,MISS-12977,2024-02-13,210.0,13024.54,1302.45,1432.7,15759.69,6619.07,22378.76
PAY-2026-3938,CAND-1133,MISS-12519,2024-12-06,210.0,11327.22,1132.72,1245.99,13705.94,5756.5,19462.44
PAY-2026-3939,CAND-1280,MISS-12746,2025-04-24,35.0,1134.7,113.47,124.82,1372.99,576.65,1949.64
PAY-2026-3940,CAND-1093,MISS-12446,2025-02-03,70.0,4704.02,470.4,517.44,5691.87,2390.59,8082.46
PAY-2026-3941,CAND-1160,MISS-10627,2025-11-11,17.5,621.16,62.12,68.33,751.61,315.68,1067.29
PAY-2026-3942,CAND-1014,MISS-11771,2025-12-08,70.0,5150.08,515.01,566.51,6231.6,2617.27,8848.87
PAY-2026-3943,CAND-1206,MISS-10061,2024-12-17,35.0,2087.96,208.8,229.68,2526.44,1061.1,3587.54
PAY-2026-3944,CAND-1115,MISS-10592,2024-03-03,315.0,11127.7,1112.77,1224.05,13464.52,5655.1,19119.62
PAY-2026-3945,CAND-1188,MISS-12368,2026-04-12,630.0,44656.91,4465.69,4912.26,54034.86,22694.64,76729.5
PAY-2026-3946,CAND-1283,MISS-10880,2026-01-03,35.0,2093.67,209.37,230.3,2533.34,1064.0,3597.34
PAY-2026-3947,CAND-1443,MISS-12008,2024-08-24,35.0,1216.26,121.63,133.79,1471.67,618.1,2089.77
PAY-2026-3948,CAND-1347,MISS-12535,2024-04-06,35.0,1985.68,198.57,218.43,2402.68,1009.13,3411.8
PAY-2026-3949,CAND-1163,MISS-11789,2024-09-21,315.0,13753.7,1375.37,1512.91,16641.98,6989.63,23631.62
PAY-2026-3950,CAND-1053,MISS-12380,2024-04-11,210.0,9433.14,943.31,1037.64,11414.09,4793.92,16208.01
PAY-2026-3951,CAND-1250,MISS-12483,2026-01-14,70.0,2232.07,223.21,245.53,2700.8,1134.34,3835.14
PAY-2026-3952,CAND-1499,MISS-11801,2024-08-13,35.0,2134.04,213.4,234.74,2582.19,1084.52,3666.71
PAY-2026-3953,CAND-1148,MISS-12156,2025-09-02,70.0,3480.05,348.01,382.81,4210.86,1768.56,5979.42
PAY-2026-3954,CAND-1012,MISS-10117,2025-02-20,315.0,13941.63,1394.16,1533.58,16869.37,7085.14,23954.51
PAY-2026-3955,CAND-1081,MISS-12025,2024-02-08,17.5,770.66,77.07,84.77,932.49,391.65,1324.14
PAY-2026-3956,CAND-1425,MISS-11860,2025-02-19,70.0,4190.17,419.02,460.92,5070.11,2129.44,7199.55
PAY-2026-3957,CAND-1003,MISS-12264,2025-11-18,70.0,3061.44,306.14,336.76,3704.34,1555.82,5260.16
PAY-2026-3958,CAND-1049,MISS-12431,2024-05-27,70.0,4084.18,408.42,449.26,4941.85,2075.58,7017.43
PAY-2026-3959,CAND-1200,MISS-10801,2024-07-30,630.0,40343.16,4034.32,4437.75,48815.22,20502.39,69317.61
PAY-2026-3960,CAND-1046,MISS-12514,2025-04-07,210.0,12383.9,1238.39,1362.23,14984.52,6293.5,21278.02
PAY-2026-3961,CAND-1066,MISS-11057,2024-04-16,70.0,2831.83,283.18,311.5,3426.51,1439.14,4865.65
PAY-2026-3962,CAND-1217,MISS-10630,2026-05-14,315.0,17015.2,1701.52,1871.67,20588.39,8647.12,29235.52
PAY-2026-3963,CAND-1317,MISS-13115,2025-05-13,70.0,4217.73,421.77,463.95,5103.45,2143.45,7246.9
PAY-2026-3964,CAND-1059,MISS-12665,2025-04-04,630.0,36930.7,3693.07,4062.38,44686.15,18768.18,63454.33
PAY-2026-3965,CAND-1139,MISS-10167,2026-01-05,35.0,1355.2,135.52,149.07,1639.79,688.71,2328.5
PAY-2026-3966,CAND-1212,MISS-10245,2026-04-12,70.0,3953.28,395.33,434.86,4783.47,2009.06,6792.53
PAY-2026-3967,CAND-1221,MISS-11185,2025-05-26,210.0,7094.7,709.47,780.42,8584.59,3605.53,12190.11
PAY-2026-3968,CAND-1390,MISS-13187,2024-04-21,70.0,3007.12,300.71,330.78,3638.62,1528.22,5166.84
PAY-2026-3969,CAND-1101,MISS-10805,2026-02-06,70.0,4948.45,494.84,544.33,5987.62,2514.8,8502.43
PAY-2026-3970,CAND-1440,MISS-11662,2025-12-22,630.0,43852.18,4385.22,4823.74,53061.13,22285.68,75346.81
PAY-2026-3971,CAND-1135,MISS-11122,2025-10-20,70.0,2102.69,210.27,231.3,2544.25,1068.59,3612.84
PAY-2026-3972,CAND-1327,MISS-13236,2024-08-11,70.0,2175.43,217.54,239.3,2632.26,1105.55,3737.82
PAY-2026-3973,CAND-1140,MISS-10507,2025-02-02,70.0,4361.46,436.15,479.76,5277.37,2216.5,7493.87
PAY-2026-3974,CAND-1312,MISS-11884,2026-04-03,210.0,12953.4,1295.34,1424.87,15673.61,6582.92,22256.53
PAY-2026-3975,CAND-1392,MISS-10128,2026-06-06,70.0,3076.97,307.7,338.47,3723.13,1563.72,5286.85
PAY-2026-3976,CAND-1102,MISS-12387,2026-03-10,70.0,2253.28,225.33,247.86,2726.47,1145.12,3871.59
PAY-2026-3977,CAND-1347,MISS-12535,2024-04-06,35.0,1985.68,198.57,218.43,2402.68,1009.13,3411.8
PAY-2026-3978,CAND-1056,MISS-13346,2025-02-11,70.0,4094.0,409.4,450.34,4953.75,2080.57,7034.32
PAY-2026-3979,CAND-1140,MISS-10402,2026-08-19,70.0,4499.83,449.98,494.98,5444.79,2286.81,7731.61
PAY-2026-3980,CAND-1216,MISS-10535,2024-09-10,70.0,2961.32,296.13,325.75,3583.2,1504.94,5088.14
PAY-2026-3981,CAND-1185,MISS-10570,2025-07-29,70.0,4018.48,401.85,442.03,4862.35,2042.19,6904.54
PAY-2026-3982,CAND-1233,MISS-11611,2026-08-12,210.0,15015.98,1501.6,1651.76,18169.34,7631.12,25800.46
PAY-2026-3983,CAND-1305,MISS-11610,2024-05-11,35.0,2539.3,253.93,279.32,3072.55,1290.47,4363.02
PAY-2026-3984,CAND-1317,MISS-10396,2026-02-25,70.0,4365.67,436.57,480.22,5282.46,2218.63,7501.09
PAY-2026-3985,CAND-1303,MISS-12897,2024-05-17,35.0,2619.61,261.96,288.16,3169.73,1331.29,4501.02
PAY-2026-3986,CAND-1244,MISS-10433,2025-03-17,630.0,43926.88,4392.69,4831.96,53151.53,22323.64,75475.17
PAY-2026-3987,CAND-1307,MISS-11463,2024-05-09,210.0,12481.82,1248.18,1373.0,15103.01,6343.26,21446.27
PAY-2026-3988,CAND-1117,MISS-12153,2024-09-06,35.0,1088.88,108.89,119.78,1317.54,553.37,1870.91
PAY-2026-3989,CAND-1351,MISS-11705,2024-09-01,70.0,4261.22,426.12,468.73,5156.08,2165.55,7321.63
PAY-2026-3990,CAND-1257,MISS-11247,2025-02-24,35.0,1533.28,153.33,168.66,1855.26,779.21,2634.47
PAY-2026-3991,CAND-1274,MISS-10060,2024-05-14,630.0,30994.19,3099.42,3409.36,37502.97,15751.25,53254.22
PAY-2026-3992,CAND-1105,MISS-13382,2024-04-21,630.0,34363.59,3436.36,3779.99,41579.94,17463.58,59043.52
PAY-2026-3993,CAND-1137,MISS-11593,2026-01-20,17.5,627.57,62.76,69.03,759.36,318.93,1078.29
PAY-2026-3994,CAND-1400,MISS-11620,2025-06-26,70.0,4518.52,451.85,497.04,5467.41,2296.31,7763.72
PAY-2026-3995,CAND-1238,MISS-12521,2025-04-20,210.0,8527.59,852.76,938.04,10318.39,4333.72,14652.11
PAY-2026-3996,CAND-1266,MISS-11868,2026-05-30,35.0,2192.18,219.22,241.14,2652.53,1114.06,3766.6
PAY-2026-3997,CAND-1453,MISS-12752,2024-10-17,35.0,1604.86,160.49,176.54,1941.89,815.59,2757.48
PAY-2026-3998,CAND-1084,MISS-10227,2025-03-26,210.0,10147.18,1014.72,1116.19,12278.09,5156.8,17434.89
PAY-2026-3999,CAND-1469,MISS-10724,2025-08-27,70.0,5100.69,510.07,561.08,6171.83,2592.17,8764.0
