facture_id,mission_id,client_id,agence_id,date_facture,date_echeance,dso_effectif_jours,montant_ht,montant_tva,statut_paiement
FAC-2026-1000,MISS-10244,CLI-127,AG-06,2024-11-17,2025-01-01,60,78973.26,15794.65,Payée
FAC-2026-1001,MISS-11830,CLI-108,AG-05,2024-08-13,2024-09-27,45,1952.08,390.42,En cours
FAC-2026-1002,MISS-13223,CLI-105,AG-22,2024-05-25,2024-07-09,30,20330.81,4066.16,Payée
FAC-2026-1003,MISS-10251,CLI-148,AG-10,2024-09-16,2024-10-31,30,3418.68,683.74,Payée
FAC-2026-1004,MISS-10196,CLI-174,AG-20,2025-08-17,2025-10-01,60,6295.36,1259.07,Payée
FAC-2026-1005,MISS-12900,CLI-123,AG-10,2025-10-16,2025-11-30,120,20091.4,4018.28,En retard (Litige)
FAC-2026-1006,MISS-11169,CLI-102,AG-04,2025-07-16,2025-08-30,120,1526.56,305.31,Payée
FAC-2026-1007,MISS-10824,CLI-142,AG-05,2026-08-30,2026-10-14,30,6728.57,1345.71,Payée
FAC-2026-1008,MISS-12138,CLI-165,AG-13,2025-10-23,2025-12-07,45,1729.78,345.96,Payée
FAC-2026-1009,MISS-11584,CLI-140,AG-08,2025-01-14,2025-02-28,30,4566.52,913.3,Payée
FAC-2026-1010,MISS-13132,CLI-153,AG-05,2024-11-30,2025-01-14,30,6057.4,1211.48,Payée
FAC-2026-1011,MISS-10144,CLI-144,AG-04,2024-04-24,2024-06-08,30,28169.52,5633.9,En retard (Litige)
FAC-2026-1012,MISS-12481,CLI-111,AG-16,2024-06-17,2024-08-01,45,40983.0,8196.6,En cours
FAC-2026-1013,MISS-11457,CLI-139,AG-08,2025-11-01,2025-12-16,30,1648.96,329.79,Payée
FAC-2026-1014,MISS-12100,CLI-155,AG-22,2025-08-03,2025-09-17,30,65400.66,13080.13,En retard (Litige)
FAC-2026-1015,MISS-12514,CLI-110,AG-10,2025-04-07,2025-05-22,90,23638.06,4727.61,Payée
FAC-2026-1016,MISS-12232,CLI-100,AG-14,2026-05-15,2026-06-29,30,4951.9,990.38,Payée
FAC-2026-1017,MISS-10197,CLI-138,AG-10,2025-02-15,2025-04-01,60,22989.52,4597.9,Payée
FAC-2026-1018,MISS-12769,CLI-133,AG-04,2024-05-01,2024-06-15,30,65375.14,13075.03,En cours
FAC-2026-1019,MISS-12941,CLI-146,AG-08,2025-12-10,2026-01-24,45,7070.94,1414.19,Payée
FAC-2026-1020,MISS-11427,CLI-105,AG-22,2024-11-12,2024-12-27,45,66855.38,13371.08,Payée
FAC-2026-1021,MISS-11608,CLI-168,AG-12,2025-04-19,2025-06-03,30,70766.53,14153.31,En cours
FAC-2026-1022,MISS-11838,CLI-147,AG-09,2024-11-30,2025-01-14,45,1272.58,254.52,En retard (Litige)
FAC-2026-1023,MISS-12470,CLI-145,AG-06,2025-04-16,2025-05-31,30,2370.43,474.08,En cours
FAC-2026-1024,MISS-10825,CLI-154,AG-02,2025-01-07,2025-02-21,60,3843.52,768.7,Payée
FAC-2026-1025,MISS-12017,CLI-132,AG-10,2024-02-20,2024-04-05,30,3288.42,657.68,Payée
FAC-2026-1026,MISS-13152,CLI-173,AG-13,2024-04-23,2024-06-07,45,6418.35,1283.67,Payée
FAC-2026-1027,MISS-10520,CLI-105,AG-18,2024-09-08,2024-10-23,30,7634.12,1526.82,En cours
FAC-2026-1028,MISS-11608,CLI-168,AG-12,2025-04-19,2025-06-03,45,70766.53,14153.31,En cours
FAC-2026-1029,MISS-11513,CLI-169,AG-04,2026-08-12,2026-09-26,45,23209.84,4641.97,Payée
FAC-2026-1030,MISS-13244,CLI-111,AG-03,2025-05-07,2025-06-21,30,44189.36,8837.87,En cours
FAC-2026-1031,MISS-13445,CLI-109,AG-09,2024-04-23,2024-06-07,30,2086.72,417.34,En cours
FAC-2026-1032,MISS-12299,CLI-167,AG-18,2024-09-24,2024-11-08,45,18345.23,3669.05,Payée
FAC-2026-1033,MISS-10311,CLI-177,AG-19,2024-03-25,2024-05-09,30,3669.34,733.87,Payée
FAC-2026-1034,MISS-13354,CLI-113,AG-03,2025-06-04,2025-07-19,45,40360.93,8072.19,Payée
FAC-2026-1035,MISS-11213,CLI-124,AG-14,2024-03-09,2024-04-23,30,48035.12,9607.02,Payée
FAC-2026-1036,MISS-12703,CLI-161,AG-11,2025-06-15,2025-07-30,120,4838.94,967.79,Payée
FAC-2026-1037,MISS-10415,CLI-138,AG-08,2025-06-20,2025-08-04,30,8243.22,1648.65,Payée
FAC-2026-1038,MISS-12334,CLI-100,AG-10,2025-10-31,2025-12-15,120,56740.65,11348.13,Payée
FAC-2026-1039,MISS-13497,CLI-135,AG-03,2026-01-16,2026-03-02,45,3164.02,632.8,En cours
FAC-2026-1040,MISS-10518,CLI-165,AG-21,2025-04-19,2025-06-03,45,9608.88,1921.78,Payée
FAC-2026-1041,MISS-10067,CLI-160,AG-10,2025-04-29,2025-06-13,45,35245.83,7049.17,Payée
FAC-2026-1042,MISS-10705,CLI-158,AG-06,2025-12-08,2026-01-22,45,2345.92,469.18,En retard (Litige)
FAC-2026-1043,MISS-11727,CLI-110,AG-19,2024-11-10,2024-12-25,45,6135.7,1227.14,En cours
FAC-2026-1044,MISS-11101,CLI-103,AG-19,2026-02-27,2026-04-13,45,20629.04,4125.81,En cours
FAC-2026-1045,MISS-10351,CLI-123,AG-22,2026-03-10,2026-04-24,45,85607.56,17121.51,En cours
FAC-2026-1046,MISS-12209,CLI-178,AG-20,2024-06-11,2024-07-26,45,2800.84,560.17,Payée
FAC-2026-1047,MISS-11467,CLI-137,AG-20,2024-12-04,2025-01-18,45,4794.71,958.94,Payée
FAC-2026-1048,MISS-11305,CLI-159,AG-20,2025-11-24,2026-01-08,30,12417.72,2483.54,Payée
FAC-2026-1049,MISS-12035,CLI-155,AG-18,2024-10-17,2024-12-01,30,19118.06,3823.61,Payée
FAC-2026-1050,MISS-13434,CLI-166,AG-06,2025-04-16,2025-05-31,30,15858.0,3171.6,Payée
FAC-2026-1051,MISS-10475,CLI-173,AG-12,2025-11-17,2026-01-01,45,6962.7,1392.54,Payée
FAC-2026-1052,MISS-13188,CLI-143,AG-10,2025-05-27,2025-07-11,60,15683.36,3136.67,Payée
FAC-2026-1053,MISS-11428,CLI-122,AG-14,2024-04-04,2024-05-19,30,41596.54,8319.31,En retard (Litige)
FAC-2026-1054,MISS-11526,CLI-140,AG-18,2025-01-04,2025-02-18,60,17045.34,3409.07,Payée
FAC-2026-1055,MISS-11042,CLI-163,AG-16,2026-02-17,2026-04-03,45,8811.54,1762.31,Payée
FAC-2026-1056,MISS-10631,CLI-111,AG-04,2024-12-31,2025-02-14,30,86153.11,17230.62,En cours
FAC-2026-1057,MISS-11974,CLI-119,AG-16,2025-06-17,2025-08-01,45,5752.89,1150.58,Payée
FAC-2026-1058,MISS-10907,CLI-159,AG-03,2024-02-11,2024-03-27,45,6230.53,1246.11,Payée
FAC-2026-1059,MISS-11653,CLI-123,AG-01,2024-08-18,2024-10-02,60,15508.99,3101.8,Payée
FAC-2026-1060,MISS-10045,CLI-129,AG-04,2025-07-20,2025-09-03,30,9285.44,1857.09,Payée
FAC-2026-1061,MISS-12669,CLI-149,AG-12,2025-01-24,2025-03-10,30,3144.8,628.96,Payée
FAC-2026-1062,MISS-13225,CLI-177,AG-20,2024-10-11,2024-11-25,30,2291.04,458.21,Payée
FAC-2026-1063,MISS-13330,CLI-129,AG-18,2024-10-27,2024-12-11,45,2459.72,491.94,Payée
FAC-2026-1064,MISS-10352,CLI-130,AG-01,2025-09-14,2025-10-29,30,8246.17,1649.23,En cours
FAC-2026-1065,MISS-10859,CLI-171,AG-22,2025-07-19,2025-09-02,45,2470.14,494.03,Payée
FAC-2026-1066,MISS-12462,CLI-118,AG-19,2025-03-02,2025-04-16,90,25922.12,5184.42,Payée
FAC-2026-1067,MISS-10999,CLI-160,AG-14,2025-07-12,2025-08-26,60,24971.36,4994.27,Payée
FAC-2026-1068,MISS-12242,CLI-117,AG-13,2026-04-14,2026-05-29,45,20875.93,4175.19,Payée
FAC-2026-1069,MISS-10813,CLI-111,AG-09,2025-12-21,2026-02-04,45,4452.7,890.54,En cours
FAC-2026-1070,MISS-10797,CLI-155,AG-13,2024-11-05,2024-12-20,30,2503.07,500.62,En cours
FAC-2026-1071,MISS-10492,CLI-109,AG-09,2024-08-06,2024-09-20,45,43794.56,8758.91,Payée
FAC-2026-1072,MISS-12895,CLI-150,AG-22,2026-03-28,2026-05-12,30,1945.24,389.05,Payée
FAC-2026-1073,MISS-10165,CLI-117,AG-17,2026-07-16,2026-08-30,60,2530.41,506.08,Payée
FAC-2026-1074,MISS-11230,CLI-159,AG-16,2024-06-18,2024-08-02,30,19127.46,3825.49,En cours
FAC-2026-1075,MISS-12546,CLI-148,AG-14,2025-11-09,2025-12-24,120,55344.0,11068.8,Payée
FAC-2026-1076,MISS-11181,CLI-153,AG-10,2025-05-28,2025-07-12,45,6766.04,1353.21,En cours
FAC-2026-1077,MISS-11877,CLI-130,AG-18,2024-02-16,2024-04-01,30,5595.68,1119.14,Payée
FAC-2026-1078,MISS-12135,CLI-106,AG-11,2025-05-13,2025-06-27,30,5041.68,1008.34,Payée
FAC-2026-1079,MISS-10266,CLI-172,AG-07,2024-06-24,2024-08-08,45,4987.4,997.48,Payée
FAC-2026-1080,MISS-11684,CLI-115,AG-20,2024-04-25,2024-06-09,30,4837.03,967.41,Payée
FAC-2026-1081,MISS-12314,CLI-166,AG-09,2025-06-26,2025-08-10,30,17723.85,3544.77,Payée
FAC-2026-1082,MISS-10110,CLI-159,AG-03,2025-06-22,2025-08-06,60,80050.59,16010.12,En cours
FAC-2026-1083,MISS-11156,CLI-170,AG-21,2026-05-27,2026-07-11,30,1647.8,329.56,Payée
FAC-2026-1084,MISS-10863,CLI-126,AG-01,2025-05-25,2025-07-09,30,16714.56,3342.91,Payée
FAC-2026-1085,MISS-10200,CLI-126,AG-01,2024-09-18,2024-11-02,30,9293.2,1858.64,Payée
FAC-2026-1086,MISS-11239,CLI-117,AG-11,2026-09-03,2026-10-18,45,7152.09,1430.42,Payée
FAC-2026-1087,MISS-12524,CLI-113,AG-08,2024-09-04,2024-10-19,30,17494.93,3498.99,Payée
FAC-2026-1088,MISS-11269,CLI-173,AG-15,2024-08-21,2024-10-05,60,29135.78,5827.16,Payée
FAC-2026-1089,MISS-12737,CLI-158,AG-07,2024-02-04,2024-03-20,45,6289.4,1257.88,Payée
FAC-2026-1090,MISS-12950,CLI-130,AG-11,2026-02-02,2026-03-19,30,5218.04,1043.61,Payée
FAC-2026-1091,MISS-11361,CLI-179,AG-20,2024-04-27,2024-06-11,45,60063.09,12012.62,Payée
FAC-2026-1092,MISS-10366,CLI-104,AG-09,2026-03-20,2026-05-04,30,86288.32,17257.66,Payée
FAC-2026-1093,MISS-12905,CLI-174,AG-11,2025-07-19,2025-09-02,30,1801.07,360.21,Payée
FAC-2026-1094,MISS-12292,CLI-125,AG-12,2024-03-01,2024-04-15,30,8840.02,1768.0,Payée
FAC-2026-1095,MISS-12115,CLI-101,AG-12,2026-02-18,2026-04-04,30,65358.74,13071.75,Payée
FAC-2026-1096,MISS-11341,CLI-134,AG-14,2025-02-07,2025-03-24,30,77889.14,15577.83,Payée
FAC-2026-1097,MISS-12429,CLI-141,AG-06,2024-08-04,2024-09-18,120,46965.1,9393.02,En cours
FAC-2026-1098,MISS-11374,CLI-104,AG-01,2025-01-22,2025-03-08,45,1669.69,333.94,Payée
FAC-2026-1099,MISS-13381,CLI-106,AG-02,2024-03-31,2024-05-15,30,1714.01,342.8,Payée
FAC-2026-1100,MISS-11937,CLI-131,AG-17,2026-04-12,2026-05-27,45,1129.38,225.88,Payée
FAC-2026-1101,MISS-12383,CLI-174,AG-10,2025-05-19,2025-07-03,30,7625.78,1525.16,Payée
FAC-2026-1102,MISS-13345,CLI-102,AG-19,2025-07-05,2025-08-19,45,6476.42,1295.28,En cours
FAC-2026-1103,MISS-11593,CLI-103,AG-01,2026-01-20,2026-03-06,30,1194.42,238.88,Payée
FAC-2026-1104,MISS-11584,CLI-140,AG-08,2025-01-14,2025-02-28,45,4566.52,913.3,Payée
FAC-2026-1105,MISS-11752,CLI-146,AG-08,2026-05-27,2026-07-11,45,5098.77,1019.75,En cours
FAC-2026-1106,MISS-11755,CLI-143,AG-14,2026-03-21,2026-05-05,45,14364.31,2872.86,Payée
FAC-2026-1107,MISS-10368,CLI-127,AG-10,2025-03-11,2025-04-25,30,7928.52,1585.7,Payée
FAC-2026-1108,MISS-12227,CLI-141,AG-18,2025-09-26,2025-11-10,30,23028.63,4605.73,Payée
FAC-2026-1109,MISS-11680,CLI-179,AG-17,2025-12-01,2026-01-15,30,5964.43,1192.89,Payée
FAC-2026-1110,MISS-13458,CLI-177,AG-03,2024-03-20,2024-05-04,30,55779.41,11155.88,En cours
FAC-2026-1111,MISS-12425,CLI-112,AG-12,2025-12-19,2026-02-02,45,79710.72,15942.14,En retard (Litige)
FAC-2026-1112,MISS-12644,CLI-132,AG-03,2025-09-20,2025-11-04,45,33306.94,6661.39,Payée
FAC-2026-1113,MISS-12997,CLI-122,AG-05,2024-03-31,2024-05-15,30,71231.08,14246.22,Payée
FAC-2026-1114,MISS-10618,CLI-102,AG-14,2024-06-15,2024-07-30,30,2406.84,481.37,Payée
FAC-2026-1115,MISS-13290,CLI-158,AG-12,2024-06-13,2024-07-28,45,2401.46,480.29,Payée
FAC-2026-1116,MISS-10156,CLI-126,AG-10,2024-07-08,2024-08-22,30,28211.8,5642.36,Payée
FAC-2026-1117,MISS-13343,CLI-117,AG-07,2025-07-10,2025-08-24,90,3274.4,654.88,Payée
FAC-2026-1118,MISS-11438,CLI-110,AG-13,2026-08-09,2026-09-23,45,4848.83,969.77,Payée
FAC-2026-1119,MISS-10771,CLI-160,AG-11,2025-04-24,2025-06-08,45,2135.31,427.06,En cours
FAC-2026-1120,MISS-10494,CLI-158,AG-04,2025-06-06,2025-07-21,45,1481.7,296.34,En retard (Litige)
FAC-2026-1121,MISS-11288,CLI-117,AG-15,2026-07-09,2026-08-23,30,1209.97,242.0,Payée
FAC-2026-1122,MISS-10582,CLI-175,AG-14,2026-03-11,2026-04-25,45,62103.44,12420.69,Payée
FAC-2026-1123,MISS-10071,CLI-149,AG-13,2024-12-07,2025-01-21,30,78905.52,15781.1,Payée
FAC-2026-1124,MISS-12514,CLI-110,AG-10,2025-04-07,2025-05-22,45,23638.06,4727.61,Payée
FAC-2026-1125,MISS-10096,CLI-128,AG-21,2025-07-25,2025-09-08,30,1380.12,276.02,Payée
FAC-2026-1126,MISS-11142,CLI-104,AG-16,2024-02-04,2024-03-20,30,13623.08,2724.62,Payée
FAC-2026-1127,MISS-11528,CLI-175,AG-19,2025-02-04,2025-03-21,30,12741.14,2548.23,Payée
FAC-2026-1128,MISS-11554,CLI-162,AG-11,2024-12-30,2025-02-13,30,5620.49,1124.1,Payée
FAC-2026-1129,MISS-10601,CLI-150,AG-07,2025-11-12,2025-12-27,45,8583.58,1716.72,Payée
FAC-2026-1130,MISS-13137,CLI-104,AG-13,2025-10-24,2025-12-08,30,2725.68,545.14,Payée
FAC-2026-1131,MISS-10369,CLI-118,AG-04,2024-12-21,2025-02-04,45,42079.76,8415.95,Payée
FAC-2026-1132,MISS-11694,CLI-100,AG-05,2026-02-11,2026-03-28,60,3507.74,701.55,Payée
FAC-2026-1133,MISS-11726,CLI-173,AG-01,2024-12-26,2025-02-09,30,4557.9,911.58,Payée
FAC-2026-1134,MISS-11056,CLI-109,AG-01,2025-07-28,2025-09-11,30,5845.63,1169.13,Payée
FAC-2026-1135,MISS-11641,CLI-127,AG-06,2025-08-12,2025-09-26,45,2766.69,553.34,Payée
FAC-2026-1136,MISS-10762,CLI-174,AG-21,2024-07-08,2024-08-22,45,1089.44,217.89,Payée
FAC-2026-1137,MISS-10180,CLI-153,AG-16,2024-04-06,2024-05-21,30,18945.05,3789.01,Payée
FAC-2026-1138,MISS-10321,CLI-105,AG-12,2025-09-17,2025-11-01,30,7094.72,1418.94,Payée
FAC-2026-1139,MISS-10258,CLI-152,AG-19,2025-05-10,2025-06-24,30,51248.74,10249.75,Payée
FAC-2026-1140,MISS-10620,CLI-157,AG-12,2026-05-08,2026-06-22,90,5794.86,1158.97,En cours
FAC-2026-1141,MISS-12212,CLI-163,AG-20,2024-03-12,2024-04-26,45,18200.81,3640.16,En retard (Litige)
FAC-2026-1142,MISS-11397,CLI-125,AG-04,2025-08-13,2025-09-27,30,89137.44,17827.49,Payée
FAC-2026-1143,MISS-10237,CLI-162,AG-08,2026-06-14,2026-07-29,45,4622.38,924.48,Payée
FAC-2026-1144,MISS-10727,CLI-123,AG-08,2026-07-29,2026-09-12,30,8645.29,1729.06,Payée
FAC-2026-1145,MISS-11282,CLI-101,AG-01,2024-06-09,2024-07-24,30,8547.41,1709.48,En cours
FAC-2026-1146,MISS-12817,CLI-146,AG-15,2025-12-24,2026-02-07,45,1453.66,290.73,Payée
FAC-2026-1147,MISS-12757,CLI-132,AG-20,2025-10-22,2025-12-06,45,38822.08,7764.42,Payée
FAC-2026-1148,MISS-12165,CLI-168,AG-05,2026-01-11,2026-02-25,30,7094.32,1418.86,Payée
FAC-2026-1149,MISS-12204,CLI-112,AG-18,2025-02-12,2025-03-29,30,2078.18,415.64,Payée
FAC-2026-1150,MISS-13284,CLI-121,AG-18,2026-03-27,2026-05-11,45,11667.0,2333.4,Payée
FAC-2026-1151,MISS-11516,CLI-153,AG-08,2024-07-07,2024-08-21,60,5816.95,1163.39,Payée
FAC-2026-1152,MISS-12290,CLI-112,AG-17,2025-09-14,2025-10-29,30,3310.21,662.04,Payée
FAC-2026-1153,MISS-11520,CLI-160,AG-20,2025-08-06,2025-09-20,45,88694.14,17738.83,Payée
FAC-2026-1154,MISS-11134,CLI-114,AG-06,2026-06-22,2026-08-06,30,30152.12,6030.42,Payée
FAC-2026-1155,MISS-10639,CLI-172,AG-01,2026-02-26,2026-04-12,90,87800.36,17560.07,Payée
FAC-2026-1156,MISS-12230,CLI-167,AG-15,2026-03-16,2026-04-30,45,19861.54,3972.31,Payée
FAC-2026-1157,MISS-12321,CLI-167,AG-07,2026-06-17,2026-08-01,45,1512.22,302.44,En cours
FAC-2026-1158,MISS-10061,CLI-165,AG-21,2024-12-17,2025-01-31,120,3934.54,786.91,Payée
FAC-2026-1159,MISS-12419,CLI-130,AG-13,2024-07-28,2024-09-11,30,7954.58,1590.92,En retard (Litige)
FAC-2026-1160,MISS-12925,CLI-153,AG-06,2024-11-05,2024-12-20,45,3657.64,731.53,Payée
FAC-2026-1161,MISS-12162,CLI-153,AG-18,2024-10-22,2024-12-06,120,8221.34,1644.27,Payée
FAC-2026-1162,MISS-10270,CLI-134,AG-15,2025-05-11,2025-06-25,60,8659.54,1731.91,Payée
FAC-2026-1163,MISS-12211,CLI-135,AG-01,2026-03-21,2026-05-05,60,26935.71,5387.14,Payée
FAC-2026-1164,MISS-12165,CLI-168,AG-05,2026-01-11,2026-02-25,45,7094.32,1418.86,Payée
FAC-2026-1165,MISS-12624,CLI-128,AG-10,2025-03-15,2025-04-29,45,23465.5,4693.1,Payée
FAC-2026-1166,MISS-13314,CLI-147,AG-18,2025-07-03,2025-08-17,30,6110.59,1222.12,Payée
FAC-2026-1167,MISS-10003,CLI-138,AG-02,2025-12-21,2026-02-04,45,1255.45,251.09,Payée
FAC-2026-1168,MISS-10509,CLI-160,AG-08,2024-12-12,2025-01-26,30,7518.9,1503.78,Payée
FAC-2026-1169,MISS-11474,CLI-100,AG-22,2024-10-24,2024-12-08,45,26698.48,5339.7,Payée
FAC-2026-1170,MISS-12630,CLI-116,AG-06,2026-01-28,2026-03-14,30,8227.61,1645.52,Payée
FAC-2026-1171,MISS-10605,CLI-163,AG-03,2026-01-01,2026-02-15,30,22434.35,4486.87,Payée
FAC-2026-1172,MISS-11456,CLI-157,AG-20,2026-01-21,2026-03-07,45,3804.5,760.9,En cours
FAC-2026-1173,MISS-12519,CLI-105,AG-16,2024-12-06,2025-01-20,30,23609.92,4721.98,Payée
FAC-2026-1174,MISS-10987,CLI-107,AG-03,2026-02-05,2026-03-22,30,6239.55,1247.91,En cours
FAC-2026-1175,MISS-11614,CLI-146,AG-02,2024-03-09,2024-04-23,30,13783.04,2756.61,Payée
FAC-2026-1176,MISS-11556,CLI-157,AG-20,2024-11-24,2025-01-08,45,25280.35,5056.07,Payée
FAC-2026-1177,MISS-10937,CLI-139,AG-04,2024-07-03,2024-08-17,30,2991.8,598.36,Payée
FAC-2026-1178,MISS-12874,CLI-105,AG-19,2025-09-03,2025-10-18,45,3198.5,639.7,Payée
FAC-2026-1179,MISS-12192,CLI-112,AG-17,2025-07-27,2025-09-10,45,6971.54,1394.31,Payée
FAC-2026-1180,MISS-10909,CLI-155,AG-20,2026-04-26,2026-06-10,30,6909.18,1381.84,Payée
FAC-2026-1181,MISS-12546,CLI-148,AG-14,2025-11-09,2025-12-24,120,55344.0,11068.8,Payée
FAC-2026-1182,MISS-11582,CLI-120,AG-03,2024-02-05,2024-03-21,90,13993.0,2798.6,Payée
FAC-2026-1183,MISS-10276,CLI-169,AG-22,2025-02-08,2025-03-25,30,7640.94,1528.19,En cours
FAC-2026-1184,MISS-11940,CLI-176,AG-13,2026-03-31,2026-05-15,60,3940.12,788.02,Payée
FAC-2026-1185,MISS-12915,CLI-166,AG-13,2025-04-09,2025-05-24,90,4542.06,908.41,Payée
FAC-2026-1186,MISS-12001,CLI-101,AG-03,2024-07-29,2024-09-12,45,30640.32,6128.06,Payée
FAC-2026-1187,MISS-10439,CLI-175,AG-02,2025-10-05,2025-11-19,30,27993.32,5598.67,En cours
FAC-2026-1188,MISS-11546,CLI-154,AG-02,2024-12-09,2025-01-23,30,1755.97,351.19,Payée
FAC-2026-1189,MISS-10480,CLI-131,AG-02,2026-05-12,2026-06-26,60,9733.68,1946.74,Payée
FAC-2026-1190,MISS-12509,CLI-108,AG-20,2024-09-30,2024-11-14,30,27621.94,5524.39,En cours
FAC-2026-1191,MISS-12218,CLI-155,AG-18,2024-07-08,2024-08-22,45,3137.64,627.53,Payée
FAC-2026-1192,MISS-12804,CLI-174,AG-03,2024-02-29,2024-04-14,60,1968.66,393.73,En cours
FAC-2026-1193,MISS-12973,CLI-178,AG-20,2025-02-09,2025-03-26,30,2513.16,502.63,Payée
FAC-2026-1194,MISS-11080,CLI-112,AG-16,2025-08-05,2025-09-19,120,4532.18,906.44,Payée
FAC-2026-1195,MISS-12296,CLI-126,AG-01,2025-01-09,2025-02-23,30,43379.54,8675.91,Payée
FAC-2026-1196,MISS-12920,CLI-126,AG-10,2024-02-25,2024-04-10,45,79494.2,15898.84,Payée
FAC-2026-1197,MISS-10060,CLI-163,AG-15,2024-05-14,2024-06-28,30,61072.36,12214.47,Payée
FAC-2026-1198,MISS-11436,CLI-147,AG-08,2024-11-23,2025-01-07,90,23841.3,4768.26,Payée
FAC-2026-1199,MISS-11637,CLI-169,AG-13,2025-10-17,2025-12-01,45,46036.4,9207.28,Payée
FAC-2026-1200,MISS-13429,CLI-121,AG-18,2025-11-10,2025-12-25,45,7491.45,1498.29,Payée
FAC-2026-1201,MISS-12317,CLI-153,AG-09,2025-07-25,2025-09-08,45,6685.0,1337.0,Payée
FAC-2026-1202,MISS-11965,CLI-103,AG-17,2025-02-10,2025-03-27,45,12351.29,2470.26,Payée
FAC-2026-1203,MISS-10597,CLI-166,AG-06,2024-07-17,2024-08-31,60,5886.44,1177.29,En retard (Litige)
FAC-2026-1204,MISS-10056,CLI-130,AG-08,2025-09-28,2025-11-12,60,9424.92,1884.98,Payée
FAC-2026-1205,MISS-13447,CLI-152,AG-05,2025-02-13,2025-03-30,30,90936.5,18187.3,Payée
FAC-2026-1206,MISS-10702,CLI-144,AG-01,2024-02-23,2024-04-08,45,21470.14,4294.03,Payée
FAC-2026-1207,MISS-12435,CLI-146,AG-10,2025-05-02,2025-06-16,45,4876.02,975.2,Payée
FAC-2026-1208,MISS-10363,CLI-127,AG-14,2024-09-23,2024-11-07,45,2158.43,431.69,En retard (Litige)
FAC-2026-1209,MISS-11261,CLI-163,AG-01,2026-08-11,2026-09-25,30,3726.08,745.22,Payée
FAC-2026-1210,MISS-10193,CLI-159,AG-07,2025-08-24,2025-10-08,90,4963.69,992.74,Payée
FAC-2026-1211,MISS-10890,CLI-127,AG-11,2025-02-13,2025-03-30,30,8507.48,1701.5,Payée
FAC-2026-1212,MISS-13474,CLI-178,AG-13,2026-05-20,2026-07-04,120,19529.58,3905.92,Payée
FAC-2026-1213,MISS-11155,CLI-153,AG-18,2026-07-09,2026-08-23,30,7095.38,1419.08,Payée
FAC-2026-1214,MISS-11437,CLI-147,AG-10,2026-08-08,2026-09-22,30,24658.94,4931.79,Payée
FAC-2026-1215,MISS-10301,CLI-162,AG-14,2025-11-23,2026-01-07,45,9889.02,1977.8,Payée
FAC-2026-1216,MISS-12755,CLI-115,AG-17,2025-12-24,2026-02-07,30,22160.3,4432.06,Payée
FAC-2026-1217,MISS-11577,CLI-122,AG-01,2024-04-27,2024-06-11,60,57121.2,11424.24,Payée
FAC-2026-1218,MISS-12826,CLI-139,AG-04,2024-11-10,2024-12-25,30,9744.09,1948.82,En cours
FAC-2026-1219,MISS-11358,CLI-134,AG-05,2024-02-21,2024-04-06,120,9774.59,1954.92,Payée
FAC-2026-1220,MISS-11874,CLI-137,AG-22,2025-12-30,2026-02-13,30,19613.1,3922.62,Payée
FAC-2026-1221,MISS-11013,CLI-100,AG-10,2026-05-16,2026-06-30,30,70065.89,14013.18,Payée
FAC-2026-1222,MISS-13455,CLI-142,AG-17,2024-11-17,2025-01-01,45,38605.68,7721.14,Payée
FAC-2026-1223,MISS-10418,CLI-146,AG-09,2025-08-30,2025-10-14,45,72131.93,14426.39,Payée
FAC-2026-1224,MISS-13319,CLI-175,AG-13,2025-09-22,2025-11-06,30,7639.0,1527.8,Payée
FAC-2026-1225,MISS-12895,CLI-150,AG-22,2026-03-28,2026-05-12,90,1945.24,389.05,En cours
FAC-2026-1226,MISS-11783,CLI-153,AG-17,2026-06-30,2026-08-14,30,64969.5,12993.9,Payée
FAC-2026-1227,MISS-12014,CLI-149,AG-09,2025-04-10,2025-05-25,30,5647.2,1129.44,Payée
FAC-2026-1228,MISS-11374,CLI-104,AG-01,2025-01-22,2025-03-08,30,1669.69,333.94,Payée
FAC-2026-1229,MISS-10976,CLI-150,AG-03,2025-12-31,2026-02-14,120,7348.42,1469.69,En cours
FAC-2026-1230,MISS-12199,CLI-155,AG-12,2025-08-13,2025-09-27,60,19706.56,3941.31,Payée
FAC-2026-1231,MISS-10188,CLI-134,AG-02,2025-05-31,2025-07-15,45,5251.06,1050.21,Payée
FAC-2026-1232,MISS-12937,CLI-122,AG-19,2026-02-05,2026-03-22,30,5191.8,1038.36,Payée
FAC-2026-1233,MISS-11012,CLI-141,AG-21,2025-02-07,2025-03-24,60,4243.23,848.65,Payée
FAC-2026-1234,MISS-11353,CLI-150,AG-08,2025-06-09,2025-07-24,30,2586.7,517.34,Payée
FAC-2026-1235,MISS-11651,CLI-113,AG-20,2024-11-20,2025-01-04,45,7977.16,1595.43,En cours
FAC-2026-1236,MISS-11910,CLI-139,AG-03,2024-11-09,2024-12-24,30,19920.62,3984.12,Payée
FAC-2026-1237,MISS-11713,CLI-156,AG-07,2024-08-22,2024-10-06,30,56639.94,11327.99,Payée
FAC-2026-1238,MISS-11889,CLI-135,AG-16,2024-09-01,2024-10-16,45,3558.8,711.76,Payée
FAC-2026-1239,MISS-11393,CLI-111,AG-12,2024-10-06,2024-11-20,45,27289.84,5457.97,Payée
FAC-2026-1240,MISS-13442,CLI-157,AG-08,2024-03-19,2024-05-03,30,34634.89,6926.98,En retard (Litige)
FAC-2026-1241,MISS-12072,CLI-112,AG-14,2026-01-03,2026-02-17,45,9110.49,1822.1,En cours
FAC-2026-1242,MISS-12542,CLI-147,AG-20,2024-05-10,2024-06-24,30,3409.3,681.86,Payée
FAC-2026-1243,MISS-11637,CLI-169,AG-13,2025-10-17,2025-12-01,45,46036.4,9207.28,Payée
FAC-2026-1244,MISS-10494,CLI-158,AG-04,2025-06-06,2025-07-21,30,1481.7,296.34,Payée
FAC-2026-1245,MISS-11262,CLI-160,AG-21,2026-04-25,2026-06-09,30,1992.92,398.58,En cours
FAC-2026-1246,MISS-13431,CLI-108,AG-15,2024-01-31,2024-03-16,45,16867.54,3373.51,Payée
FAC-2026-1247,MISS-11354,CLI-128,AG-05,2026-07-30,2026-09-13,30,19687.67,3937.53,Payée
FAC-2026-1248,MISS-12664,CLI-164,AG-04,2025-11-02,2025-12-17,30,21533.2,4306.64,Payée
FAC-2026-1249,MISS-11987,CLI-163,AG-22,2024-05-23,2024-07-07,30,4772.61,954.52,Payée
FAC-2026-1250,MISS-11558,CLI-159,AG-15,2026-05-29,2026-07-13,90,6049.36,1209.87,En cours
FAC-2026-1251,MISS-12437,CLI-117,AG-16,2025-07-25,2025-09-08,30,50651.71,10130.34,Payée
FAC-2026-1252,MISS-11707,CLI-126,AG-16,2025-08-28,2025-10-12,90,4619.44,923.89,Payée
FAC-2026-1253,MISS-11494,CLI-152,AG-14,2026-02-21,2026-04-07,90,7584.1,1516.82,Payée
FAC-2026-1254,MISS-11669,CLI-122,AG-11,2024-12-09,2025-01-23,30,8184.5,1636.9,Payée
FAC-2026-1255,MISS-12545,CLI-127,AG-19,2024-12-04,2025-01-18,45,6908.52,1381.7,Payée
FAC-2026-1256,MISS-12369,CLI-138,AG-17,2026-07-29,2026-09-12,60,2371.22,474.24,Payée
FAC-2026-1257,MISS-12946,CLI-173,AG-13,2026-04-20,2026-06-04,60,2340.55,468.11,Payée
FAC-2026-1258,MISS-12861,CLI-171,AG-07,2026-01-11,2026-02-25,30,1991.92,398.38,Payée
FAC-2026-1259,MISS-10906,CLI-128,AG-06,2025-10-02,2025-11-16,30,78605.63,15721.13,En cours
FAC-2026-1260,MISS-10106,CLI-101,AG-20,2025-06-16,2025-07-31,45,6297.62,1259.52,Payée
FAC-2026-1261,MISS-12845,CLI-103,AG-06,2025-08-08,2025-09-22,45,2241.54,448.31,En cours
FAC-2026-1262,MISS-10317,CLI-151,AG-15,2024-12-23,2025-02-06,45,21103.26,4220.65,Payée
FAC-2026-1263,MISS-10711,CLI-176,AG-13,2025-10-24,2025-12-08,30,72927.97,14585.59,En cours
FAC-2026-1264,MISS-12827,CLI-125,AG-10,2025-07-06,2025-08-20,45,6550.54,1310.11,Payée
FAC-2026-1265,MISS-11236,CLI-103,AG-01,2025-07-18,2025-09-01,30,32352.48,6470.5,Payée
FAC-2026-1266,MISS-10940,CLI-179,AG-04,2025-01-08,2025-02-22,45,1446.54,289.31,Payée
FAC-2026-1267,MISS-13359,CLI-129,AG-21,2025-06-13,2025-07-28,90,3567.52,713.5,Payée
FAC-2026-1268,MISS-10544,CLI-105,AG-21,2026-08-27,2026-10-11,30,2688.1,537.62,Payée
FAC-2026-1269,MISS-10276,CLI-169,AG-22,2025-02-08,2025-03-25,45,7640.94,1528.19,En retard (Litige)
FAC-2026-1270,MISS-10523,CLI-148,AG-15,2026-06-03,2026-07-18,30,21070.82,4214.16,En cours
FAC-2026-1271,MISS-11576,CLI-174,AG-20,2024-05-01,2024-06-15,45,7326.32,1465.26,Payée
FAC-2026-1272,MISS-10615,CLI-123,AG-21,2026-06-26,2026-08-10,45,21371.42,4274.28,Payée
FAC-2026-1273,MISS-12648,CLI-144,AG-03,2025-09-01,2025-10-16,30,23446.52,4689.3,Payée
FAC-2026-1274,MISS-12720,CLI-158,AG-08,2025-04-08,2025-05-23,45,1856.01,371.2,Payée
FAC-2026-1275,MISS-10324,CLI-130,AG-02,2026-01-20,2026-03-06,30,7342.38,1468.48,Payée
FAC-2026-1276,MISS-11380,CLI-157,AG-01,2026-08-06,2026-09-20,90,25107.9,5021.58,Payée
FAC-2026-1277,MISS-13248,CLI-157,AG-14,2025-11-14,2025-12-29,45,31218.1,6243.62,Payée
FAC-2026-1278,MISS-10591,CLI-156,AG-04,2024-07-30,2024-09-13,60,2759.46,551.89,Payée
FAC-2026-1279,MISS-10635,CLI-106,AG-08,2026-08-06,2026-09-20,30,2272.54,454.51,Payée
FAC-2026-1280,MISS-11978,CLI-149,AG-08,2025-12-25,2026-02-08,30,40875.88,8175.18,Payée
FAC-2026-1281,MISS-12299,CLI-167,AG-18,2024-09-24,2024-11-08,45,18345.23,3669.05,Payée
FAC-2026-1282,MISS-12443,CLI-116,AG-18,2024-11-05,2024-12-20,60,2407.48,481.5,Payée
FAC-2026-1283,MISS-10176,CLI-131,AG-04,2025-12-31,2026-02-14,45,25847.96,5169.59,Payée
FAC-2026-1284,MISS-12492,CLI-178,AG-11,2024-10-26,2024-12-10,120,13379.32,2675.86,Payée
FAC-2026-1285,MISS-12235,CLI-128,AG-01,2025-01-06,2025-02-20,30,4408.61,881.72,Payée
FAC-2026-1286,MISS-13152,CLI-173,AG-13,2024-04-23,2024-06-07,30,6418.35,1283.67,Payée
FAC-2026-1287,MISS-11592,CLI-100,AG-05,2026-05-04,2026-06-18,45,7173.9,1434.78,Payée
FAC-2026-1288,MISS-12925,CLI-153,AG-06,2024-11-05,2024-12-20,30,3657.64,731.53,Payée
FAC-2026-1289,MISS-12516,CLI-150,AG-22,2025-01-11,2025-02-25,30,74787.05,14957.41,Payée
FAC-2026-1290,MISS-11437,CLI-147,AG-10,2026-08-08,2026-09-22,30,24658.94,4931.79,Payée
FAC-2026-1291,MISS-12176,CLI-114,AG-02,2026-05-16,2026-06-30,60,28312.17,5662.43,Payée
FAC-2026-1292,MISS-11004,CLI-141,AG-07,2026-08-02,2026-09-16,30,2398.58,479.72,En cours
FAC-2026-1293,MISS-12146,CLI-141,AG-20,2024-09-06,2024-10-21,45,8680.36,1736.07,En retard (Litige)
FAC-2026-1294,MISS-11026,CLI-106,AG-01,2025-05-12,2025-06-26,30,8020.66,1604.13,Payée
FAC-2026-1295,MISS-10765,CLI-138,AG-19,2026-04-14,2026-05-29,60,4595.28,919.06,Payée
FAC-2026-1296,MISS-11344,CLI-155,AG-09,2025-09-10,2025-10-25,30,14281.92,2856.38,Payée
FAC-2026-1297,MISS-11451,CLI-162,AG-21,2026-03-14,2026-04-28,30,61503.0,12300.6,En cours
FAC-2026-1298,MISS-13396,CLI-105,AG-18,2025-09-21,2025-11-05,30,7576.38,1515.28,En cours
FAC-2026-1299,MISS-12686,CLI-106,AG-06,2024-11-21,2025-01-05,30,8398.6,1679.72,En cours
FAC-2026-1300,MISS-10271,CLI-107,AG-21,2025-06-15,2025-07-30,30,29764.93,5952.99,Payée
FAC-2026-1301,MISS-11195,CLI-170,AG-19,2026-03-27,2026-05-11,30,1774.2,354.84,Payée
FAC-2026-1302,MISS-10960,CLI-164,AG-17,2024-02-10,2024-03-26,90,3426.24,685.25,Payée
FAC-2026-1303,MISS-10454,CLI-161,AG-17,2026-08-27,2026-10-11,30,2663.75,532.75,En cours
FAC-2026-1304,MISS-12021,CLI-103,AG-04,2026-04-05,2026-05-20,30,4780.59,956.12,Payée
FAC-2026-1305,MISS-11197,CLI-128,AG-15,2026-03-29,2026-05-13,30,20758.24,4151.65,Payée
FAC-2026-1306,MISS-12944,CLI-128,AG-05,2024-12-17,2025-01-31,45,47536.54,9507.31,En cours
FAC-2026-1307,MISS-11618,CLI-130,AG-02,2025-12-02,2026-01-16,30,12013.4,2402.68,Payée
FAC-2026-1308,MISS-13088,CLI-125,AG-02,2025-09-30,2025-11-14,30,4229.9,845.98,Payée
FAC-2026-1309,MISS-12828,CLI-142,AG-04,2024-08-23,2024-10-07,45,5452.73,1090.55,Payée
FAC-2026-1310,MISS-11664,CLI-115,AG-10,2026-07-17,2026-08-31,30,17791.18,3558.24,Payée
FAC-2026-1311,MISS-11010,CLI-119,AG-20,2024-02-03,2024-03-19,30,17876.71,3575.34,Payée
FAC-2026-1312,MISS-11110,CLI-157,AG-01,2025-11-14,2025-12-29,60,7936.31,1587.26,Payée
FAC-2026-1313,MISS-12631,CLI-156,AG-05,2025-01-28,2025-03-14,60,12239.17,2447.83,En retard (Litige)
FAC-2026-1314,MISS-10546,CLI-151,AG-12,2025-08-10,2025-09-24,30,5764.66,1152.93,Payée
FAC-2026-1315,MISS-11155,CLI-153,AG-18,2026-07-09,2026-08-23,45,7095.38,1419.08,Payée
FAC-2026-1316,MISS-10984,CLI-144,AG-11,2026-08-26,2026-10-10,30,1531.26,306.25,Payée
FAC-2026-1317,MISS-12131,CLI-136,AG-04,2025-05-04,2025-06-18,30,4488.87,897.77,Payée
FAC-2026-1318,MISS-10130,CLI-134,AG-02,2025-07-08,2025-08-22,45,4873.5,974.7,En cours
FAC-2026-1319,MISS-12645,CLI-105,AG-19,2025-12-18,2026-02-01,30,2317.54,463.51,Payée
FAC-2026-1320,MISS-13299,CLI-112,AG-16,2024-09-07,2024-10-22,30,4550.9,910.18,Payée
FAC-2026-1321,MISS-11755,CLI-143,AG-14,2026-03-21,2026-05-05,30,14364.31,2872.86,Payée
FAC-2026-1322,MISS-12369,CLI-138,AG-17,2026-07-29,2026-09-12,30,2371.22,474.24,Payée
FAC-2026-1323,MISS-13441,CLI-148,AG-09,2024-03-19,2024-05-03,120,1028.26,205.65,Payée
FAC-2026-1324,MISS-12551,CLI-139,AG-10,2026-05-01,2026-06-15,30,9418.69,1883.74,Payée
FAC-2026-1325,MISS-12378,CLI-165,AG-14,2026-07-09,2026-08-23,120,8936.0,1787.2,Payée
FAC-2026-1326,MISS-10016,CLI-157,AG-05,2025-02-08,2025-03-25,60,7246.66,1449.33,Payée
FAC-2026-1327,MISS-10037,CLI-106,AG-05,2025-12-17,2026-01-31,30,2166.45,433.29,Payée
FAC-2026-1328,MISS-13224,CLI-107,AG-03,2024-09-08,2024-10-23,60,26894.0,5378.8,En cours
FAC-2026-1329,MISS-10750,CLI-111,AG-11,2024-08-03,2024-09-17,30,29549.16,5909.83,En cours
FAC-2026-1330,MISS-13334,CLI-110,AG-04,2026-07-07,2026-08-21,30,4031.86,806.37,Payée
FAC-2026-1331,MISS-12662,CLI-133,AG-10,2026-06-07,2026-07-22,30,27927.02,5585.4,En cours
FAC-2026-1332,MISS-12999,CLI-137,AG-06,2024-03-06,2024-04-20,30,1453.71,290.74,Payée
FAC-2026-1333,MISS-10873,CLI-131,AG-04,2024-02-16,2024-04-01,30,38553.43,7710.69,Payée
FAC-2026-1334,MISS-11415,CLI-129,AG-02,2025-01-02,2025-02-16,30,30447.22,6089.44,En cours
FAC-2026-1335,MISS-12693,CLI-173,AG-05,2024-05-30,2024-07-14,45,1898.47,379.69,En cours
FAC-2026-1336,MISS-10542,CLI-143,AG-12,2024-11-02,2024-12-17,45,8407.62,1681.52,En retard (Litige)
FAC-2026-1337,MISS-10871,CLI-117,AG-04,2025-12-07,2026-01-21,30,6013.64,1202.73,Payée
FAC-2026-1338,MISS-11413,CLI-127,AG-21,2024-12-10,2025-01-24,60,4818.64,963.73,Payée
FAC-2026-1339,MISS-13063,CLI-114,AG-09,2026-07-05,2026-08-19,45,1249.88,249.98,En cours
FAC-2026-1340,MISS-13338,CLI-135,AG-02,2025-01-18,2025-03-04,30,41853.72,8370.74,En retard (Litige)
FAC-2026-1341,MISS-10311,CLI-177,AG-19,2024-03-25,2024-05-09,45,3669.34,733.87,Payée
FAC-2026-1342,MISS-13364,CLI-123,AG-19,2026-07-24,2026-09-07,45,5000.06,1000.01,Payée
FAC-2026-1343,MISS-10498,CLI-144,AG-06,2024-08-31,2024-10-15,30,32362.75,6472.55,Payée
FAC-2026-1344,MISS-11590,CLI-148,AG-03,2024-11-08,2024-12-23,30,1157.34,231.47,Payée
FAC-2026-1345,MISS-10029,CLI-168,AG-03,2024-05-27,2024-07-11,30,19452.78,3890.56,Payée
FAC-2026-1346,MISS-12538,CLI-132,AG-22,2024-04-13,2024-05-28,45,25229.59,5045.92,Payée
FAC-2026-1347,MISS-12869,CLI-145,AG-14,2024-12-25,2025-02-08,30,2010.4,402.08,En cours
FAC-2026-1348,MISS-11498,CLI-108,AG-21,2024-10-18,2024-12-02,30,4633.35,926.67,Payée
FAC-2026-1349,MISS-12018,CLI-106,AG-09,2026-05-17,2026-07-01,120,3262.87,652.57,Payée
FAC-2026-1350,MISS-10700,CLI-166,AG-04,2025-06-21,2025-08-05,45,5545.3,1109.06,Payée
FAC-2026-1351,MISS-13061,CLI-145,AG-06,2024-02-22,2024-04-07,45,4333.82,866.76,Payée
FAC-2026-1352,MISS-13165,CLI-146,AG-14,2026-06-27,2026-08-11,45,4348.92,869.78,Payée
FAC-2026-1353,MISS-13212,CLI-145,AG-22,2024-03-31,2024-05-15,45,42769.63,8553.93,Payée
FAC-2026-1354,MISS-11081,CLI-142,AG-17,2024-02-20,2024-04-05,90,22332.04,4466.41,Payée
FAC-2026-1355,MISS-12856,CLI-172,AG-12,2025-07-22,2025-09-05,60,2849.43,569.89,Payée
FAC-2026-1356,MISS-12669,CLI-149,AG-12,2025-01-24,2025-03-10,30,3144.8,628.96,Payée
FAC-2026-1357,MISS-10921,CLI-148,AG-10,2025-06-05,2025-07-20,30,5405.84,1081.17,En retard (Litige)
FAC-2026-1358,MISS-13063,CLI-114,AG-09,2026-07-05,2026-08-19,30,1249.88,249.98,Payée
FAC-2026-1359,MISS-12706,CLI-169,AG-16,2024-02-03,2024-03-19,45,4721.35,944.27,Payée
FAC-2026-1360,MISS-11106,CLI-133,AG-15,2024-02-18,2024-04-03,90,5698.12,1139.62,Payée
FAC-2026-1361,MISS-11850,CLI-136,AG-12,2026-07-03,2026-08-17,30,22928.25,4585.65,Payée
FAC-2026-1362,MISS-10654,CLI-151,AG-01,2025-07-26,2025-09-09,30,5030.84,1006.17,Payée
FAC-2026-1363,MISS-10204,CLI-125,AG-07,2024-10-19,2024-12-03,45,31886.48,6377.3,Payée
FAC-2026-1364,MISS-11732,CLI-129,AG-09,2025-03-08,2025-04-22,45,27438.76,5487.75,Payée
FAC-2026-1365,MISS-11525,CLI-140,AG-08,2025-05-06,2025-06-20,30,5339.7,1067.94,Payée
FAC-2026-1366,MISS-12378,CLI-165,AG-14,2026-07-09,2026-08-23,45,8936.0,1787.2,Payée
FAC-2026-1367,MISS-11046,CLI-150,AG-22,2024-08-21,2024-10-05,45,4282.29,856.46,En retard (Litige)
FAC-2026-1368,MISS-10762,CLI-174,AG-21,2024-07-08,2024-08-22,30,1089.44,217.89,Payée
FAC-2026-1369,MISS-11040,CLI-159,AG-11,2026-04-20,2026-06-04,60,2744.25,548.85,Payée
FAC-2026-1370,MISS-11106,CLI-133,AG-15,2024-02-18,2024-04-03,60,5698.12,1139.62,Payée
FAC-2026-1371,MISS-12937,CLI-122,AG-19,2026-02-05,2026-03-22,30,5191.8,1038.36,Payée
FAC-2026-1372,MISS-12943,CLI-140,AG-14,2025-10-16,2025-11-30,45,14394.51,2878.9,En retard (Litige)
FAC-2026-1373,MISS-13389,CLI-142,AG-03,2026-07-06,2026-08-20,60,42917.48,8583.5,Payée
FAC-2026-1374,MISS-12495,CLI-153,AG-09,2024-02-03,2024-03-19,45,32234.1,6446.82,Payée
FAC-2026-1375,MISS-12027,CLI-154,AG-07,2024-06-09,2024-07-24,30,24116.9,4823.38,Payée
FAC-2026-1376,MISS-12457,CLI-178,AG-13,2024-02-24,2024-04-09,30,2270.43,454.08,Payée
FAC-2026-1377,MISS-10355,CLI-167,AG-15,2024-08-11,2024-09-25,45,22714.3,4542.86,Payée
FAC-2026-1378,MISS-13105,CLI-120,AG-13,2024-05-27,2024-07-11,45,8046.11,1609.22,Payée
FAC-2026-1379,MISS-13035,CLI-161,AG-21,2025-09-29,2025-11-13,45,8107.22,1621.45,Payée
FAC-2026-1380,MISS-12839,CLI-137,AG-22,2026-05-25,2026-07-09,120,17905.78,3581.16,Payée
FAC-2026-1381,MISS-11720,CLI-137,AG-03,2024-02-18,2024-04-03,30,1939.16,387.83,En cours
FAC-2026-1382,MISS-12218,CLI-155,AG-18,2024-07-08,2024-08-22,30,3137.64,627.53,Payée
FAC-2026-1383,MISS-10661,CLI-154,AG-14,2024-07-24,2024-09-07,30,4610.44,922.09,Payée
FAC-2026-1384,MISS-11554,CLI-162,AG-11,2024-12-30,2025-02-13,45,5620.49,1124.1,Payée
FAC-2026-1385,MISS-10544,CLI-105,AG-21,2026-08-27,2026-10-11,45,2688.1,537.62,En cours
FAC-2026-1386,MISS-12350,CLI-131,AG-01,2026-01-31,2026-03-17,30,22011.58,4402.32,En cours
FAC-2026-1387,MISS-12815,CLI-173,AG-19,2024-04-08,2024-05-23,30,16508.84,3301.77,Payée
FAC-2026-1388,MISS-11366,CLI-174,AG-21,2025-04-21,2025-06-05,45,4050.1,810.02,Payée
FAC-2026-1389,MISS-12578,CLI-113,AG-03,2025-06-20,2025-08-04,60,2133.16,426.63,Payée
FAC-2026-1390,MISS-11495,CLI-131,AG-18,2025-08-11,2025-09-25,90,7549.31,1509.86,Payée
FAC-2026-1391,MISS-11985,CLI-149,AG-04,2024-12-06,2025-01-20,45,5312.74,1062.55,Payée
FAC-2026-1392,MISS-11385,CLI-111,AG-12,2025-04-08,2025-05-23,30,4548.4,909.68,Payée
FAC-2026-1393,MISS-12345,CLI-152,AG-01,2026-05-27,2026-07-11,30,2273.36,454.67,Payée
FAC-2026-1394,MISS-10009,CLI-174,AG-09,2026-04-23,2026-06-07,45,28959.06,5791.81,En cours
FAC-2026-1395,MISS-11615,CLI-174,AG-11,2026-04-07,2026-05-22,30,2121.23,424.25,Payée
FAC-2026-1396,MISS-10684,CLI-102,AG-21,2025-03-07,2025-04-21,45,3408.44,681.69,Payée
FAC-2026-1397,MISS-13398,CLI-174,AG-13,2026-04-22,2026-06-06,30,5039.32,1007.86,Payée
FAC-2026-1398,MISS-10732,CLI-163,AG-17,2025-03-29,2025-05-13,90,3514.7,702.94,En cours
FAC-2026-1399,MISS-12132,CLI-176,AG-06,2025-04-18,2025-06-02,60,36634.56,7326.91,Payée
FAC-2026-1400,MISS-11976,CLI-155,AG-22,2025-12-20,2026-02-03,45,29833.83,5966.77,Payée
FAC-2026-1401,MISS-11066,CLI-103,AG-03,2024-07-26,2024-09-09,45,35900.0,7180.0,Payée
FAC-2026-1402,MISS-11393,CLI-111,AG-12,2024-10-06,2024-11-20,30,27289.84,5457.97,Payée
FAC-2026-1403,MISS-11316,CLI-166,AG-09,2026-03-06,2026-04-20,30,10167.14,2033.43,Payée
FAC-2026-1404,MISS-10553,CLI-110,AG-16,2025-08-01,2025-09-15,60,79283.21,15856.64,En cours
FAC-2026-1405,MISS-10369,CLI-118,AG-04,2024-12-21,2025-02-04,45,42079.76,8415.95,Payée
FAC-2026-1406,MISS-11715,CLI-121,AG-20,2025-03-06,2025-04-20,90,6695.34,1339.07,Payée
FAC-2026-1407,MISS-10167,CLI-161,AG-04,2026-01-05,2026-02-19,30,2615.43,523.09,Payée
FAC-2026-1408,MISS-11979,CLI-179,AG-05,2024-02-22,2024-04-07,60,2970.04,594.01,Payée
FAC-2026-1409,MISS-11721,CLI-142,AG-06,2024-07-08,2024-08-22,30,10387.3,2077.46,Payée
FAC-2026-1410,MISS-10420,CLI-106,AG-08,2025-10-29,2025-12-13,45,4527.79,905.56,Payée
FAC-2026-1411,MISS-13302,CLI-144,AG-17,2026-02-18,2026-04-04,30,19811.74,3962.35,Payée
FAC-2026-1412,MISS-10781,CLI-154,AG-02,2024-09-15,2024-10-30,30,4172.66,834.53,Payée
FAC-2026-1413,MISS-11640,CLI-122,AG-17,2024-06-01,2024-07-16,60,16858.22,3371.64,Payée
FAC-2026-1414,MISS-13262,CLI-131,AG-06,2025-08-08,2025-09-22,30,1234.08,246.82,Payée
FAC-2026-1415,MISS-11981,CLI-175,AG-18,2025-11-01,2025-12-16,30,4725.73,945.15,Payée
FAC-2026-1416,MISS-11625,CLI-118,AG-03,2024-05-05,2024-06-19,30,1126.6,225.32,Payée
FAC-2026-1417,MISS-12380,CLI-168,AG-20,2024-04-11,2024-05-26,30,16812.58,3362.52,Payée
FAC-2026-1418,MISS-11453,CLI-167,AG-16,2024-11-04,2024-12-19,30,4889.48,977.9,Payée
FAC-2026-1419,MISS-12968,CLI-139,AG-17,2024-08-02,2024-09-16,60,1360.78,272.16,Payée
FAC-2026-1420,MISS-10053,CLI-117,AG-08,2026-07-04,2026-08-18,30,19420.78,3884.16,En retard (Litige)
FAC-2026-1421,MISS-10955,CLI-134,AG-02,2026-08-09,2026-09-23,30,4812.14,962.43,Payée
FAC-2026-1422,MISS-10389,CLI-124,AG-20,2024-04-14,2024-05-29,60,2160.13,432.03,Payée
FAC-2026-1423,MISS-13007,CLI-131,AG-15,2024-06-04,2024-07-19,30,2427.66,485.53,Payée
FAC-2026-1424,MISS-10581,CLI-161,AG-06,2024-07-12,2024-08-26,30,4819.31,963.86,Payée
FAC-2026-1425,MISS-12997,CLI-122,AG-05,2024-03-31,2024-05-15,30,71231.08,14246.22,Payée
FAC-2026-1426,MISS-11415,CLI-129,AG-02,2025-01-02,2025-02-16,45,30447.22,6089.44,Payée
FAC-2026-1427,MISS-10304,CLI-168,AG-04,2024-05-01,2024-06-15,30,4480.93,896.19,Payée
FAC-2026-1428,MISS-12562,CLI-146,AG-11,2025-01-30,2025-03-16,60,4299.94,859.99,Payée
FAC-2026-1429,MISS-10272,CLI-153,AG-21,2026-05-12,2026-06-26,45,20241.24,4048.25,Payée
FAC-2026-1430,MISS-11535,CLI-170,AG-05,2024-02-24,2024-04-09,45,5620.54,1124.11,Payée
FAC-2026-1431,MISS-13125,CLI-142,AG-01,2024-09-30,2024-11-14,45,8753.92,1750.78,Payée
FAC-2026-1432,MISS-10060,CLI-163,AG-15,2024-05-14,2024-06-28,60,61072.36,12214.47,Payée
FAC-2026-1433,MISS-10430,CLI-136,AG-13,2025-12-10,2026-01-24,30,12433.14,2486.63,Payée
FAC-2026-1434,MISS-10068,CLI-102,AG-02,2024-06-30,2024-08-14,30,1810.72,362.14,Payée
FAC-2026-1435,MISS-13354,CLI-113,AG-03,2025-06-04,2025-07-19,45,40360.93,8072.19,Payée
FAC-2026-1436,MISS-12295,CLI-164,AG-04,2025-09-29,2025-11-13,30,6431.89,1286.38,Payée
FAC-2026-1437,MISS-11014,CLI-131,AG-16,2026-04-13,2026-05-28,60,3386.8,677.36,Payée
FAC-2026-1438,MISS-12115,CLI-101,AG-12,2026-02-18,2026-04-04,30,65358.74,13071.75,Payée
FAC-2026-1439,MISS-12266,CLI-109,AG-10,2024-08-01,2024-09-15,45,6108.86,1221.77,En cours
FAC-2026-1440,MISS-10330,CLI-158,AG-13,2025-07-23,2025-09-06,45,76814.54,15362.91,Payée
FAC-2026-1441,MISS-12477,CLI-111,AG-15,2025-12-28,2026-02-11,45,3145.1,629.02,Payée
FAC-2026-1442,MISS-13182,CLI-151,AG-02,2026-06-20,2026-08-04,45,27784.74,5556.95,Payée
FAC-2026-1443,MISS-10444,CLI-145,AG-15,2025-06-07,2025-07-22,45,5490.64,1098.13,En cours
FAC-2026-1444,MISS-12057,CLI-104,AG-04,2025-06-16,2025-07-31,90,18715.41,3743.08,Payée
FAC-2026-1445,MISS-12245,CLI-138,AG-13,2025-11-10,2025-12-25,30,3907.26,781.45,En cours
FAC-2026-1446,MISS-11078,CLI-111,AG-10,2025-08-29,2025-10-13,30,6596.89,1319.38,Payée
FAC-2026-1447,MISS-12402,CLI-146,AG-02,2024-04-12,2024-05-27,45,47413.96,9482.79,Payée
FAC-2026-1448,MISS-11308,CLI-161,AG-17,2026-03-22,2026-05-06,45,23435.28,4687.06,Payée
FAC-2026-1449,MISS-12389,CLI-128,AG-12,2025-08-20,2025-10-04,45,5575.46,1115.09,Payée
FAC-2026-1450,MISS-11568,CLI-137,AG-14,2026-06-15,2026-07-30,90,22580.72,4516.14,Payée
FAC-2026-1451,MISS-12660,CLI-119,AG-11,2025-11-04,2025-12-19,120,3961.32,792.26,Payée
FAC-2026-1452,MISS-13150,CLI-111,AG-19,2025-03-16,2025-04-30,30,25362.87,5072.57,Payée
FAC-2026-1453,MISS-11206,CLI-109,AG-22,2025-06-14,2025-07-29,45,4257.92,851.58,Payée
FAC-2026-1454,MISS-10696,CLI-159,AG-20,2024-12-20,2025-02-03,30,4685.1,937.02,Payée
FAC-2026-1455,MISS-11065,CLI-177,AG-22,2025-06-04,2025-07-19,30,17504.52,3500.9,Payée
FAC-2026-1456,MISS-11099,CLI-130,AG-21,2025-09-06,2025-10-21,30,29995.0,5999.0,Payée
FAC-2026-1457,MISS-12417,CLI-135,AG-05,2025-12-17,2026-01-31,60,28094.3,5618.86,Payée
FAC-2026-1458,MISS-11312,CLI-126,AG-02,2025-07-29,2025-09-12,60,31111.99,6222.4,Payée
FAC-2026-1459,MISS-12043,CLI-116,AG-21,2025-03-15,2025-04-29,30,21697.58,4339.52,Payée
FAC-2026-1460,MISS-11555,CLI-135,AG-01,2024-06-07,2024-07-22,30,13936.44,2787.29,Payée
FAC-2026-1461,MISS-12565,CLI-158,AG-02,2024-09-11,2024-10-26,30,1553.77,310.75,Payée
FAC-2026-1462,MISS-12321,CLI-167,AG-07,2026-06-17,2026-08-01,45,1512.22,302.44,Payée
FAC-2026-1463,MISS-11450,CLI-120,AG-18,2024-11-08,2024-12-23,120,39551.9,7910.38,Payée
FAC-2026-1464,MISS-12738,CLI-154,AG-20,2025-09-19,2025-11-03,90,39625.98,7925.2,Payée
FAC-2026-1465,MISS-12242,CLI-117,AG-13,2026-04-14,2026-05-29,30,20875.93,4175.19,Payée
FAC-2026-1466,MISS-10578,CLI-152,AG-11,2025-11-12,2025-12-27,30,6525.84,1305.17,En cours
FAC-2026-1467,MISS-11442,CLI-115,AG-01,2025-12-18,2026-02-01,30,2242.26,448.45,Payée
FAC-2026-1468,MISS-10836,CLI-151,AG-13,2026-06-01,2026-07-16,30,27331.0,5466.2,Payée
FAC-2026-1469,MISS-11503,CLI-128,AG-06,2026-09-04,2026-10-19,30,23048.11,4609.62,Payée
FAC-2026-1470,MISS-11959,CLI-133,AG-08,2024-12-25,2025-02-08,30,45030.54,9006.11,Payée
FAC-2026-1471,MISS-13266,CLI-121,AG-12,2025-12-23,2026-02-06,30,3129.08,625.82,Payée
FAC-2026-1472,MISS-10222,CLI-137,AG-19,2024-05-31,2024-07-15,30,73470.52,14694.1,Payée
FAC-2026-1473,MISS-12570,CLI-141,AG-17,2024-03-20,2024-05-04,30,1164.26,232.85,En retard (Litige)
FAC-2026-1474,MISS-11260,CLI-101,AG-06,2025-08-21,2025-10-05,45,4718.24,943.65,Payée
FAC-2026-1475,MISS-11419,CLI-149,AG-16,2024-09-12,2024-10-27,30,32181.26,6436.25,Payée
FAC-2026-1476,MISS-12160,CLI-150,AG-08,2025-11-07,2025-12-22,45,55530.95,11106.19,En retard (Litige)
FAC-2026-1477,MISS-11598,CLI-107,AG-09,2025-09-07,2025-10-22,30,78743.32,15748.66,Payée
FAC-2026-1478,MISS-11941,CLI-107,AG-06,2026-07-24,2026-09-07,60,5612.32,1122.46,Payée
FAC-2026-1479,MISS-12124,CLI-160,AG-19,2025-11-17,2026-01-01,30,6516.06,1303.21,En cours
FAC-2026-1480,MISS-10538,CLI-123,AG-13,2025-12-05,2026-01-19,45,14825.23,2965.05,Payée
FAC-2026-1481,MISS-11373,CLI-119,AG-22,2026-02-07,2026-03-24,45,27058.5,5411.7,Payée
FAC-2026-1482,MISS-10662,CLI-129,AG-20,2025-11-05,2025-12-20,45,4114.85,822.97,Payée
FAC-2026-1483,MISS-13068,CLI-138,AG-14,2024-04-30,2024-06-14,30,3911.35,782.27,Payée
FAC-2026-1484,MISS-12918,CLI-116,AG-04,2026-04-23,2026-06-07,120,79424.95,15884.99,Payée
FAC-2026-1485,MISS-12672,CLI-124,AG-11,2026-08-14,2026-09-28,45,4311.4,862.28,Payée
FAC-2026-1486,MISS-10327,CLI-118,AG-16,2025-02-22,2025-04-08,30,46871.46,9374.29,Payée
FAC-2026-1487,MISS-11046,CLI-150,AG-22,2024-08-21,2024-10-05,30,4282.29,856.46,En cours
FAC-2026-1488,MISS-11085,CLI-118,AG-19,2026-05-05,2026-06-19,30,4071.29,814.26,Payée
FAC-2026-1489,MISS-12033,CLI-131,AG-18,2024-06-20,2024-08-04,45,10479.54,2095.91,Payée
FAC-2026-1490,MISS-10950,CLI-165,AG-10,2024-03-28,2024-05-12,30,31809.43,6361.89,En cours
FAC-2026-1491,MISS-13281,CLI-179,AG-08,2025-02-16,2025-04-02,30,4327.24,865.45,Payée
FAC-2026-1492,MISS-12256,CLI-144,AG-04,2024-04-29,2024-06-13,30,50647.88,10129.58,Payée
FAC-2026-1493,MISS-11066,CLI-103,AG-03,2024-07-26,2024-09-09,30,35900.0,7180.0,Payée
FAC-2026-1494,MISS-11822,CLI-118,AG-18,2025-08-22,2025-10-06,45,7638.26,1527.65,Payée
FAC-2026-1495,MISS-10053,CLI-117,AG-08,2026-07-04,2026-08-18,90,19420.78,3884.16,Payée
FAC-2026-1496,MISS-13426,CLI-169,AG-13,2026-07-02,2026-08-16,45,26104.78,5220.96,Payée
FAC-2026-1497,MISS-11664,CLI-115,AG-10,2026-07-17,2026-08-31,30,17791.18,3558.24,Payée
FAC-2026-1498,MISS-10471,CLI-156,AG-01,2025-07-26,2025-09-09,30,15698.49,3139.7,En cours
FAC-2026-1499,MISS-10594,CLI-146,AG-04,2024-02-06,2024-03-22,45,24016.3,4803.26,Payée
FAC-2026-1500,MISS-12859,CLI-158,AG-15,2024-05-17,2024-07-01,45,2710.13,542.03,Payée
FAC-2026-1501,MISS-12016,CLI-172,AG-02,2026-06-24,2026-08-08,30,2462.41,492.48,Payée
FAC-2026-1502,MISS-10234,CLI-104,AG-16,2024-03-06,2024-04-20,90,3625.38,725.08,Payée
FAC-2026-1503,MISS-13164,CLI-171,AG-22,2026-01-07,2026-02-21,45,4458.23,891.65,Payée
FAC-2026-1504,MISS-11148,CLI-138,AG-10,2024-11-28,2025-01-12,30,17883.56,3576.71,Payée
FAC-2026-1505,MISS-11396,CLI-159,AG-20,2024-05-21,2024-07-05,30,4006.84,801.37,En retard (Litige)
FAC-2026-1506,MISS-12538,CLI-132,AG-22,2024-04-13,2024-05-28,60,25229.59,5045.92,Payée
FAC-2026-1507,MISS-10941,CLI-120,AG-10,2025-01-10,2025-02-24,30,3295.62,659.12,Payée
FAC-2026-1508,MISS-13183,CLI-135,AG-03,2024-07-03,2024-08-17,30,21361.32,4272.26,Payée
FAC-2026-1509,MISS-10423,CLI-109,AG-19,2026-06-11,2026-07-26,30,1329.75,265.95,Payée
FAC-2026-1510,MISS-12080,CLI-100,AG-09,2026-05-27,2026-07-11,45,4658.56,931.71,Payée
FAC-2026-1511,MISS-11350,CLI-133,AG-15,2024-10-31,2024-12-15,30,1819.39,363.88,Payée
FAC-2026-1512,MISS-12615,CLI-154,AG-08,2024-02-11,2024-03-27,30,1452.02,290.4,Payée
FAC-2026-1513,MISS-10440,CLI-118,AG-02,2026-06-24,2026-08-08,30,6747.39,1349.48,Payée
FAC-2026-1514,MISS-11746,CLI-164,AG-18,2024-05-24,2024-07-08,60,80801.26,16160.25,Payée
FAC-2026-1515,MISS-10266,CLI-172,AG-07,2024-06-24,2024-08-08,45,4987.4,997.48,Payée
FAC-2026-1516,MISS-11619,CLI-177,AG-17,2024-03-15,2024-04-29,90,30278.82,6055.76,Payée
FAC-2026-1517,MISS-10618,CLI-102,AG-14,2024-06-15,2024-07-30,30,2406.84,481.37,En cours
FAC-2026-1518,MISS-13010,CLI-137,AG-01,2025-08-04,2025-09-18,45,38174.23,7634.85,Payée
FAC-2026-1519,MISS-12796,CLI-175,AG-18,2026-08-16,2026-09-30,30,3223.2,644.64,Payée
FAC-2026-1520,MISS-10881,CLI-125,AG-14,2024-02-17,2024-04-02,30,39993.43,7998.69,Payée
FAC-2026-1521,MISS-12634,CLI-136,AG-10,2025-06-03,2025-07-18,30,23748.14,4749.63,En cours
FAC-2026-1522,MISS-12036,CLI-133,AG-15,2025-08-13,2025-09-27,30,3967.78,793.56,Payée
FAC-2026-1523,MISS-13381,CLI-106,AG-02,2024-03-31,2024-05-15,30,1714.01,342.8,Payée
FAC-2026-1524,MISS-12324,CLI-136,AG-14,2025-03-29,2025-05-13,45,5727.97,1145.59,En cours
FAC-2026-1525,MISS-11069,CLI-100,AG-01,2025-11-16,2025-12-31,45,22427.9,4485.58,Payée
FAC-2026-1526,MISS-13207,CLI-152,AG-10,2025-12-19,2026-02-02,45,13828.88,2765.78,Payée
FAC-2026-1527,MISS-10787,CLI-123,AG-18,2026-05-26,2026-07-10,45,3385.74,677.15,En retard (Litige)
FAC-2026-1528,MISS-10992,CLI-111,AG-17,2025-07-08,2025-08-22,30,2825.42,565.08,Payée
FAC-2026-1529,MISS-12546,CLI-148,AG-14,2025-11-09,2025-12-24,30,55344.0,11068.8,Payée
FAC-2026-1530,MISS-11741,CLI-174,AG-03,2025-09-22,2025-11-06,45,8958.3,1791.66,Payée
FAC-2026-1531,MISS-11005,CLI-171,AG-01,2024-07-21,2024-09-04,30,6641.44,1328.29,Payée
FAC-2026-1532,MISS-10082,CLI-138,AG-11,2025-08-14,2025-09-28,30,3266.52,653.31,Payée
FAC-2026-1533,MISS-12314,CLI-166,AG-09,2025-06-26,2025-08-10,30,17723.85,3544.77,Payée
FAC-2026-1534,MISS-11636,CLI-168,AG-16,2025-08-02,2025-09-16,30,3198.52,639.7,Payée
FAC-2026-1535,MISS-10001,CLI-122,AG-11,2025-09-09,2025-10-24,30,1887.13,377.43,Payée
FAC-2026-1536,MISS-13242,CLI-176,AG-03,2025-05-21,2025-07-05,30,22888.82,4577.76,Payée
FAC-2026-1537,MISS-11478,CLI-179,AG-01,2026-01-05,2026-02-19,45,2683.12,536.62,Payée
FAC-2026-1538,MISS-13332,CLI-170,AG-20,2026-07-23,2026-09-06,30,21686.46,4337.29,Payée
FAC-2026-1539,MISS-12455,CLI-156,AG-09,2026-02-12,2026-03-29,30,8176.98,1635.4,Payée
FAC-2026-1540,MISS-13149,CLI-141,AG-05,2026-03-12,2026-04-26,30,12607.34,2521.47,Payée
FAC-2026-1541,MISS-12475,CLI-129,AG-11,2024-09-28,2024-11-12,120,1395.85,279.17,Payée
FAC-2026-1542,MISS-11163,CLI-139,AG-09,2025-10-28,2025-12-12,45,16720.66,3344.13,En cours
FAC-2026-1543,MISS-11467,CLI-137,AG-20,2024-12-04,2025-01-18,30,4794.71,958.94,Payée
FAC-2026-1544,MISS-11763,CLI-123,AG-11,2025-01-07,2025-02-21,45,6386.56,1277.31,Payée
FAC-2026-1545,MISS-13149,CLI-141,AG-05,2026-03-12,2026-04-26,30,12607.34,2521.47,Payée
FAC-2026-1546,MISS-11691,CLI-116,AG-02,2026-08-27,2026-10-11,30,45545.99,9109.2,En retard (Litige)
FAC-2026-1547,MISS-10793,CLI-129,AG-20,2026-07-23,2026-09-06,30,20456.38,4091.28,Payée
FAC-2026-1548,MISS-12342,CLI-129,AG-20,2024-10-26,2024-12-10,30,7644.26,1528.85,Payée
FAC-2026-1549,MISS-12425,CLI-112,AG-12,2025-12-19,2026-02-02,30,79710.72,15942.14,Payée
FAC-2026-1550,MISS-11983,CLI-143,AG-16,2025-10-15,2025-11-29,30,6042.8,1208.56,En cours
FAC-2026-1551,MISS-11635,CLI-102,AG-04,2026-01-08,2026-02-22,30,9321.3,1864.26,Payée
FAC-2026-1552,MISS-12346,CLI-115,AG-21,2025-05-24,2025-07-08,30,13887.1,2777.42,Payée
FAC-2026-1553,MISS-11459,CLI-127,AG-12,2026-03-31,2026-05-15,45,3213.98,642.8,Payée
FAC-2026-1554,MISS-12174,CLI-174,AG-16,2024-10-29,2024-12-13,30,83596.54,16719.31,Payée
FAC-2026-1555,MISS-11906,CLI-161,AG-17,2025-01-21,2025-03-07,30,52037.08,10407.42,En retard (Litige)
FAC-2026-1556,MISS-11860,CLI-136,AG-16,2025-02-19,2025-04-05,45,7744.95,1548.99,Payée
FAC-2026-1557,MISS-10197,CLI-138,AG-10,2025-02-15,2025-04-01,30,22989.52,4597.9,Payée
FAC-2026-1558,MISS-11993,CLI-158,AG-16,2024-04-30,2024-06-14,90,2307.98,461.6,Payée
FAC-2026-1559,MISS-10297,CLI-157,AG-03,2026-08-27,2026-10-11,45,33684.4,6736.88,Payée
FAC-2026-1560,MISS-10749,CLI-179,AG-15,2025-01-22,2025-03-08,60,7381.53,1476.31,Payée
FAC-2026-1561,MISS-10663,CLI-153,AG-12,2024-06-21,2024-08-05,30,7202.32,1440.46,Payée
FAC-2026-1562,MISS-13003,CLI-105,AG-08,2024-03-11,2024-04-25,30,5165.5,1033.1,Payée
FAC-2026-1563,MISS-13401,CLI-126,AG-16,2025-07-28,2025-09-11,30,12756.5,2551.3,Payée
FAC-2026-1564,MISS-11668,CLI-162,AG-19,2026-04-07,2026-05-22,90,7806.16,1561.23,En cours
FAC-2026-1565,MISS-13186,CLI-104,AG-08,2024-08-04,2024-09-18,45,3658.92,731.79,En cours
FAC-2026-1566,MISS-10716,CLI-173,AG-21,2026-09-03,2026-10-18,30,19555.77,3911.15,En retard (Litige)
FAC-2026-1567,MISS-13377,CLI-102,AG-11,2026-01-05,2026-02-19,30,15231.7,3046.34,Payée
FAC-2026-1568,MISS-11676,CLI-145,AG-13,2025-05-09,2025-06-23,30,30599.92,6119.98,Payée
FAC-2026-1569,MISS-12260,CLI-106,AG-05,2024-07-20,2024-09-03,60,6935.58,1387.12,Payée
FAC-2026-1570,MISS-11798,CLI-105,AG-05,2024-09-30,2024-11-14,45,15704.26,3140.85,Payée
FAC-2026-1571,MISS-11217,CLI-175,AG-09,2025-06-09,2025-07-24,90,28352.01,5670.4,Payée
FAC-2026-1572,MISS-12599,CLI-109,AG-04,2026-08-19,2026-10-03,30,15527.97,3105.59,En cours
FAC-2026-1573,MISS-12543,CLI-128,AG-09,2024-04-25,2024-06-09,45,13687.93,2737.59,Payée
FAC-2026-1574,MISS-10472,CLI-152,AG-18,2025-12-10,2026-01-24,45,24386.34,4877.27,Payée
FAC-2026-1575,MISS-12244,CLI-123,AG-07,2026-02-14,2026-03-31,90,7127.94,1425.59,En cours
FAC-2026-1576,MISS-12040,CLI-158,AG-08,2025-05-31,2025-07-15,30,2081.26,416.25,Payée
FAC-2026-1577,MISS-12680,CLI-142,AG-01,2025-03-03,2025-04-17,30,1106.95,221.39,Payée
FAC-2026-1578,MISS-11728,CLI-172,AG-07,2025-12-12,2026-01-26,30,9536.57,1907.31,Payée
FAC-2026-1579,MISS-11593,CLI-103,AG-01,2026-01-20,2026-03-06,45,1194.42,238.88,Payée
FAC-2026-1580,MISS-11617,CLI-179,AG-22,2025-01-31,2025-03-17,30,5424.97,1084.99,En cours
FAC-2026-1581,MISS-11355,CLI-148,AG-19,2025-10-09,2025-11-23,45,75783.54,15156.71,Payée
FAC-2026-1582,MISS-12896,CLI-110,AG-17,2025-01-28,2025-03-14,45,61707.98,12341.6,Payée
FAC-2026-1583,MISS-13345,CLI-102,AG-19,2025-07-05,2025-08-19,45,6476.42,1295.28,Payée
FAC-2026-1584,MISS-12805,CLI-101,AG-06,2025-07-11,2025-08-25,30,75697.3,15139.46,Payée
FAC-2026-1585,MISS-12674,CLI-156,AG-14,2026-06-14,2026-07-29,45,25346.21,5069.24,Payée
FAC-2026-1586,MISS-12464,CLI-109,AG-18,2025-02-03,2025-03-20,45,33199.5,6639.9,Payée
FAC-2026-1587,MISS-12985,CLI-117,AG-02,2024-10-14,2024-11-28,45,3257.54,651.51,Payée
FAC-2026-1588,MISS-12818,CLI-138,AG-06,2025-10-28,2025-12-12,120,7684.0,1536.8,Payée
FAC-2026-1589,MISS-11114,CLI-105,AG-11,2025-05-30,2025-07-14,30,28370.27,5674.05,Payée
FAC-2026-1590,MISS-11041,CLI-171,AG-12,2026-04-15,2026-05-30,60,28055.04,5611.01,Payée
FAC-2026-1591,MISS-10405,CLI-113,AG-09,2026-08-22,2026-10-06,60,21943.01,4388.6,Payée
FAC-2026-1592,MISS-11586,CLI-107,AG-06,2024-04-24,2024-06-08,30,3442.95,688.59,Payée
FAC-2026-1593,MISS-12123,CLI-124,AG-16,2025-05-26,2025-07-10,45,4279.84,855.97,En cours
FAC-2026-1594,MISS-12486,CLI-145,AG-17,2024-09-29,2024-11-13,30,37077.52,7415.51,En retard (Litige)
FAC-2026-1595,MISS-12433,CLI-171,AG-01,2024-02-13,2024-03-29,30,69763.26,13952.65,Payée
FAC-2026-1596,MISS-12864,CLI-149,AG-02,2024-09-20,2024-11-04,60,35772.64,7154.53,Payée
FAC-2026-1597,MISS-10645,CLI-166,AG-08,2025-11-10,2025-12-25,30,28935.5,5787.1,En cours
FAC-2026-1598,MISS-10466,CLI-102,AG-13,2024-03-07,2024-04-21,30,4112.36,822.47,Payée
FAC-2026-1599,MISS-12520,CLI-172,AG-19,2025-04-19,2025-06-03,60,14232.88,2846.58,En cours
FAC-2026-1600,MISS-10639,CLI-172,AG-01,2026-02-26,2026-04-12,30,87800.36,17560.07,En cours
FAC-2026-1601,MISS-12831,CLI-138,AG-02,2025-03-19,2025-05-03,30,2680.23,536.05,Payée
FAC-2026-1602,MISS-10584,CLI-167,AG-20,2025-08-30,2025-10-14,45,72120.22,14424.04,Payée
FAC-2026-1603,MISS-11665,CLI-156,AG-11,2024-11-16,2024-12-31,30,9838.15,1967.63,Payée
FAC-2026-1604,MISS-12709,CLI-172,AG-07,2025-01-06,2025-02-20,30,28603.69,5720.74,Payée
FAC-2026-1605,MISS-10736,CLI-158,AG-08,2025-04-17,2025-06-01,30,2605.28,521.06,Payée
FAC-2026-1606,MISS-13066,CLI-178,AG-19,2025-02-09,2025-03-26,30,2907.48,581.5,Payée
FAC-2026-1607,MISS-12127,CLI-102,AG-10,2024-12-14,2025-01-28,30,6376.46,1275.29,En cours
FAC-2026-1608,MISS-11129,CLI-126,AG-08,2024-08-10,2024-09-24,45,84816.28,16963.26,Payée
FAC-2026-1609,MISS-11854,CLI-130,AG-13,2025-11-08,2025-12-23,30,5085.68,1017.14,Payée
FAC-2026-1610,MISS-12622,CLI-165,AG-06,2026-01-05,2026-02-19,30,2329.0,465.8,En cours
FAC-2026-1611,MISS-11533,CLI-135,AG-20,2026-08-29,2026-10-13,30,16668.74,3333.75,En retard (Litige)
FAC-2026-1612,MISS-13113,CLI-178,AG-22,2026-04-15,2026-05-30,30,27480.32,5496.06,En retard (Litige)
FAC-2026-1613,MISS-10891,CLI-179,AG-13,2024-05-14,2024-06-28,30,17050.4,3410.08,En cours
FAC-2026-1614,MISS-10411,CLI-131,AG-09,2024-03-28,2024-05-12,30,7293.46,1458.69,En cours
FAC-2026-1615,MISS-12973,CLI-178,AG-20,2025-02-09,2025-03-26,30,2513.16,502.63,Payée
FAC-2026-1616,MISS-11496,CLI-149,AG-09,2025-09-12,2025-10-27,60,15029.42,3005.88,Payée
FAC-2026-1617,MISS-12534,CLI-167,AG-13,2024-11-06,2024-12-21,30,18512.08,3702.42,En cours
FAC-2026-1618,MISS-11575,CLI-119,AG-13,2025-01-31,2025-03-17,30,26132.82,5226.56,Payée
FAC-2026-1619,MISS-12852,CLI-141,AG-03,2026-07-18,2026-09-01,30,6132.9,1226.58,Payée
FAC-2026-1620,MISS-13407,CLI-172,AG-10,2024-05-10,2024-06-24,30,1467.68,293.54,Payée
FAC-2026-1621,MISS-11220,CLI-158,AG-05,2024-03-28,2024-05-12,30,1084.04,216.81,Payée
FAC-2026-1622,MISS-10745,CLI-126,AG-18,2024-10-24,2024-12-08,60,2705.12,541.02,En cours
FAC-2026-1623,MISS-10042,CLI-154,AG-17,2024-11-15,2024-12-30,30,18414.42,3682.88,Payée
FAC-2026-1624,MISS-10433,CLI-169,AG-12,2025-03-17,2025-05-01,60,87192.46,17438.49,Payée
FAC-2026-1625,MISS-12116,CLI-144,AG-08,2025-07-05,2025-08-19,45,6465.03,1293.01,Payée
FAC-2026-1626,MISS-13449,CLI-170,AG-14,2024-11-02,2024-12-17,30,6337.8,1267.56,En cours
FAC-2026-1627,MISS-10132,CLI-141,AG-03,2024-06-15,2024-07-30,45,7634.4,1526.88,En cours
FAC-2026-1628,MISS-12237,CLI-103,AG-03,2026-04-15,2026-05-30,60,5130.7,1026.14,En cours
FAC-2026-1629,MISS-10882,CLI-103,AG-14,2026-07-09,2026-08-23,30,5837.77,1167.55,Payée
FAC-2026-1630,MISS-13159,CLI-162,AG-14,2025-04-25,2025-06-09,30,74169.52,14833.9,Payée
FAC-2026-1631,MISS-11555,CLI-135,AG-01,2024-06-07,2024-07-22,30,13936.44,2787.29,En cours
FAC-2026-1632,MISS-12658,CLI-101,AG-08,2025-12-28,2026-02-11,45,13936.85,2787.37,Payée
FAC-2026-1633,MISS-13223,CLI-105,AG-22,2024-05-25,2024-07-09,60,20330.81,4066.16,Payée
FAC-2026-1634,MISS-12176,CLI-114,AG-02,2026-05-16,2026-06-30,45,28312.17,5662.43,Payée
FAC-2026-1635,MISS-10553,CLI-110,AG-16,2025-08-01,2025-09-15,30,79283.21,15856.64,Payée
FAC-2026-1636,MISS-12583,CLI-179,AG-12,2024-09-17,2024-11-01,30,81892.78,16378.56,Payée
FAC-2026-1637,MISS-12094,CLI-117,AG-11,2026-05-22,2026-07-06,30,7180.66,1436.13,Payée
FAC-2026-1638,MISS-13368,CLI-156,AG-14,2024-08-07,2024-09-21,45,1989.74,397.95,Payée
FAC-2026-1639,MISS-11023,CLI-106,AG-15,2024-09-01,2024-10-16,30,20285.36,4057.07,En cours
FAC-2026-1640,MISS-12873,CLI-104,AG-14,2025-03-07,2025-04-21,90,4524.28,904.86,Payée
FAC-2026-1641,MISS-12034,CLI-109,AG-14,2026-02-08,2026-03-25,90,74148.58,14829.72,Payée
FAC-2026-1642,MISS-11291,CLI-178,AG-16,2024-08-07,2024-09-21,30,10716.29,2143.26,En cours
FAC-2026-1643,MISS-11504,CLI-112,AG-18,2024-10-07,2024-11-21,30,1169.03,233.81,Payée
FAC-2026-1644,MISS-10887,CLI-144,AG-22,2026-08-14,2026-09-28,30,26401.29,5280.26,Payée
FAC-2026-1645,MISS-11939,CLI-107,AG-05,2025-08-25,2025-10-09,45,11825.14,2365.03,En cours
FAC-2026-1646,MISS-12774,CLI-166,AG-22,2025-11-19,2026-01-03,30,7435.74,1487.15,Payée
FAC-2026-1647,MISS-11659,CLI-170,AG-17,2024-07-20,2024-09-03,30,6861.95,1372.39,En cours
FAC-2026-1648,MISS-12443,CLI-116,AG-18,2024-11-05,2024-12-20,30,2407.48,481.5,Payée
FAC-2026-1649,MISS-12645,CLI-105,AG-19,2025-12-18,2026-02-01,60,2317.54,463.51,Payée
FAC-2026-1650,MISS-13471,CLI-156,AG-03,2025-05-21,2025-07-05,30,50105.81,10021.16,Payée
FAC-2026-1651,MISS-11052,CLI-116,AG-04,2026-07-06,2026-08-20,45,90890.36,18178.07,En cours
FAC-2026-1652,MISS-11335,CLI-147,AG-06,2025-09-13,2025-10-28,30,4597.4,919.48,Payée
FAC-2026-1653,MISS-10564,CLI-170,AG-11,2025-06-23,2025-08-07,30,5370.8,1074.16,Payée
FAC-2026-1654,MISS-13319,CLI-175,AG-13,2025-09-22,2025-11-06,30,7639.0,1527.8,Payée
FAC-2026-1655,MISS-11850,CLI-136,AG-12,2026-07-03,2026-08-17,60,22928.25,4585.65,Payée
FAC-2026-1656,MISS-11474,CLI-100,AG-22,2024-10-24,2024-12-08,60,26698.48,5339.7,Payée
FAC-2026-1657,MISS-11753,CLI-162,AG-19,2026-08-01,2026-09-15,30,2277.23,455.45,Payée
FAC-2026-1658,MISS-12524,CLI-113,AG-08,2024-09-04,2024-10-19,30,17494.93,3498.99,En retard (Litige)
FAC-2026-1659,MISS-12173,CLI-130,AG-13,2024-10-14,2024-11-28,45,28020.52,5604.1,Payée
FAC-2026-1660,MISS-11170,CLI-131,AG-13,2024-02-05,2024-03-21,30,4263.45,852.69,En cours
FAC-2026-1661,MISS-11447,CLI-104,AG-21,2025-06-11,2025-07-26,30,7613.8,1522.76,Payée
FAC-2026-1662,MISS-12776,CLI-149,AG-02,2024-02-04,2024-03-20,30,8391.78,1678.36,Payée
FAC-2026-1663,MISS-12408,CLI-120,AG-14,2024-09-10,2024-10-25,30,4394.74,878.95,Payée
FAC-2026-1664,MISS-10208,CLI-160,AG-01,2026-05-07,2026-06-21,30,23038.51,4607.7,Payée
FAC-2026-1665,MISS-12781,CLI-154,AG-15,2024-09-25,2024-11-09,30,14604.4,2920.88,Payée
FAC-2026-1666,MISS-10379,CLI-132,AG-22,2024-06-28,2024-08-12,30,8204.38,1640.88,En cours
FAC-2026-1667,MISS-11505,CLI-155,AG-10,2024-06-23,2024-08-07,30,8621.72,1724.34,Payée
FAC-2026-1668,MISS-10080,CLI-178,AG-10,2025-04-10,2025-05-25,90,9315.36,1863.07,Payée
FAC-2026-1669,MISS-10245,CLI-129,AG-20,2026-04-12,2026-05-27,45,7840.98,1568.2,En retard (Litige)
FAC-2026-1670,MISS-10751,CLI-170,AG-18,2025-09-28,2025-11-12,45,2015.56,403.11,Payée
FAC-2026-1671,MISS-12654,CLI-112,AG-03,2024-09-22,2024-11-06,30,30433.66,6086.73,Payée
FAC-2026-1672,MISS-11810,CLI-113,AG-03,2026-08-01,2026-09-15,60,19348.44,3869.69,Payée
FAC-2026-1673,MISS-12365,CLI-116,AG-05,2025-03-03,2025-04-17,30,41364.74,8272.95,Payée
FAC-2026-1674,MISS-11640,CLI-122,AG-17,2024-06-01,2024-07-16,30,16858.22,3371.64,Payée
FAC-2026-1675,MISS-10240,CLI-145,AG-03,2025-11-11,2025-12-26,90,8933.44,1786.69,Payée
FAC-2026-1676,MISS-11135,CLI-104,AG-21,2026-06-01,2026-07-16,30,31125.69,6225.14,Payée
FAC-2026-1677,MISS-11816,CLI-158,AG-06,2024-05-03,2024-06-17,45,4990.13,998.03,Payée
FAC-2026-1678,MISS-11555,CLI-135,AG-01,2024-06-07,2024-07-22,45,13936.44,2787.29,Payée
FAC-2026-1679,MISS-11195,CLI-170,AG-19,2026-03-27,2026-05-11,90,1774.2,354.84,Payée
FAC-2026-1680,MISS-12349,CLI-111,AG-10,2024-07-10,2024-08-24,60,8966.53,1793.31,Payée
FAC-2026-1681,MISS-11306,CLI-177,AG-19,2026-04-12,2026-05-27,30,2865.64,573.13,Payée
FAC-2026-1682,MISS-12725,CLI-118,AG-02,2025-12-23,2026-02-06,30,79825.82,15965.16,Payée
FAC-2026-1683,MISS-10500,CLI-176,AG-18,2024-11-15,2024-12-30,30,31193.26,6238.65,Payée
FAC-2026-1684,MISS-11923,CLI-166,AG-13,2025-09-24,2025-11-08,45,2639.61,527.92,Payée
FAC-2026-1685,MISS-10438,CLI-112,AG-03,2024-11-30,2025-01-14,30,7419.76,1483.95,Payée
FAC-2026-1686,MISS-10204,CLI-125,AG-07,2024-10-19,2024-12-03,45,31886.48,6377.3,Payée
FAC-2026-1687,MISS-10705,CLI-158,AG-06,2025-12-08,2026-01-22,90,2345.92,469.18,Payée
FAC-2026-1688,MISS-10632,CLI-174,AG-02,2025-02-21,2025-04-07,45,2395.14,479.03,Payée
FAC-2026-1689,MISS-12795,CLI-151,AG-18,2024-05-10,2024-06-24,30,2476.24,495.25,Payée
FAC-2026-1690,MISS-11523,CLI-158,AG-05,2026-07-08,2026-08-22,45,4864.3,972.86,Payée
FAC-2026-1691,MISS-12771,CLI-119,AG-15,2024-11-11,2024-12-26,30,3580.32,716.06,Payée
FAC-2026-1692,MISS-11999,CLI-158,AG-19,2024-10-21,2024-12-05,90,24207.26,4841.45,Payée
FAC-2026-1693,MISS-12434,CLI-150,AG-08,2025-12-28,2026-02-11,45,18477.21,3695.44,Payée
FAC-2026-1694,MISS-11553,CLI-110,AG-17,2026-03-12,2026-04-26,45,14490.78,2898.16,Payée
FAC-2026-1695,MISS-13356,CLI-117,AG-07,2024-11-24,2025-01-08,45,28333.1,5666.62,Payée
FAC-2026-1696,MISS-12249,CLI-109,AG-13,2025-01-20,2025-03-06,30,4718.65,943.73,Payée
FAC-2026-1697,MISS-11264,CLI-137,AG-12,2024-09-30,2024-11-14,45,23984.28,4796.86,Payée
FAC-2026-1698,MISS-11707,CLI-126,AG-16,2025-08-28,2025-10-12,45,4619.44,923.89,Payée
FAC-2026-1699,MISS-10384,CLI-141,AG-03,2025-04-22,2025-06-06,45,45581.94,9116.39,En cours
FAC-2026-1700,MISS-11633,CLI-175,AG-17,2025-09-13,2025-10-28,30,23691.14,4738.23,Payée
FAC-2026-1701,MISS-10675,CLI-121,AG-03,2024-09-19,2024-11-03,30,5873.36,1174.67,Payée
FAC-2026-1702,MISS-12127,CLI-102,AG-10,2024-12-14,2025-01-28,60,6376.46,1275.29,En cours
FAC-2026-1703,MISS-12334,CLI-100,AG-10,2025-10-31,2025-12-15,30,56740.65,11348.13,Payée
FAC-2026-1704,MISS-13107,CLI-146,AG-09,2025-10-23,2025-12-07,45,65031.96,13006.39,Payée
FAC-2026-1705,MISS-10531,CLI-165,AG-03,2026-07-25,2026-09-08,30,8703.9,1740.78,Payée
FAC-2026-1706,MISS-13034,CLI-139,AG-18,2025-08-14,2025-09-28,30,2583.64,516.73,Payée
FAC-2026-1707,MISS-10598,CLI-164,AG-01,2025-06-11,2025-07-26,30,54325.02,10865.0,Payée
FAC-2026-1708,MISS-12384,CLI-100,AG-13,2025-02-21,2025-04-07,45,25187.36,5037.47,Payée
FAC-2026-1709,MISS-11099,CLI-130,AG-21,2025-09-06,2025-10-21,45,29995.0,5999.0,En cours
FAC-2026-1710,MISS-11886,CLI-119,AG-04,2026-08-23,2026-10-07,45,8541.56,1708.31,Payée
FAC-2026-1711,MISS-11130,CLI-109,AG-15,2024-12-08,2025-01-22,30,3441.6,688.32,Payée
FAC-2026-1712,MISS-10102,CLI-155,AG-21,2025-07-30,2025-09-13,45,7107.9,1421.58,Payée
FAC-2026-1713,MISS-12772,CLI-143,AG-01,2024-02-18,2024-04-03,30,25401.48,5080.3,Payée
FAC-2026-1714,MISS-12414,CLI-171,AG-20,2025-12-07,2026-01-21,30,1223.46,244.69,Payée
FAC-2026-1715,MISS-11988,CLI-113,AG-16,2025-10-13,2025-11-27,90,18514.41,3702.88,Payée
FAC-2026-1716,MISS-10735,CLI-165,AG-18,2024-10-19,2024-12-03,30,7157.76,1431.55,Payée
FAC-2026-1717,MISS-10343,CLI-127,AG-16,2024-03-26,2024-05-10,30,7337.92,1467.58,Payée
FAC-2026-1718,MISS-12015,CLI-132,AG-14,2025-08-12,2025-09-26,45,4167.92,833.58,Payée
FAC-2026-1719,MISS-10161,CLI-169,AG-02,2024-07-25,2024-09-08,30,39488.67,7897.73,Payée
FAC-2026-1720,MISS-13104,CLI-138,AG-14,2025-02-02,2025-03-19,60,7516.85,1503.37,Payée
FAC-2026-1721,MISS-12793,CLI-124,AG-06,2025-03-24,2025-05-08,90,3470.12,694.02,En cours
FAC-2026-1722,MISS-11504,CLI-112,AG-18,2024-10-07,2024-11-21,45,1169.03,233.81,Payée
FAC-2026-1723,MISS-12360,CLI-113,AG-07,2024-06-17,2024-08-01,60,40045.3,8009.06,En retard (Litige)
FAC-2026-1724,MISS-10320,CLI-145,AG-12,2024-05-16,2024-06-30,30,75115.51,15023.1,Payée
FAC-2026-1725,MISS-12013,CLI-162,AG-09,2025-03-20,2025-05-04,30,45082.25,9016.45,Payée
FAC-2026-1726,MISS-10815,CLI-118,AG-20,2025-11-22,2026-01-06,60,15109.12,3021.82,Payée
FAC-2026-1727,MISS-12034,CLI-109,AG-14,2026-02-08,2026-03-25,60,74148.58,14829.72,Payée
FAC-2026-1728,MISS-13194,CLI-109,AG-02,2025-11-04,2025-12-19,30,19706.24,3941.25,Payée
FAC-2026-1729,MISS-12202,CLI-104,AG-21,2026-01-06,2026-02-20,45,11613.83,2322.77,Payée
FAC-2026-1730,MISS-11756,CLI-142,AG-16,2024-11-01,2024-12-16,30,8663.22,1732.64,En cours
FAC-2026-1731,MISS-12568,CLI-168,AG-18,2025-07-17,2025-08-31,30,2098.78,419.76,Payée
FAC-2026-1732,MISS-10498,CLI-144,AG-06,2024-08-31,2024-10-15,45,32362.75,6472.55,En retard (Litige)
FAC-2026-1733,MISS-10955,CLI-134,AG-02,2026-08-09,2026-09-23,30,4812.14,962.43,Payée
FAC-2026-1734,MISS-10599,CLI-126,AG-10,2026-04-30,2026-06-14,30,30180.06,6036.01,En retard (Litige)
FAC-2026-1735,MISS-12076,CLI-122,AG-14,2026-01-27,2026-03-13,60,5899.59,1179.92,Payée
FAC-2026-1736,MISS-10314,CLI-158,AG-14,2026-06-04,2026-07-19,45,9179.36,1835.87,Payée
FAC-2026-1737,MISS-13431,CLI-108,AG-15,2024-01-31,2024-03-16,90,16867.54,3373.51,Payée
FAC-2026-1738,MISS-10297,CLI-157,AG-03,2026-08-27,2026-10-11,60,33684.4,6736.88,Payée
FAC-2026-1739,MISS-10026,CLI-133,AG-16,2026-07-31,2026-09-14,30,44797.26,8959.45,Payée
FAC-2026-1740,MISS-12463,CLI-106,AG-01,2024-09-07,2024-10-22,120,988.2,197.64,Payée
FAC-2026-1741,MISS-12476,CLI-161,AG-20,2024-12-26,2025-02-09,45,25549.36,5109.87,Payée
FAC-2026-1742,MISS-12635,CLI-139,AG-21,2024-06-05,2024-07-20,30,4841.31,968.26,Payée
FAC-2026-1743,MISS-12849,CLI-100,AG-08,2026-07-24,2026-09-07,30,2168.72,433.74,En cours
FAC-2026-1744,MISS-13350,CLI-148,AG-19,2024-04-02,2024-05-17,60,34565.87,6913.17,Payée
FAC-2026-1745,MISS-11199,CLI-103,AG-17,2025-12-06,2026-01-20,60,2120.25,424.05,Payée
FAC-2026-1746,MISS-13003,CLI-105,AG-08,2024-03-11,2024-04-25,30,5165.5,1033.1,Payée
FAC-2026-1747,MISS-13309,CLI-135,AG-17,2025-10-25,2025-12-09,30,6160.7,1232.14,Payée
FAC-2026-1748,MISS-10661,CLI-154,AG-14,2024-07-24,2024-09-07,30,4610.44,922.09,Payée
FAC-2026-1749,MISS-11792,CLI-138,AG-21,2025-10-21,2025-12-05,30,24200.18,4840.04,En cours
FAC-2026-1750,MISS-12770,CLI-140,AG-14,2024-05-27,2024-07-11,45,2021.69,404.34,Payée
FAC-2026-1751,MISS-12078,CLI-111,AG-04,2026-01-23,2026-03-09,30,9417.44,1883.49,Payée
FAC-2026-1752,MISS-12765,CLI-148,AG-11,2025-02-24,2025-04-10,30,27826.62,5565.33,Payée
FAC-2026-1753,MISS-13014,CLI-165,AG-03,2025-05-13,2025-06-27,45,66516.51,13303.3,Payée
FAC-2026-1754,MISS-11140,CLI-173,AG-16,2024-04-23,2024-06-07,30,85767.38,17153.48,En cours
FAC-2026-1755,MISS-11713,CLI-156,AG-07,2024-08-22,2024-10-06,45,56639.94,11327.99,Payée
FAC-2026-1756,MISS-11264,CLI-137,AG-12,2024-09-30,2024-11-14,30,23984.28,4796.86,Payée
FAC-2026-1757,MISS-11757,CLI-154,AG-04,2026-07-30,2026-09-13,30,49956.82,9991.36,Payée
FAC-2026-1758,MISS-11260,CLI-101,AG-06,2025-08-21,2025-10-05,45,4718.24,943.65,En retard (Litige)
FAC-2026-1759,MISS-12101,CLI-134,AG-08,2026-02-13,2026-03-30,45,6243.72,1248.74,Payée
FAC-2026-1760,MISS-12923,CLI-116,AG-06,2025-08-24,2025-10-08,30,43973.95,8794.79,Payée
FAC-2026-1761,MISS-11049,CLI-147,AG-14,2024-07-23,2024-09-06,30,71758.1,14351.62,En cours
FAC-2026-1762,MISS-11764,CLI-145,AG-16,2024-04-13,2024-05-28,120,1090.82,218.16,Payée
FAC-2026-1763,MISS-12028,CLI-147,AG-20,2024-08-30,2024-10-14,45,8688.03,1737.61,Payée
FAC-2026-1764,MISS-10537,CLI-152,AG-12,2024-09-07,2024-10-22,30,2830.38,566.08,En retard (Litige)
FAC-2026-1765,MISS-11526,CLI-140,AG-18,2025-01-04,2025-02-18,30,17045.34,3409.07,Payée
FAC-2026-1766,MISS-11573,CLI-112,AG-16,2024-04-24,2024-06-08,30,4409.1,881.82,Payée
FAC-2026-1767,MISS-11312,CLI-126,AG-02,2025-07-29,2025-09-12,45,31111.99,6222.4,Payée
FAC-2026-1768,MISS-12102,CLI-179,AG-11,2024-06-23,2024-08-07,30,4640.38,928.08,En retard (Litige)
FAC-2026-1769,MISS-12802,CLI-109,AG-19,2024-12-09,2025-01-23,30,5513.7,1102.74,Payée
FAC-2026-1770,MISS-11404,CLI-178,AG-22,2026-05-30,2026-07-14,90,7298.48,1459.7,Payée
FAC-2026-1771,MISS-12071,CLI-125,AG-05,2026-02-07,2026-03-24,30,5114.57,1022.91,Payée
FAC-2026-1772,MISS-12717,CLI-126,AG-16,2024-10-05,2024-11-19,30,4028.07,805.61,Payée
FAC-2026-1773,MISS-10364,CLI-178,AG-22,2026-07-06,2026-08-20,45,5147.56,1029.51,Payée
FAC-2026-1774,MISS-13486,CLI-164,AG-16,2026-05-15,2026-06-29,30,4677.15,935.43,Payée
FAC-2026-1775,MISS-10287,CLI-110,AG-11,2026-07-26,2026-09-09,30,73777.46,14755.49,Payée
FAC-2026-1776,MISS-13084,CLI-132,AG-02,2025-03-17,2025-05-01,30,1661.35,332.27,Payée
FAC-2026-1777,MISS-13071,CLI-158,AG-07,2024-08-28,2024-10-12,90,10333.51,2066.7,Payée
FAC-2026-1778,MISS-11652,CLI-159,AG-06,2024-11-20,2025-01-04,30,37598.85,7519.77,Payée
FAC-2026-1779,MISS-11821,CLI-170,AG-15,2025-04-14,2025-05-29,45,27136.22,5427.24,Payée
FAC-2026-1780,MISS-13028,CLI-147,AG-05,2025-08-25,2025-10-09,60,2454.41,490.88,Payée
FAC-2026-1781,MISS-13246,CLI-172,AG-21,2026-01-18,2026-03-04,30,27366.32,5473.26,Payée
FAC-2026-1782,MISS-10778,CLI-133,AG-01,2025-11-18,2026-01-02,45,16364.84,3272.97,Payée
FAC-2026-1783,MISS-11266,CLI-166,AG-05,2024-09-03,2024-10-18,30,5825.36,1165.07,Payée
FAC-2026-1784,MISS-11720,CLI-137,AG-03,2024-02-18,2024-04-03,30,1939.16,387.83,Payée
FAC-2026-1785,MISS-10201,CLI-161,AG-01,2025-09-12,2025-10-27,30,69529.3,13905.86,Payée
FAC-2026-1786,MISS-12399,CLI-128,AG-13,2025-07-22,2025-09-05,45,84010.59,16802.12,Payée
FAC-2026-1787,MISS-11743,CLI-111,AG-22,2024-12-29,2025-02-12,30,4390.4,878.08,Payée
FAC-2026-1788,MISS-12662,CLI-133,AG-10,2026-06-07,2026-07-22,45,27927.02,5585.4,En cours
FAC-2026-1789,MISS-12075,CLI-138,AG-01,2026-08-19,2026-10-03,45,32311.92,6462.38,En cours
FAC-2026-1790,MISS-12055,CLI-124,AG-04,2024-12-04,2025-01-18,30,29897.94,5979.59,Payée
FAC-2026-1791,MISS-13052,CLI-150,AG-09,2026-04-12,2026-05-27,30,12969.63,2593.93,Payée
FAC-2026-1792,MISS-12817,CLI-146,AG-15,2025-12-24,2026-02-07,45,1453.66,290.73,Payée
FAC-2026-1793,MISS-10472,CLI-152,AG-18,2025-12-10,2026-01-24,60,24386.34,4877.27,Payée
FAC-2026-1794,MISS-12223,CLI-158,AG-20,2026-01-31,2026-03-17,45,4532.3,906.46,En cours
FAC-2026-1795,MISS-11227,CLI-140,AG-04,2025-05-03,2025-06-17,45,30080.93,6016.19,Payée
FAC-2026-1796,MISS-10851,CLI-144,AG-15,2025-03-26,2025-05-10,45,22019.28,4403.86,Payée
FAC-2026-1797,MISS-13245,CLI-104,AG-14,2024-09-08,2024-10-23,45,19349.96,3869.99,En retard (Litige)
FAC-2026-1798,MISS-10649,CLI-147,AG-03,2026-03-30,2026-05-14,30,22772.62,4554.52,Payée
FAC-2026-1799,MISS-11290,CLI-135,AG-01,2024-02-08,2024-03-24,45,6694.71,1338.94,Payée
FAC-2026-1800,MISS-13485,CLI-122,AG-20,2026-05-15,2026-06-29,30,6523.02,1304.6,Payée
FAC-2026-1801,MISS-10621,CLI-170,AG-03,2026-05-30,2026-07-14,30,5413.51,1082.7,Payée
FAC-2026-1802,MISS-12537,CLI-137,AG-12,2024-08-09,2024-09-23,60,4039.56,807.91,Payée
FAC-2026-1803,MISS-13345,CLI-102,AG-19,2025-07-05,2025-08-19,45,6476.42,1295.28,Payée
FAC-2026-1804,MISS-11175,CLI-130,AG-17,2024-05-03,2024-06-17,60,61173.72,12234.74,Payée
FAC-2026-1805,MISS-13134,CLI-114,AG-18,2025-09-02,2025-10-17,90,7900.36,1580.07,Payée
FAC-2026-1806,MISS-12293,CLI-158,AG-05,2025-05-12,2025-06-26,45,16922.23,3384.45,Payée
FAC-2026-1807,MISS-12079,CLI-131,AG-03,2026-05-21,2026-07-05,30,41275.26,8255.05,Payée
FAC-2026-1808,MISS-13086,CLI-101,AG-14,2024-11-14,2024-12-29,120,6466.42,1293.28,Payée
FAC-2026-1809,MISS-10793,CLI-129,AG-20,2026-07-23,2026-09-06,90,20456.38,4091.28,En cours
FAC-2026-1810,MISS-12735,CLI-157,AG-05,2025-05-06,2025-06-20,30,37752.46,7550.49,En cours
FAC-2026-1811,MISS-11963,CLI-169,AG-16,2025-10-25,2025-12-09,45,9449.22,1889.85,Payée
FAC-2026-1812,MISS-11725,CLI-117,AG-12,2024-05-01,2024-06-15,45,2315.0,463.0,Payée
FAC-2026-1813,MISS-10217,CLI-139,AG-13,2025-02-07,2025-03-24,90,29443.4,5888.68,Payée
FAC-2026-1814,MISS-11422,CLI-103,AG-05,2026-07-17,2026-08-31,45,1778.64,355.73,Payée
FAC-2026-1815,MISS-11701,CLI-120,AG-04,2026-03-23,2026-05-07,30,65545.44,13109.09,Payée
FAC-2026-1816,MISS-11808,CLI-135,AG-02,2026-07-09,2026-08-23,45,8673.18,1734.64,En cours
FAC-2026-1817,MISS-10144,CLI-144,AG-04,2024-04-24,2024-06-08,45,28169.52,5633.9,En cours
FAC-2026-1818,MISS-12494,CLI-117,AG-07,2024-10-03,2024-11-17,60,5033.94,1006.79,En cours
FAC-2026-1819,MISS-12917,CLI-152,AG-11,2026-08-08,2026-09-22,45,25872.78,5174.56,Payée
FAC-2026-1820,MISS-10129,CLI-151,AG-17,2026-05-19,2026-07-03,30,79214.86,15842.97,Payée
FAC-2026-1821,MISS-11986,CLI-151,AG-20,2026-08-04,2026-09-18,120,8918.82,1783.76,En cours
FAC-2026-1822,MISS-10372,CLI-156,AG-09,2024-06-10,2024-07-25,30,4268.13,853.63,Payée
FAC-2026-1823,MISS-12677,CLI-155,AG-21,2024-09-27,2024-11-11,30,21435.96,4287.19,Payée
FAC-2026-1824,MISS-13031,CLI-170,AG-06,2024-06-28,2024-08-12,45,10242.1,2048.42,Payée
FAC-2026-1825,MISS-11895,CLI-150,AG-04,2024-08-17,2024-10-01,45,2327.88,465.58,Payée
FAC-2026-1826,MISS-12979,CLI-116,AG-09,2025-08-13,2025-09-27,30,19463.24,3892.65,Payée
FAC-2026-1827,MISS-12005,CLI-121,AG-17,2026-03-26,2026-05-10,30,1695.37,339.07,Payée
FAC-2026-1828,MISS-12348,CLI-113,AG-21,2026-03-30,2026-05-14,30,5308.41,1061.68,Payée
FAC-2026-1829,MISS-10684,CLI-102,AG-21,2025-03-07,2025-04-21,30,3408.44,681.69,En cours
FAC-2026-1830,MISS-10078,CLI-154,AG-10,2025-02-12,2025-03-29,45,25642.57,5128.51,Payée
FAC-2026-1831,MISS-11645,CLI-151,AG-06,2024-05-04,2024-06-18,45,8919.33,1783.87,Payée
FAC-2026-1832,MISS-13309,CLI-135,AG-17,2025-10-25,2025-12-09,30,6160.7,1232.14,Payée
FAC-2026-1833,MISS-11097,CLI-101,AG-01,2026-04-06,2026-05-21,45,24696.52,4939.3,Payée
FAC-2026-1834,MISS-10047,CLI-123,AG-01,2024-09-01,2024-10-16,30,3051.05,610.21,Payée
FAC-2026-1835,MISS-11841,CLI-155,AG-03,2026-04-02,2026-05-17,60,28414.08,5682.82,Payée
FAC-2026-1836,MISS-12002,CLI-170,AG-13,2025-08-03,2025-09-17,60,3591.48,718.3,En cours
FAC-2026-1837,MISS-10715,CLI-148,AG-20,2024-05-20,2024-07-04,30,6834.37,1366.87,Payée
FAC-2026-1838,MISS-10046,CLI-160,AG-11,2024-05-01,2024-06-15,30,1592.9,318.58,Payée
FAC-2026-1839,MISS-11924,CLI-163,AG-03,2025-07-05,2025-08-19,30,74500.51,14900.1,En cours
FAC-2026-1840,MISS-10481,CLI-140,AG-16,2025-04-19,2025-06-03,30,1533.16,306.63,Payée
FAC-2026-1841,MISS-10714,CLI-161,AG-16,2025-08-04,2025-09-18,30,5003.52,1000.7,En cours
FAC-2026-1842,MISS-12250,CLI-125,AG-18,2025-11-05,2025-12-20,30,3798.92,759.79,Payée
FAC-2026-1843,MISS-11333,CLI-177,AG-06,2026-04-12,2026-05-27,90,19815.21,3963.04,Payée
FAC-2026-1844,MISS-12387,CLI-164,AG-07,2026-03-10,2026-04-24,30,4347.19,869.44,Payée
FAC-2026-1845,MISS-13269,CLI-132,AG-10,2026-06-13,2026-07-28,45,77002.18,15400.44,En cours
FAC-2026-1846,MISS-13334,CLI-110,AG-04,2026-07-07,2026-08-21,30,4031.86,806.37,Payée
FAC-2026-1847,MISS-12150,CLI-158,AG-21,2024-05-15,2024-06-29,30,44960.88,8992.18,Payée
FAC-2026-1848,MISS-11793,CLI-151,AG-19,2026-03-30,2026-05-14,30,6982.12,1396.42,Payée
FAC-2026-1849,MISS-12519,CLI-105,AG-16,2024-12-06,2025-01-20,30,23609.92,4721.98,Payée
FAC-2026-1850,MISS-10266,CLI-172,AG-07,2024-06-24,2024-08-08,60,4987.4,997.48,Payée
FAC-2026-1851,MISS-12617,CLI-145,AG-20,2024-08-25,2024-10-09,30,7777.12,1555.42,En retard (Litige)
FAC-2026-1852,MISS-10527,CLI-164,AG-05,2024-08-07,2024-09-21,45,70500.19,14100.04,Payée
FAC-2026-1853,MISS-11146,CLI-107,AG-10,2025-01-26,2025-03-12,30,19449.5,3889.9,Payée
FAC-2026-1854,MISS-10161,CLI-169,AG-02,2024-07-25,2024-09-08,30,39488.67,7897.73,Payée
FAC-2026-1855,MISS-10714,CLI-161,AG-16,2025-08-04,2025-09-18,30,5003.52,1000.7,Payée
FAC-2026-1856,MISS-10803,CLI-136,AG-12,2025-10-25,2025-12-09,60,6079.28,1215.86,Payée
FAC-2026-1857,MISS-12713,CLI-150,AG-02,2024-04-06,2024-05-21,30,81180.36,16236.07,Payée
FAC-2026-1858,MISS-12679,CLI-112,AG-12,2024-09-08,2024-10-23,45,40608.36,8121.67,Payée
FAC-2026-1859,MISS-12764,CLI-138,AG-19,2025-05-11,2025-06-25,30,5210.06,1042.01,Payée
FAC-2026-1860,MISS-12149,CLI-165,AG-21,2026-04-10,2026-05-25,30,3372.8,674.56,Payée
FAC-2026-1861,MISS-12286,CLI-143,AG-08,2026-01-26,2026-03-12,30,6786.98,1357.4,Payée
FAC-2026-1862,MISS-12300,CLI-111,AG-20,2025-05-06,2025-06-20,45,2332.06,466.41,Payée
FAC-2026-1863,MISS-10925,CLI-114,AG-11,2026-06-07,2026-07-22,30,54642.29,10928.46,Payée
FAC-2026-1864,MISS-12956,CLI-114,AG-14,2024-11-30,2025-01-14,45,28821.33,5764.27,Payée
FAC-2026-1865,MISS-11466,CLI-126,AG-02,2025-01-07,2025-02-21,30,6387.46,1277.49,Payée
FAC-2026-1866,MISS-10952,CLI-129,AG-05,2026-06-01,2026-07-16,90,51044.03,10208.81,Payée
FAC-2026-1867,MISS-11012,CLI-141,AG-21,2025-02-07,2025-03-24,90,4243.23,848.65,Payée
FAC-2026-1868,MISS-13182,CLI-151,AG-02,2026-06-20,2026-08-04,45,27784.74,5556.95,En cours
FAC-2026-1869,MISS-12174,CLI-174,AG-16,2024-10-29,2024-12-13,45,83596.54,16719.31,En retard (Litige)
FAC-2026-1870,MISS-12688,CLI-178,AG-13,2025-09-11,2025-10-26,30,4166.23,833.25,Payée
FAC-2026-1871,MISS-13447,CLI-152,AG-05,2025-02-13,2025-03-30,45,90936.5,18187.3,Payée
FAC-2026-1872,MISS-12581,CLI-130,AG-11,2026-07-25,2026-09-08,60,5498.31,1099.66,En cours
FAC-2026-1873,MISS-10640,CLI-108,AG-15,2024-05-22,2024-07-06,30,16025.76,3205.15,Payée
FAC-2026-1874,MISS-10752,CLI-122,AG-09,2026-04-22,2026-06-06,30,24193.1,4838.62,Payée
FAC-2026-1875,MISS-13464,CLI-123,AG-13,2025-04-11,2025-05-26,30,15962.68,3192.54,En cours
FAC-2026-1876,MISS-11335,CLI-147,AG-06,2025-09-13,2025-10-28,60,4597.4,919.48,Payée
FAC-2026-1877,MISS-11330,CLI-177,AG-02,2025-04-28,2025-06-12,30,41447.29,8289.46,Payée
FAC-2026-1878,MISS-12994,CLI-173,AG-14,2025-10-30,2025-12-14,45,7185.01,1437.0,Payée
FAC-2026-1879,MISS-12230,CLI-167,AG-15,2026-03-16,2026-04-30,30,19861.54,3972.31,Payée
FAC-2026-1880,MISS-10910,CLI-135,AG-15,2026-04-08,2026-05-23,30,15748.78,3149.76,Payée
FAC-2026-1881,MISS-10313,CLI-111,AG-05,2025-10-22,2025-12-06,45,48987.2,9797.44,En cours
FAC-2026-1882,MISS-11802,CLI-170,AG-09,2025-02-04,2025-03-21,60,5564.76,1112.95,Payée
FAC-2026-1883,MISS-11565,CLI-145,AG-16,2024-02-25,2024-04-10,45,6158.46,1231.69,En cours
FAC-2026-1884,MISS-12075,CLI-138,AG-01,2026-08-19,2026-10-03,30,32311.92,6462.38,Payée
FAC-2026-1885,MISS-12758,CLI-103,AG-11,2025-09-21,2025-11-05,30,1472.34,294.47,Payée
FAC-2026-1886,MISS-11951,CLI-170,AG-01,2026-08-20,2026-10-04,30,12547.25,2509.45,En cours
FAC-2026-1887,MISS-11605,CLI-115,AG-12,2026-07-08,2026-08-22,30,21962.11,4392.42,Payée
FAC-2026-1888,MISS-11248,CLI-131,AG-08,2025-09-03,2025-10-18,30,19547.29,3909.46,Payée
FAC-2026-1889,MISS-11375,CLI-114,AG-10,2024-04-26,2024-06-10,30,84444.26,16888.85,Payée
FAC-2026-1890,MISS-11034,CLI-149,AG-14,2024-04-06,2024-05-21,45,4178.32,835.66,Payée
FAC-2026-1891,MISS-11545,CLI-153,AG-19,2025-10-03,2025-11-17,45,9256.32,1851.26,En cours
FAC-2026-1892,MISS-12852,CLI-141,AG-03,2026-07-18,2026-09-01,45,6132.9,1226.58,Payée
FAC-2026-1893,MISS-11313,CLI-161,AG-11,2025-04-26,2025-06-10,30,63215.19,12643.04,Payée
FAC-2026-1894,MISS-11877,CLI-130,AG-18,2024-02-16,2024-04-01,30,5595.68,1119.14,Payée
FAC-2026-1895,MISS-10550,CLI-121,AG-08,2026-04-04,2026-05-19,30,22310.69,4462.14,Payée
FAC-2026-1896,MISS-11818,CLI-155,AG-17,2025-09-21,2025-11-05,30,46595.83,9319.17,Payée
FAC-2026-1897,MISS-13340,CLI-172,AG-06,2024-07-20,2024-09-03,90,3788.65,757.73,Payée
FAC-2026-1898,MISS-12443,CLI-116,AG-18,2024-11-05,2024-12-20,45,2407.48,481.5,Payée
FAC-2026-1899,MISS-12893,CLI-122,AG-09,2024-11-10,2024-12-25,45,7335.12,1467.02,Payée
FAC-2026-1900,MISS-10708,CLI-160,AG-01,2024-09-25,2024-11-09,60,76888.46,15377.69,Payée
FAC-2026-1901,MISS-11927,CLI-126,AG-14,2025-08-02,2025-09-16,30,9149.58,1829.92,Payée
FAC-2026-1902,MISS-13218,CLI-167,AG-11,2025-12-30,2026-02-13,30,44745.74,8949.15,Payée
FAC-2026-1903,MISS-12481,CLI-111,AG-16,2024-06-17,2024-08-01,60,40983.0,8196.6,Payée
FAC-2026-1904,MISS-10009,CLI-174,AG-09,2026-04-23,2026-06-07,45,28959.06,5791.81,Payée
FAC-2026-1905,MISS-11916,CLI-148,AG-09,2025-06-21,2025-08-05,45,29384.7,5876.94,Payée
FAC-2026-1906,MISS-10379,CLI-132,AG-22,2024-06-28,2024-08-12,30,8204.38,1640.88,Payée
FAC-2026-1907,MISS-13111,CLI-154,AG-09,2024-03-01,2024-04-15,45,31698.5,6339.7,Payée
FAC-2026-1908,MISS-10117,CLI-133,AG-20,2025-02-20,2025-04-06,30,27082.86,5416.57,En retard (Litige)
FAC-2026-1909,MISS-12801,CLI-145,AG-20,2024-10-18,2024-12-02,30,4438.02,887.6,Payée
FAC-2026-1910,MISS-11542,CLI-129,AG-17,2025-06-07,2025-07-22,45,2743.2,548.64,Payée
FAC-2026-1911,MISS-11438,CLI-110,AG-13,2026-08-09,2026-09-23,90,4848.83,969.77,Payée
FAC-2026-1912,MISS-10562,CLI-105,AG-02,2024-07-27,2024-09-10,30,8270.53,1654.11,Payée
FAC-2026-1913,MISS-11764,CLI-145,AG-16,2024-04-13,2024-05-28,30,1090.82,218.16,Payée
FAC-2026-1914,MISS-11158,CLI-135,AG-04,2024-12-15,2025-01-29,30,34620.64,6924.13,Payée
FAC-2026-1915,MISS-12253,CLI-109,AG-02,2025-01-23,2025-03-09,45,1344.64,268.93,Payée
FAC-2026-1916,MISS-12796,CLI-175,AG-18,2026-08-16,2026-09-30,60,3223.2,644.64,Payée
FAC-2026-1917,MISS-10623,CLI-153,AG-03,2026-06-16,2026-07-31,30,6618.81,1323.76,En cours
FAC-2026-1918,MISS-10693,CLI-153,AG-11,2024-04-21,2024-06-05,30,1264.97,252.99,Payée
FAC-2026-1919,MISS-11561,CLI-111,AG-15,2025-10-04,2025-11-18,60,30659.41,6131.88,Payée
FAC-2026-1920,MISS-10948,CLI-159,AG-15,2025-06-29,2025-08-13,120,23471.76,4694.35,Payée
FAC-2026-1921,MISS-12096,CLI-154,AG-19,2024-05-08,2024-06-22,45,28562.27,5712.45,Payée
FAC-2026-1922,MISS-13427,CLI-164,AG-19,2026-07-10,2026-08-24,30,7211.6,1442.32,Payée
FAC-2026-1923,MISS-13262,CLI-131,AG-06,2025-08-08,2025-09-22,30,1234.08,246.82,En retard (Litige)
FAC-2026-1924,MISS-11336,CLI-103,AG-22,2025-07-04,2025-08-18,45,4529.16,905.83,Payée
FAC-2026-1925,MISS-10763,CLI-114,AG-12,2025-12-13,2026-01-27,30,4254.04,850.81,Payée
FAC-2026-1926,MISS-11084,CLI-156,AG-04,2024-06-16,2024-07-31,45,7563.22,1512.65,Payée
FAC-2026-1927,MISS-11592,CLI-100,AG-05,2026-05-04,2026-06-18,30,7173.9,1434.78,Payée
FAC-2026-1928,MISS-10433,CLI-169,AG-12,2025-03-17,2025-05-01,90,87192.46,17438.49,Payée
FAC-2026-1929,MISS-11648,CLI-153,AG-17,2025-05-10,2025-06-24,90,24472.68,4894.54,Payée
FAC-2026-1930,MISS-11882,CLI-166,AG-07,2026-04-25,2026-06-09,30,7313.09,1462.62,Payée
FAC-2026-1931,MISS-10404,CLI-160,AG-04,2026-05-21,2026-07-05,45,30005.9,6001.18,Payée
FAC-2026-1932,MISS-12195,CLI-149,AG-02,2025-01-23,2025-03-09,60,5669.62,1133.92,Payée
FAC-2026-1933,MISS-11999,CLI-158,AG-19,2024-10-21,2024-12-05,30,24207.26,4841.45,Payée
FAC-2026-1934,MISS-10837,CLI-155,AG-06,2024-08-30,2024-10-14,45,8762.33,1752.47,Payée
FAC-2026-1935,MISS-11998,CLI-163,AG-04,2026-08-31,2026-10-15,60,30348.82,6069.76,Payée
FAC-2026-1936,MISS-11013,CLI-100,AG-10,2026-05-16,2026-06-30,120,70065.89,14013.18,Payée
FAC-2026-1937,MISS-10668,CLI-128,AG-14,2025-11-05,2025-12-20,45,19144.54,3828.91,Payée
FAC-2026-1938,MISS-10946,CLI-118,AG-14,2025-06-26,2025-08-10,30,5334.64,1066.93,Payée
FAC-2026-1939,MISS-11085,CLI-118,AG-19,2026-05-05,2026-06-19,30,4071.29,814.26,Payée
FAC-2026-1940,MISS-10770,CLI-152,AG-16,2025-12-15,2026-01-29,90,2068.72,413.74,En cours
FAC-2026-1941,MISS-10789,CLI-114,AG-21,2025-05-09,2025-06-23,30,60819.12,12163.82,Payée
FAC-2026-1942,MISS-10982,CLI-150,AG-17,2024-12-31,2025-02-14,60,30804.88,6160.98,En retard (Litige)
FAC-2026-1943,MISS-13496,CLI-105,AG-09,2025-10-09,2025-11-23,60,2611.57,522.31,Payée
FAC-2026-1944,MISS-12767,CLI-129,AG-10,2026-01-09,2026-02-23,30,13577.9,2715.58,En retard (Litige)
FAC-2026-1945,MISS-11654,CLI-170,AG-07,2026-03-16,2026-04-30,45,2677.12,535.43,En cours
FAC-2026-1946,MISS-12109,CLI-157,AG-06,2026-08-18,2026-10-02,45,7060.04,1412.01,En cours
FAC-2026-1947,MISS-12878,CLI-139,AG-03,2026-08-20,2026-10-04,30,2748.72,549.74,Payée
FAC-2026-1948,MISS-10705,CLI-158,AG-06,2025-12-08,2026-01-22,30,2345.92,469.18,Payée
FAC-2026-1949,MISS-10854,CLI-114,AG-07,2026-08-09,2026-09-23,30,7326.4,1465.28,Payée
FAC-2026-1950,MISS-11116,CLI-132,AG-19,2024-10-02,2024-11-16,30,2237.11,447.42,Payée
FAC-2026-1951,MISS-12949,CLI-152,AG-21,2026-03-07,2026-04-21,120,1529.52,305.9,Payée
FAC-2026-1952,MISS-13339,CLI-112,AG-07,2024-07-21,2024-09-04,120,6460.0,1292.0,Payée
FAC-2026-1953,MISS-10740,CLI-105,AG-13,2025-09-10,2025-10-25,45,39034.15,7806.83,Payée
FAC-2026-1954,MISS-11631,CLI-134,AG-12,2024-04-27,2024-06-11,30,2219.92,443.98,Payée
FAC-2026-1955,MISS-12654,CLI-112,AG-03,2024-09-22,2024-11-06,45,30433.66,6086.73,Payée
FAC-2026-1956,MISS-10010,CLI-125,AG-19,2026-01-16,2026-03-02,30,62427.3,12485.46,Payée
FAC-2026-1957,MISS-12657,CLI-166,AG-08,2024-08-23,2024-10-07,45,4880.02,976.0,Payée
FAC-2026-1958,MISS-10918,CLI-140,AG-02,2025-05-29,2025-07-13,30,63036.42,12607.28,Payée
FAC-2026-1959,MISS-10083,CLI-168,AG-14,2024-05-30,2024-07-14,30,3318.24,663.65,En cours
FAC-2026-1960,MISS-11589,CLI-109,AG-04,2025-11-22,2026-01-06,45,28318.27,5663.65,Payée
FAC-2026-1961,MISS-11949,CLI-144,AG-01,2024-04-22,2024-06-06,30,23267.41,4653.48,Payée
FAC-2026-1962,MISS-10724,CLI-122,AG-05,2025-08-27,2025-10-11,30,9755.18,1951.04,Payée
FAC-2026-1963,MISS-11917,CLI-136,AG-17,2025-07-26,2025-09-09,60,39538.04,7907.61,Payée
FAC-2026-1964,MISS-12896,CLI-110,AG-17,2025-01-28,2025-03-14,45,61707.98,12341.6,Payée
FAC-2026-1965,MISS-12333,CLI-121,AG-08,2024-11-03,2024-12-18,45,79013.82,15802.76,Payée
FAC-2026-1966,MISS-10130,CLI-134,AG-02,2025-07-08,2025-08-22,45,4873.5,974.7,Payée
FAC-2026-1967,MISS-10414,CLI-110,AG-06,2026-07-06,2026-08-20,30,4152.36,830.47,Payée
FAC-2026-1968,MISS-13065,CLI-133,AG-08,2025-06-13,2025-07-28,90,21151.93,4230.39,Payée
FAC-2026-1969,MISS-10068,CLI-102,AG-02,2024-06-30,2024-08-14,90,1810.72,362.14,Payée
FAC-2026-1970,MISS-10361,CLI-122,AG-13,2025-06-15,2025-07-30,30,4930.46,986.09,Payée
FAC-2026-1971,MISS-11528,CLI-175,AG-19,2025-02-04,2025-03-21,30,12741.14,2548.23,Payée
FAC-2026-1972,MISS-12437,CLI-117,AG-16,2025-07-25,2025-09-08,30,50651.71,10130.34,Payée
FAC-2026-1973,MISS-12872,CLI-163,AG-22,2025-11-21,2026-01-05,30,39017.78,7803.56,Payée
FAC-2026-1974,MISS-13344,CLI-170,AG-04,2025-12-03,2026-01-17,45,6643.14,1328.63,En cours
FAC-2026-1975,MISS-12710,CLI-177,AG-21,2025-08-03,2025-09-17,120,28448.77,5689.75,Payée
FAC-2026-1976,MISS-10235,CLI-156,AG-16,2024-10-28,2024-12-12,30,4432.41,886.48,Payée
FAC-2026-1977,MISS-11961,CLI-151,AG-18,2025-03-25,2025-05-09,30,4159.84,831.97,Payée
FAC-2026-1978,MISS-11134,CLI-114,AG-06,2026-06-22,2026-08-06,30,30152.12,6030.42,En cours
FAC-2026-1979,MISS-12168,CLI-124,AG-14,2025-11-26,2026-01-10,45,22474.56,4494.91,Payée
FAC-2026-1980,MISS-12491,CLI-142,AG-03,2025-03-07,2025-04-21,60,8215.43,1643.09,En cours
FAC-2026-1981,MISS-12758,CLI-103,AG-11,2025-09-21,2025-11-05,30,1472.34,294.47,Payée
FAC-2026-1982,MISS-10571,CLI-102,AG-21,2025-10-25,2025-12-09,45,4127.18,825.44,Payée
FAC-2026-1983,MISS-12794,CLI-138,AG-22,2024-11-16,2024-12-31,30,38887.49,7777.5,Payée
FAC-2026-1984,MISS-11667,CLI-126,AG-01,2024-11-29,2025-01-13,45,4559.12,911.82,Payée
FAC-2026-1985,MISS-12046,CLI-113,AG-22,2024-08-08,2024-09-22,45,5086.44,1017.29,Payée
FAC-2026-1986,MISS-10379,CLI-132,AG-22,2024-06-28,2024-08-12,30,8204.38,1640.88,Payée
FAC-2026-1987,MISS-10873,CLI-131,AG-04,2024-02-16,2024-04-01,30,38553.43,7710.69,Payée
FAC-2026-1988,MISS-12729,CLI-116,AG-13,2026-03-28,2026-05-12,60,8165.66,1633.13,Payée
FAC-2026-1989,MISS-10435,CLI-115,AG-10,2024-03-07,2024-04-21,30,41837.51,8367.5,En cours
FAC-2026-1990,MISS-12218,CLI-155,AG-18,2024-07-08,2024-08-22,45,3137.64,627.53,En cours
FAC-2026-1991,MISS-12361,CLI-114,AG-19,2025-12-27,2026-02-10,30,24937.09,4987.42,Payée
FAC-2026-1992,MISS-12360,CLI-113,AG-07,2024-06-17,2024-08-01,45,40045.3,8009.06,En cours
FAC-2026-1993,MISS-11568,CLI-137,AG-14,2026-06-15,2026-07-30,30,22580.72,4516.14,Payée
FAC-2026-1994,MISS-11881,CLI-176,AG-13,2024-02-29,2024-04-14,30,26930.2,5386.04,Payée
FAC-2026-1995,MISS-12879,CLI-133,AG-14,2024-02-22,2024-04-07,60,4183.85,836.77,Payée
FAC-2026-1996,MISS-10177,CLI-137,AG-11,2024-08-01,2024-09-15,30,1942.14,388.43,Payée
FAC-2026-1997,MISS-12786,CLI-111,AG-18,2026-06-17,2026-08-01,30,3043.04,608.61,Payée
FAC-2026-1998,MISS-12040,CLI-158,AG-08,2025-05-31,2025-07-15,30,2081.26,416.25,Payée
FAC-2026-1999,MISS-10525,CLI-141,AG-01,2026-07-17,2026-08-31,45,4280.35,856.07,Payée
FAC-2026-2000,MISS-11087,CLI-164,AG-19,2025-06-19,2025-08-03,60,3582.2,716.44,Payée
FAC-2026-2001,MISS-10895,CLI-172,AG-10,2024-03-25,2024-05-09,30,17006.5,3401.3,Payée
FAC-2026-2002,MISS-11663,CLI-171,AG-07,2026-04-24,2026-06-08,30,2693.66,538.73,Payée
FAC-2026-2003,MISS-10628,CLI-170,AG-08,2025-06-16,2025-07-31,30,27198.54,5439.71,Payée
FAC-2026-2004,MISS-12203,CLI-114,AG-07,2026-04-18,2026-06-02,30,4495.76,899.15,Payée
FAC-2026-2005,MISS-11819,CLI-132,AG-02,2026-02-22,2026-04-08,45,6060.0,1212.0,Payée
FAC-2026-2006,MISS-11859,CLI-121,AG-22,2024-09-19,2024-11-03,30,4371.1,874.22,Payée
FAC-2026-2007,MISS-12671,CLI-144,AG-06,2024-04-24,2024-06-08,30,20297.78,4059.56,Payée
FAC-2026-2008,MISS-11877,CLI-130,AG-18,2024-02-16,2024-04-01,45,5595.68,1119.14,Payée
FAC-2026-2009,MISS-12177,CLI-170,AG-18,2026-08-22,2026-10-06,30,17975.5,3595.1,Payée
FAC-2026-2010,MISS-11287,CLI-134,AG-14,2024-07-29,2024-09-12,45,8722.96,1744.59,En cours
FAC-2026-2011,MISS-10313,CLI-111,AG-05,2025-10-22,2025-12-06,90,48987.2,9797.44,Payée
FAC-2026-2012,MISS-10723,CLI-152,AG-17,2025-08-13,2025-09-27,30,4025.99,805.2,Payée
FAC-2026-2013,MISS-12043,CLI-116,AG-21,2025-03-15,2025-04-29,30,21697.58,4339.52,Payée
FAC-2026-2014,MISS-11892,CLI-118,AG-10,2026-02-20,2026-04-06,45,1295.87,259.17,Payée
FAC-2026-2015,MISS-10245,CLI-129,AG-20,2026-04-12,2026-05-27,45,7840.98,1568.2,Payée
FAC-2026-2016,MISS-11384,CLI-155,AG-17,2025-07-09,2025-08-23,30,8933.68,1786.74,En cours
FAC-2026-2017,MISS-12718,CLI-138,AG-09,2024-04-15,2024-05-30,45,4613.36,922.67,Payée
FAC-2026-2018,MISS-12211,CLI-135,AG-01,2026-03-21,2026-05-05,90,26935.71,5387.14,Payée
FAC-2026-2019,MISS-10588,CLI-110,AG-06,2026-01-06,2026-02-20,30,7572.58,1514.52,Payée
FAC-2026-2020,MISS-12095,CLI-119,AG-07,2025-08-26,2025-10-10,60,3284.15,656.83,Payée
FAC-2026-2021,MISS-10031,CLI-152,AG-05,2026-07-16,2026-08-30,45,44111.9,8822.38,Payée
FAC-2026-2022,MISS-11836,CLI-171,AG-03,2024-03-02,2024-04-16,30,2067.83,413.57,Payée
FAC-2026-2023,MISS-12970,CLI-136,AG-22,2024-08-20,2024-10-04,30,2796.62,559.32,Payée
FAC-2026-2024,MISS-12762,CLI-165,AG-07,2025-11-09,2025-12-24,60,6467.8,1293.56,Payée
FAC-2026-2025,MISS-13252,CLI-177,AG-12,2026-07-19,2026-09-02,45,4142.06,828.41,En cours
FAC-2026-2026,MISS-10848,CLI-121,AG-01,2025-11-09,2025-12-24,30,5832.69,1166.54,Payée
FAC-2026-2027,MISS-12374,CLI-166,AG-09,2024-08-31,2024-10-15,45,9855.43,1971.09,Payée
FAC-2026-2028,MISS-11829,CLI-178,AG-07,2026-05-23,2026-07-07,30,13213.98,2642.8,Payée
FAC-2026-2029,MISS-11879,CLI-150,AG-18,2024-09-22,2024-11-06,45,78601.91,15720.38,Payée
FAC-2026-2030,MISS-12576,CLI-128,AG-12,2026-07-02,2026-08-16,90,25667.5,5133.5,En cours
FAC-2026-2031,MISS-10932,CLI-107,AG-21,2024-02-06,2024-03-22,30,11349.78,2269.96,En retard (Litige)
FAC-2026-2032,MISS-10422,CLI-150,AG-09,2026-02-01,2026-03-18,30,29364.56,5872.91,En cours
FAC-2026-2033,MISS-10895,CLI-172,AG-10,2024-03-25,2024-05-09,90,17006.5,3401.3,Payée
FAC-2026-2034,MISS-11062,CLI-126,AG-12,2024-09-21,2024-11-05,90,8712.45,1742.49,Payée
FAC-2026-2035,MISS-12290,CLI-112,AG-17,2025-09-14,2025-10-29,45,3310.21,662.04,Payée
FAC-2026-2036,MISS-11423,CLI-119,AG-09,2024-04-18,2024-06-02,90,23028.8,4605.76,Payée
FAC-2026-2037,MISS-10964,CLI-157,AG-07,2025-08-15,2025-09-29,45,15793.08,3158.62,Payée
FAC-2026-2038,MISS-11223,CLI-151,AG-09,2025-12-17,2026-01-31,45,20844.75,4168.95,Payée
FAC-2026-2039,MISS-13325,CLI-157,AG-08,2025-03-10,2025-04-24,45,8929.02,1785.8,Payée
FAC-2026-2040,MISS-13163,CLI-134,AG-20,2025-11-12,2025-12-27,120,1354.26,270.85,Payée
FAC-2026-2041,MISS-12981,CLI-126,AG-08,2026-01-09,2026-02-23,45,29287.86,5857.57,Payée
FAC-2026-2042,MISS-10512,CLI-155,AG-09,2024-04-10,2024-05-25,30,17330.64,3466.13,Payée
FAC-2026-2043,MISS-11355,CLI-148,AG-19,2025-10-09,2025-11-23,30,75783.54,15156.71,En retard (Litige)
FAC-2026-2044,MISS-13113,CLI-178,AG-22,2026-04-15,2026-05-30,45,27480.32,5496.06,Payée
FAC-2026-2045,MISS-12875,CLI-109,AG-16,2024-08-06,2024-09-20,45,28284.77,5656.95,Payée
FAC-2026-2046,MISS-10627,CLI-144,AG-21,2025-11-11,2025-12-26,30,1202.97,240.59,Payée
FAC-2026-2047,MISS-10350,CLI-156,AG-15,2024-11-23,2025-01-07,90,1101.58,220.32,En cours
FAC-2026-2048,MISS-11211,CLI-133,AG-03,2026-07-10,2026-08-24,45,23253.69,4650.74,Payée
FAC-2026-2049,MISS-13384,CLI-145,AG-02,2024-08-05,2024-09-19,45,87080.26,17416.05,Payée
FAC-2026-2050,MISS-11685,CLI-145,AG-14,2024-08-20,2024-10-04,45,3285.44,657.09,En cours
FAC-2026-2051,MISS-11028,CLI-167,AG-04,2025-02-26,2025-04-12,45,21047.95,4209.59,Payée
FAC-2026-2052,MISS-11680,CLI-179,AG-17,2025-12-01,2026-01-15,30,5964.43,1192.89,Payée
FAC-2026-2053,MISS-11007,CLI-176,AG-17,2026-08-20,2026-10-04,30,24512.28,4902.46,Payée
FAC-2026-2054,MISS-13065,CLI-133,AG-08,2025-06-13,2025-07-28,45,21151.93,4230.39,Payée
FAC-2026-2055,MISS-10243,CLI-108,AG-08,2025-04-18,2025-06-02,30,26962.69,5392.54,Payée
FAC-2026-2056,MISS-10592,CLI-101,AG-19,2024-03-03,2024-04-17,45,20855.63,4171.13,Payée
FAC-2026-2057,MISS-13067,CLI-154,AG-07,2025-05-10,2025-06-24,30,14491.04,2898.21,Payée
FAC-2026-2058,MISS-11369,CLI-129,AG-04,2024-11-07,2024-12-22,30,32042.8,6408.56,Payée
FAC-2026-2059,MISS-11225,CLI-172,AG-12,2026-07-27,2026-09-10,45,4338.72,867.74,Payée
FAC-2026-2060,MISS-11679,CLI-169,AG-03,2026-05-24,2026-07-08,30,9952.99,1990.6,Payée
FAC-2026-2061,MISS-12868,CLI-119,AG-11,2026-08-20,2026-10-04,45,4684.77,936.96,Payée
FAC-2026-2062,MISS-12187,CLI-144,AG-04,2025-08-30,2025-10-14,30,15135.17,3027.03,En retard (Litige)
FAC-2026-2063,MISS-10695,CLI-135,AG-11,2025-04-03,2025-05-18,30,7777.18,1555.44,Payée
FAC-2026-2064,MISS-13165,CLI-146,AG-14,2026-06-27,2026-08-11,30,4348.92,869.78,En retard (Litige)
FAC-2026-2065,MISS-13029,CLI-169,AG-03,2024-09-12,2024-10-27,45,42907.94,8581.59,Payée
FAC-2026-2066,MISS-10218,CLI-141,AG-11,2025-02-02,2025-03-19,30,49537.05,9907.41,Payée
FAC-2026-2067,MISS-10736,CLI-158,AG-08,2025-04-17,2025-06-01,45,2605.28,521.06,En cours
FAC-2026-2068,MISS-13143,CLI-124,AG-09,2025-10-22,2025-12-06,30,7450.5,1490.1,Payée
FAC-2026-2069,MISS-12676,CLI-131,AG-17,2025-08-24,2025-10-08,30,63761.41,12752.28,En cours
FAC-2026-2070,MISS-12106,CLI-132,AG-09,2025-05-01,2025-06-15,30,2488.9,497.78,En cours
FAC-2026-2071,MISS-12896,CLI-110,AG-17,2025-01-28,2025-03-14,45,61707.98,12341.6,Payée
FAC-2026-2072,MISS-11130,CLI-109,AG-15,2024-12-08,2025-01-22,30,3441.6,688.32,Payée
FAC-2026-2073,MISS-12489,CLI-111,AG-22,2025-12-20,2026-02-03,30,16575.63,3315.13,Payée
FAC-2026-2074,MISS-13038,CLI-128,AG-01,2025-08-09,2025-09-23,45,27936.1,5587.22,Payée
FAC-2026-2075,MISS-13171,CLI-112,AG-17,2024-11-12,2024-12-27,45,2970.87,594.17,Payée
FAC-2026-2076,MISS-11163,CLI-139,AG-09,2025-10-28,2025-12-12,30,16720.66,3344.13,Payée
FAC-2026-2077,MISS-10164,CLI-117,AG-05,2025-10-16,2025-11-30,30,23397.97,4679.59,Payée
FAC-2026-2078,MISS-10427,CLI-154,AG-03,2025-08-14,2025-09-28,30,79888.23,15977.65,En retard (Litige)
FAC-2026-2079,MISS-11014,CLI-131,AG-16,2026-04-13,2026-05-28,30,3386.8,677.36,Payée
FAC-2026-2080,MISS-13270,CLI-124,AG-15,2026-05-26,2026-07-10,30,27904.1,5580.82,En cours
FAC-2026-2081,MISS-10268,CLI-139,AG-15,2025-08-16,2025-09-30,30,27899.56,5579.91,En cours
FAC-2026-2082,MISS-10303,CLI-103,AG-22,2025-06-12,2025-07-27,45,91187.35,18237.47,Payée
FAC-2026-2083,MISS-11199,CLI-103,AG-17,2025-12-06,2026-01-20,45,2120.25,424.05,Payée
FAC-2026-2084,MISS-12764,CLI-138,AG-19,2025-05-11,2025-06-25,30,5210.06,1042.01,En retard (Litige)
FAC-2026-2085,MISS-11573,CLI-112,AG-16,2024-04-24,2024-06-08,30,4409.1,881.82,Payée
FAC-2026-2086,MISS-12490,CLI-178,AG-02,2026-06-27,2026-08-11,45,36287.48,7257.5,Payée
FAC-2026-2087,MISS-12562,CLI-146,AG-11,2025-01-30,2025-03-16,30,4299.94,859.99,Payée
FAC-2026-2088,MISS-11712,CLI-165,AG-06,2025-10-28,2025-12-12,30,44077.9,8815.58,Payée
FAC-2026-2089,MISS-10561,CLI-158,AG-17,2024-10-06,2024-11-20,30,2147.58,429.52,Payée
FAC-2026-2090,MISS-10181,CLI-173,AG-19,2026-05-30,2026-07-14,60,2237.24,447.45,Payée
FAC-2026-2091,MISS-10933,CLI-137,AG-19,2025-10-30,2025-12-14,60,2765.45,553.09,Payée
FAC-2026-2092,MISS-12643,CLI-145,AG-11,2025-11-08,2025-12-23,45,3343.62,668.72,Payée
FAC-2026-2093,MISS-11395,CLI-160,AG-02,2025-11-04,2025-12-19,60,36804.52,7360.9,Payée
FAC-2026-2094,MISS-12917,CLI-152,AG-11,2026-08-08,2026-09-22,45,25872.78,5174.56,En cours
FAC-2026-2095,MISS-13489,CLI-150,AG-11,2024-02-07,2024-03-23,60,5040.48,1008.1,En retard (Litige)
FAC-2026-2096,MISS-11404,CLI-178,AG-22,2026-05-30,2026-07-14,45,7298.48,1459.7,En cours
FAC-2026-2097,MISS-10237,CLI-162,AG-08,2026-06-14,2026-07-29,45,4622.38,924.48,Payée
FAC-2026-2098,MISS-12809,CLI-117,AG-10,2026-05-05,2026-06-19,30,9807.33,1961.46,Payée
FAC-2026-2099,MISS-10800,CLI-105,AG-19,2026-02-17,2026-04-03,45,28637.04,5727.41,Payée
FAC-2026-2100,MISS-10112,CLI-146,AG-22,2025-03-13,2025-04-27,60,19654.08,3930.82,Payée
FAC-2026-2101,MISS-11729,CLI-159,AG-17,2024-04-10,2024-05-25,30,8339.25,1667.85,En retard (Litige)
FAC-2026-2102,MISS-11016,CLI-115,AG-04,2026-06-14,2026-07-29,45,5224.92,1044.98,Payée
FAC-2026-2103,MISS-13076,CLI-171,AG-17,2024-05-25,2024-07-09,30,28472.0,5694.4,Payée
FAC-2026-2104,MISS-10448,CLI-175,AG-16,2025-02-27,2025-04-13,30,20143.46,4028.69,Payée
FAC-2026-2105,MISS-11473,CLI-163,AG-10,2025-06-21,2025-08-05,30,3622.48,724.5,Payée
FAC-2026-2106,MISS-10921,CLI-148,AG-10,2025-06-05,2025-07-20,30,5405.84,1081.17,Payée
FAC-2026-2107,MISS-12703,CLI-161,AG-11,2025-06-15,2025-07-30,45,4838.94,967.79,Payée
FAC-2026-2108,MISS-11643,CLI-123,AG-12,2024-09-25,2024-11-09,90,51384.34,10276.87,Payée
FAC-2026-2109,MISS-13067,CLI-154,AG-07,2025-05-10,2025-06-24,45,14491.04,2898.21,Payée
FAC-2026-2110,MISS-10077,CLI-178,AG-12,2025-04-15,2025-05-30,30,1829.68,365.94,En cours
FAC-2026-2111,MISS-11466,CLI-126,AG-02,2025-01-07,2025-02-21,90,6387.46,1277.49,En cours
FAC-2026-2112,MISS-11625,CLI-118,AG-03,2024-05-05,2024-06-19,30,1126.6,225.32,Payée
FAC-2026-2113,MISS-10970,CLI-107,AG-05,2024-07-17,2024-08-31,30,3010.42,602.08,Payée
FAC-2026-2114,MISS-12918,CLI-116,AG-04,2026-04-23,2026-06-07,30,79424.95,15884.99,Payée
FAC-2026-2115,MISS-11619,CLI-177,AG-17,2024-03-15,2024-04-29,45,30278.82,6055.76,Payée
FAC-2026-2116,MISS-10506,CLI-176,AG-15,2025-02-08,2025-03-25,45,18310.6,3662.12,Payée
FAC-2026-2117,MISS-12683,CLI-164,AG-13,2024-04-07,2024-05-22,30,1692.12,338.42,Payée
FAC-2026-2118,MISS-12171,CLI-168,AG-03,2024-09-26,2024-11-10,30,13194.47,2638.89,Payée
FAC-2026-2119,MISS-11183,CLI-139,AG-13,2024-07-04,2024-08-18,45,36519.96,7303.99,Payée
FAC-2026-2120,MISS-10017,CLI-177,AG-05,2026-01-25,2026-03-11,30,10278.1,2055.62,Payée
FAC-2026-2121,MISS-10405,CLI-113,AG-09,2026-08-22,2026-10-06,30,21943.01,4388.6,Payée
FAC-2026-2122,MISS-11254,CLI-139,AG-12,2025-04-07,2025-05-22,30,2869.22,573.84,Payée
FAC-2026-2123,MISS-11032,CLI-128,AG-13,2026-04-28,2026-06-12,30,1723.8,344.76,Payée
FAC-2026-2124,MISS-11862,CLI-136,AG-19,2024-07-26,2024-09-09,30,9346.22,1869.24,Payée
FAC-2026-2125,MISS-11864,CLI-118,AG-07,2025-11-23,2026-01-07,45,3138.68,627.74,Payée
FAC-2026-2126,MISS-12455,CLI-156,AG-09,2026-02-12,2026-03-29,90,8176.98,1635.4,En retard (Litige)
FAC-2026-2127,MISS-10675,CLI-121,AG-03,2024-09-19,2024-11-03,60,5873.36,1174.67,Payée
FAC-2026-2128,MISS-13166,CLI-140,AG-05,2024-04-14,2024-05-29,45,5107.59,1021.52,Payée
FAC-2026-2129,MISS-12253,CLI-109,AG-02,2025-01-23,2025-03-09,90,1344.64,268.93,Payée
FAC-2026-2130,MISS-10908,CLI-170,AG-05,2024-05-07,2024-06-21,45,51203.64,10240.73,Payée
FAC-2026-2131,MISS-12290,CLI-112,AG-17,2025-09-14,2025-10-29,60,3310.21,662.04,Payée
FAC-2026-2132,MISS-13470,CLI-171,AG-20,2024-07-12,2024-08-26,30,19946.29,3989.26,Payée
FAC-2026-2133,MISS-10935,CLI-150,AG-18,2025-05-01,2025-06-15,30,83332.84,16666.57,Payée
FAC-2026-2134,MISS-11520,CLI-160,AG-20,2025-08-06,2025-09-20,30,88694.14,17738.83,En cours
FAC-2026-2135,MISS-10324,CLI-130,AG-02,2026-01-20,2026-03-06,30,7342.38,1468.48,Payée
FAC-2026-2136,MISS-13434,CLI-166,AG-06,2025-04-16,2025-05-31,30,15858.0,3171.6,Payée
FAC-2026-2137,MISS-13321,CLI-166,AG-21,2026-06-23,2026-08-07,45,72671.74,14534.35,Payée
FAC-2026-2138,MISS-10684,CLI-102,AG-21,2025-03-07,2025-04-21,30,3408.44,681.69,Payée
FAC-2026-2139,MISS-12767,CLI-129,AG-10,2026-01-09,2026-02-23,45,13577.9,2715.58,Payée
FAC-2026-2140,MISS-12754,CLI-109,AG-20,2024-12-05,2025-01-19,30,13213.18,2642.64,Payée
FAC-2026-2141,MISS-10140,CLI-170,AG-19,2025-08-20,2025-10-04,30,2200.14,440.03,Payée
FAC-2026-2142,MISS-12718,CLI-138,AG-09,2024-04-15,2024-05-30,30,4613.36,922.67,En cours
FAC-2026-2143,MISS-12978,CLI-172,AG-22,2026-03-04,2026-04-18,45,14372.18,2874.44,Payée
FAC-2026-2144,MISS-13465,CLI-140,AG-07,2026-06-20,2026-08-04,30,1940.84,388.17,Payée
FAC-2026-2145,MISS-12205,CLI-160,AG-21,2024-06-29,2024-08-13,30,9649.5,1929.9,Payée
FAC-2026-2146,MISS-10218,CLI-141,AG-11,2025-02-02,2025-03-19,45,49537.05,9907.41,En cours
FAC-2026-2147,MISS-12871,CLI-139,AG-01,2026-03-12,2026-04-26,30,6113.19,1222.64,Payée
FAC-2026-2148,MISS-10458,CLI-177,AG-16,2026-07-18,2026-09-01,30,81652.0,16330.4,Payée
FAC-2026-2149,MISS-11835,CLI-127,AG-19,2024-07-30,2024-09-13,30,13718.1,2743.62,Payée
FAC-2026-2150,MISS-12946,CLI-173,AG-13,2026-04-20,2026-06-04,30,2340.55,468.11,Payée
FAC-2026-2151,MISS-10362,CLI-176,AG-10,2024-12-26,2025-02-09,30,15860.77,3172.15,En cours
FAC-2026-2152,MISS-12794,CLI-138,AG-22,2024-11-16,2024-12-31,30,38887.49,7777.5,En cours
FAC-2026-2153,MISS-12143,CLI-170,AG-03,2024-09-23,2024-11-07,30,2283.7,456.74,En retard (Litige)
FAC-2026-2154,MISS-11259,CLI-173,AG-12,2024-02-08,2024-03-24,60,33137.86,6627.57,Payée
FAC-2026-2155,MISS-12955,CLI-113,AG-19,2026-02-22,2026-04-08,45,60981.75,12196.35,Payée
FAC-2026-2156,MISS-12201,CLI-132,AG-21,2024-08-31,2024-10-15,30,34915.92,6983.18,En cours
FAC-2026-2157,MISS-13454,CLI-137,AG-03,2024-07-24,2024-09-07,30,1138.46,227.69,Payée
FAC-2026-2158,MISS-11502,CLI-123,AG-18,2024-06-03,2024-07-18,30,45486.06,9097.21,Payée
FAC-2026-2159,MISS-12052,CLI-163,AG-15,2025-02-10,2025-03-27,45,2173.99,434.8,Payée
FAC-2026-2160,MISS-11147,CLI-132,AG-20,2024-04-30,2024-06-14,30,40574.84,8114.97,Payée
FAC-2026-2161,MISS-10649,CLI-147,AG-03,2026-03-30,2026-05-14,45,22772.62,4554.52,Payée
FAC-2026-2162,MISS-12655,CLI-141,AG-16,2025-03-05,2025-04-19,45,7406.62,1481.32,Payée
FAC-2026-2163,MISS-10929,CLI-142,AG-11,2026-07-04,2026-08-18,60,1959.88,391.98,Payée
FAC-2026-2164,MISS-10869,CLI-130,AG-07,2024-12-08,2025-01-22,30,1388.17,277.63,Payée
FAC-2026-2165,MISS-12182,CLI-129,AG-17,2025-09-28,2025-11-12,30,2449.13,489.83,Payée
FAC-2026-2166,MISS-12019,CLI-178,AG-05,2024-08-02,2024-09-16,30,10610.46,2122.09,Payée
FAC-2026-2167,MISS-13437,CLI-176,AG-01,2025-06-17,2025-08-01,45,20477.82,4095.56,Payée
FAC-2026-2168,MISS-11745,CLI-140,AG-18,2026-01-14,2026-02-28,30,29115.9,5823.18,Payée
FAC-2026-2169,MISS-11956,CLI-172,AG-02,2024-09-21,2024-11-05,45,6151.73,1230.35,En cours
FAC-2026-2170,MISS-13489,CLI-150,AG-11,2024-02-07,2024-03-23,30,5040.48,1008.1,Payée
FAC-2026-2171,MISS-10892,CLI-109,AG-06,2026-07-23,2026-09-06,45,38193.16,7638.63,Payée
FAC-2026-2172,MISS-11679,CLI-169,AG-03,2026-05-24,2026-07-08,45,9952.99,1990.6,Payée
FAC-2026-2173,MISS-13428,CLI-152,AG-17,2024-02-02,2024-03-18,120,27769.6,5553.92,Payée
FAC-2026-2174,MISS-12651,CLI-176,AG-14,2025-12-17,2026-01-31,45,47398.82,9479.76,En cours
FAC-2026-2175,MISS-10794,CLI-114,AG-21,2025-10-29,2025-12-13,120,22028.17,4405.63,Payée
FAC-2026-2176,MISS-12496,CLI-164,AG-13,2026-05-12,2026-06-26,90,28149.5,5629.9,En cours
FAC-2026-2177,MISS-12686,CLI-106,AG-06,2024-11-21,2025-01-05,45,8398.6,1679.72,Payée
FAC-2026-2178,MISS-11939,CLI-107,AG-05,2025-08-25,2025-10-09,30,11825.14,2365.03,En cours
FAC-2026-2179,MISS-13042,CLI-117,AG-16,2025-10-17,2025-12-01,30,23786.85,4757.37,Payée
FAC-2026-2180,MISS-11540,CLI-172,AG-01,2026-01-20,2026-03-06,30,26233.72,5246.74,Payée
FAC-2026-2181,MISS-12077,CLI-145,AG-10,2024-11-19,2025-01-03,30,9661.66,1932.33,Payée
FAC-2026-2182,MISS-11295,CLI-161,AG-06,2026-06-27,2026-08-11,30,24582.72,4916.54,En retard (Litige)
FAC-2026-2183,MISS-12034,CLI-109,AG-14,2026-02-08,2026-03-25,30,74148.58,14829.72,Payée
FAC-2026-2184,MISS-10183,CLI-156,AG-02,2025-05-11,2025-06-25,45,7734.06,1546.81,Payée
FAC-2026-2185,MISS-12999,CLI-137,AG-06,2024-03-06,2024-04-20,45,1453.71,290.74,En cours
FAC-2026-2186,MISS-13292,CLI-154,AG-22,2025-09-13,2025-10-28,30,28797.26,5759.45,Payée
FAC-2026-2187,MISS-10376,CLI-108,AG-09,2025-04-07,2025-05-22,30,3965.86,793.17,En retard (Litige)
FAC-2026-2188,MISS-10721,CLI-177,AG-06,2025-01-03,2025-02-17,45,52311.17,10462.23,Payée
FAC-2026-2189,MISS-11004,CLI-141,AG-07,2026-08-02,2026-09-16,30,2398.58,479.72,Payée
FAC-2026-2190,MISS-11253,CLI-128,AG-06,2024-04-30,2024-06-14,120,4019.9,803.98,En cours
FAC-2026-2191,MISS-12026,CLI-109,AG-10,2024-06-09,2024-07-24,45,4090.06,818.01,Payée
FAC-2026-2192,MISS-13283,CLI-141,AG-05,2026-08-22,2026-10-06,45,28005.6,5601.12,Payée
FAC-2026-2193,MISS-11632,CLI-133,AG-03,2024-05-11,2024-06-25,30,85418.2,17083.64,Payée
FAC-2026-2194,MISS-13271,CLI-157,AG-13,2026-01-02,2026-02-16,90,1664.94,332.99,Payée
FAC-2026-2195,MISS-11504,CLI-112,AG-18,2024-10-07,2024-11-21,45,1169.03,233.81,En retard (Litige)
FAC-2026-2196,MISS-10186,CLI-123,AG-09,2024-08-05,2024-09-19,45,2468.0,493.6,Payée
FAC-2026-2197,MISS-11348,CLI-179,AG-16,2024-08-06,2024-09-20,45,7678.85,1535.77,Payée
FAC-2026-2198,MISS-12050,CLI-123,AG-20,2026-01-01,2026-02-15,30,1434.02,286.8,Payée
FAC-2026-2199,MISS-10200,CLI-126,AG-01,2024-09-18,2024-11-02,60,9293.2,1858.64,Payée
FAC-2026-2200,MISS-11155,CLI-153,AG-18,2026-07-09,2026-08-23,45,7095.38,1419.08,Payée
FAC-2026-2201,MISS-11984,CLI-155,AG-09,2025-10-17,2025-12-01,60,4132.16,826.43,Payée
FAC-2026-2202,MISS-10393,CLI-117,AG-02,2026-02-24,2026-04-10,60,6842.72,1368.54,Payée
FAC-2026-2203,MISS-12262,CLI-134,AG-01,2026-03-16,2026-04-30,30,13530.72,2706.14,En cours
FAC-2026-2204,MISS-11599,CLI-105,AG-12,2026-04-24,2026-06-08,30,35977.5,7195.5,En cours
FAC-2026-2205,MISS-10443,CLI-166,AG-04,2025-05-31,2025-07-15,30,77159.02,15431.8,Payée
FAC-2026-2206,MISS-12109,CLI-157,AG-06,2026-08-18,2026-10-02,30,7060.04,1412.01,En cours
FAC-2026-2207,MISS-11430,CLI-106,AG-04,2024-10-16,2024-11-30,30,9598.79,1919.76,Payée
FAC-2026-2208,MISS-12058,CLI-153,AG-21,2024-07-15,2024-08-29,30,8975.18,1795.04,Payée
FAC-2026-2209,MISS-11606,CLI-174,AG-07,2025-01-12,2025-02-26,30,3132.32,626.46,Payée
FAC-2026-2210,MISS-10528,CLI-158,AG-08,2025-05-15,2025-06-29,30,3801.72,760.34,Payée
FAC-2026-2211,MISS-13490,CLI-179,AG-03,2025-02-12,2025-03-29,30,41683.8,8336.76,Payée
FAC-2026-2212,MISS-12013,CLI-162,AG-09,2025-03-20,2025-05-04,30,45082.25,9016.45,En cours
FAC-2026-2213,MISS-11035,CLI-165,AG-02,2024-10-14,2024-11-28,30,43148.68,8629.74,Payée
FAC-2026-2214,MISS-12027,CLI-154,AG-07,2024-06-09,2024-07-24,60,24116.9,4823.38,Payée
FAC-2026-2215,MISS-11930,CLI-103,AG-01,2025-11-14,2025-12-29,30,56994.6,11398.92,Payée
FAC-2026-2216,MISS-12045,CLI-142,AG-02,2026-03-25,2026-05-09,45,19738.14,3947.63,En cours
FAC-2026-2217,MISS-13230,CLI-161,AG-10,2025-01-14,2025-02-28,45,3210.99,642.2,Payée
FAC-2026-2218,MISS-13431,CLI-108,AG-15,2024-01-31,2024-03-16,30,16867.54,3373.51,Payée
FAC-2026-2219,MISS-12025,CLI-150,AG-08,2024-02-08,2024-03-24,45,1559.74,311.95,Payée
FAC-2026-2220,MISS-11134,CLI-114,AG-06,2026-06-22,2026-08-06,30,30152.12,6030.42,En cours
FAC-2026-2221,MISS-11755,CLI-143,AG-14,2026-03-21,2026-05-05,30,14364.31,2872.86,Payée
FAC-2026-2222,MISS-10970,CLI-107,AG-05,2024-07-17,2024-08-31,60,3010.42,602.08,Payée
FAC-2026-2223,MISS-12031,CLI-171,AG-07,2024-05-11,2024-06-25,30,32283.1,6456.62,Payée
FAC-2026-2224,MISS-10467,CLI-162,AG-02,2024-05-05,2024-06-19,45,2573.56,514.71,En cours
FAC-2026-2225,MISS-12131,CLI-136,AG-04,2025-05-04,2025-06-18,45,4488.87,897.77,En cours
FAC-2026-2226,MISS-12570,CLI-141,AG-17,2024-03-20,2024-05-04,30,1164.26,232.85,En retard (Litige)
FAC-2026-2227,MISS-10413,CLI-159,AG-18,2026-03-10,2026-04-24,30,8336.17,1667.24,Payée
FAC-2026-2228,MISS-11138,CLI-143,AG-20,2026-01-03,2026-02-17,30,55478.97,11095.79,Payée
FAC-2026-2229,MISS-10398,CLI-116,AG-04,2024-12-16,2025-01-30,30,6320.9,1264.18,En cours
FAC-2026-2230,MISS-12153,CLI-159,AG-13,2024-09-06,2024-10-21,30,2102.59,420.52,Payée
FAC-2026-2231,MISS-12138,CLI-165,AG-13,2025-10-23,2025-12-07,30,1729.78,345.96,Payée
FAC-2026-2232,MISS-13420,CLI-177,AG-20,2024-02-10,2024-03-26,60,58836.24,11767.25,Payée
FAC-2026-2233,MISS-10090,CLI-165,AG-03,2026-09-02,2026-10-17,30,8784.3,1756.86,Payée
FAC-2026-2234,MISS-13339,CLI-112,AG-07,2024-07-21,2024-09-04,30,6460.0,1292.0,Payée
FAC-2026-2235,MISS-11707,CLI-126,AG-16,2025-08-28,2025-10-12,45,4619.44,923.89,Payée
FAC-2026-2236,MISS-13183,CLI-135,AG-03,2024-07-03,2024-08-17,30,21361.32,4272.26,Payée
FAC-2026-2237,MISS-12203,CLI-114,AG-07,2026-04-18,2026-06-02,30,4495.76,899.15,Payée
FAC-2026-2238,MISS-11347,CLI-112,AG-11,2025-07-16,2025-08-30,45,3662.0,732.4,Payée
FAC-2026-2239,MISS-12308,CLI-170,AG-18,2025-03-07,2025-04-21,30,1932.0,386.4,Payée
FAC-2026-2240,MISS-10209,CLI-126,AG-06,2026-04-30,2026-06-14,30,7370.38,1474.08,Payée
FAC-2026-2241,MISS-12616,CLI-133,AG-09,2025-07-22,2025-09-05,30,43296.44,8659.29,Payée
FAC-2026-2242,MISS-11653,CLI-123,AG-01,2024-08-18,2024-10-02,90,15508.99,3101.8,Payée
FAC-2026-2243,MISS-13182,CLI-151,AG-02,2026-06-20,2026-08-04,45,27784.74,5556.95,Payée
FAC-2026-2244,MISS-10681,CLI-167,AG-01,2025-12-13,2026-01-27,30,88179.72,17635.94,Payée
FAC-2026-2245,MISS-10811,CLI-112,AG-03,2025-03-21,2025-05-05,45,16215.19,3243.04,En cours
FAC-2026-2246,MISS-11632,CLI-133,AG-03,2024-05-11,2024-06-25,30,85418.2,17083.64,Payée
FAC-2026-2247,MISS-12806,CLI-173,AG-08,2026-08-22,2026-10-06,45,13435.52,2687.1,Payée
FAC-2026-2248,MISS-10067,CLI-160,AG-10,2025-04-29,2025-06-13,90,35245.83,7049.17,Payée
FAC-2026-2249,MISS-12596,CLI-118,AG-01,2024-10-06,2024-11-20,30,6653.63,1330.73,Payée
FAC-2026-2250,MISS-11100,CLI-146,AG-11,2025-08-04,2025-09-18,30,57863.88,11572.78,Payée
FAC-2026-2251,MISS-10666,CLI-115,AG-18,2025-08-17,2025-10-01,45,6741.4,1348.28,En retard (Litige)
FAC-2026-2252,MISS-12717,CLI-126,AG-16,2024-10-05,2024-11-19,45,4028.07,805.61,En cours
FAC-2026-2253,MISS-10619,CLI-157,AG-08,2025-03-26,2025-05-10,45,4865.2,973.04,Payée
FAC-2026-2254,MISS-12619,CLI-155,AG-16,2024-12-02,2025-01-16,30,22500.92,4500.18,En cours
FAC-2026-2255,MISS-10346,CLI-120,AG-11,2026-04-19,2026-06-03,45,2230.8,446.16,Payée
FAC-2026-2256,MISS-13407,CLI-172,AG-10,2024-05-10,2024-06-24,120,1467.68,293.54,Payée
FAC-2026-2257,MISS-10381,CLI-170,AG-06,2025-04-03,2025-05-18,60,18262.89,3652.58,Payée
FAC-2026-2258,MISS-13125,CLI-142,AG-01,2024-09-30,2024-11-14,60,8753.92,1750.78,En cours
FAC-2026-2259,MISS-12276,CLI-100,AG-14,2024-11-16,2024-12-31,45,80107.29,16021.46,Payée
FAC-2026-2260,MISS-10354,CLI-112,AG-22,2026-07-28,2026-09-11,45,5274.78,1054.96,Payée
FAC-2026-2261,MISS-11503,CLI-128,AG-06,2026-09-04,2026-10-19,30,23048.11,4609.62,Payée
FAC-2026-2262,MISS-12470,CLI-145,AG-06,2025-04-16,2025-05-31,30,2370.43,474.08,Payée
FAC-2026-2263,MISS-12920,CLI-126,AG-10,2024-02-25,2024-04-10,30,79494.2,15898.84,En cours
FAC-2026-2264,MISS-10992,CLI-111,AG-17,2025-07-08,2025-08-22,90,2825.42,565.08,Payée
FAC-2026-2265,MISS-11190,CLI-122,AG-13,2024-02-27,2024-04-12,45,20662.3,4132.46,Payée
FAC-2026-2266,MISS-12537,CLI-137,AG-12,2024-08-09,2024-09-23,90,4039.56,807.91,Payée
FAC-2026-2267,MISS-11800,CLI-143,AG-16,2026-08-14,2026-09-28,45,4344.31,868.86,Payée
FAC-2026-2268,MISS-12631,CLI-156,AG-05,2025-01-28,2025-03-14,45,12239.17,2447.83,Payée
FAC-2026-2269,MISS-12000,CLI-100,AG-15,2025-09-19,2025-11-03,30,63078.36,12615.67,Payée
FAC-2026-2270,MISS-12521,CLI-105,AG-10,2025-04-20,2025-06-04,45,16483.0,3296.6,Payée
FAC-2026-2271,MISS-13128,CLI-128,AG-04,2025-03-08,2025-04-22,45,2622.63,524.53,En retard (Litige)
FAC-2026-2272,MISS-10974,CLI-150,AG-01,2025-04-17,2025-06-01,60,2146.43,429.29,Payée
FAC-2026-2273,MISS-11315,CLI-145,AG-20,2024-03-10,2024-04-24,90,3840.68,768.14,Payée
FAC-2026-2274,MISS-12941,CLI-146,AG-08,2025-12-10,2026-01-24,90,7070.94,1414.19,En retard (Litige)
FAC-2026-2275,MISS-12843,CLI-170,AG-04,2024-09-17,2024-11-01,30,2853.64,570.73,Payée
FAC-2026-2276,MISS-13174,CLI-153,AG-19,2026-05-28,2026-07-12,30,30074.58,6014.92,Payée
FAC-2026-2277,MISS-12972,CLI-118,AG-21,2024-07-04,2024-08-18,30,9679.91,1935.98,Payée
FAC-2026-2278,MISS-12588,CLI-131,AG-22,2025-11-15,2025-12-30,45,23717.0,4743.4,En cours
FAC-2026-2279,MISS-10859,CLI-171,AG-22,2025-07-19,2025-09-02,60,2470.14,494.03,Payée
FAC-2026-2280,MISS-10244,CLI-127,AG-06,2024-11-17,2025-01-01,30,78973.26,15794.65,Payée
FAC-2026-2281,MISS-12901,CLI-154,AG-14,2025-09-24,2025-11-08,60,6558.0,1311.6,Payée
FAC-2026-2282,MISS-13261,CLI-100,AG-21,2024-06-24,2024-08-08,45,41117.92,8223.58,Payée
FAC-2026-2283,MISS-12173,CLI-130,AG-13,2024-10-14,2024-11-28,30,28020.52,5604.1,Payée
FAC-2026-2284,MISS-12691,CLI-141,AG-04,2026-06-25,2026-08-09,45,4210.44,842.09,En cours
FAC-2026-2285,MISS-11257,CLI-106,AG-05,2026-01-12,2026-02-26,30,4283.23,856.65,Payée
FAC-2026-2286,MISS-10467,CLI-162,AG-02,2024-05-05,2024-06-19,45,2573.56,514.71,Payée
FAC-2026-2287,MISS-10406,CLI-179,AG-18,2026-01-13,2026-02-27,90,3742.16,748.43,En cours
FAC-2026-2288,MISS-12831,CLI-138,AG-02,2025-03-19,2025-05-03,30,2680.23,536.05,Payée
FAC-2026-2289,MISS-13447,CLI-152,AG-05,2025-02-13,2025-03-30,45,90936.5,18187.3,En cours
FAC-2026-2290,MISS-11886,CLI-119,AG-04,2026-08-23,2026-10-07,30,8541.56,1708.31,Payée
FAC-2026-2291,MISS-11418,CLI-152,AG-01,2025-05-03,2025-06-17,45,9579.3,1915.86,Payée
FAC-2026-2292,MISS-12828,CLI-142,AG-04,2024-08-23,2024-10-07,45,5452.73,1090.55,Payée
FAC-2026-2293,MISS-10792,CLI-149,AG-06,2024-04-19,2024-06-03,45,7289.19,1457.84,Payée
FAC-2026-2294,MISS-11209,CLI-156,AG-11,2025-06-07,2025-07-22,30,83796.12,16759.23,Payée
FAC-2026-2295,MISS-11482,CLI-173,AG-17,2025-08-09,2025-09-23,60,1152.31,230.46,Payée
FAC-2026-2296,MISS-10599,CLI-126,AG-10,2026-04-30,2026-06-14,30,30180.06,6036.01,Payée
FAC-2026-2297,MISS-10212,CLI-129,AG-09,2026-03-09,2026-04-23,45,6046.45,1209.29,Payée
FAC-2026-2298,MISS-12306,CLI-113,AG-14,2024-08-16,2024-09-30,30,35322.79,7064.56,Payée
FAC-2026-2299,MISS-13367,CLI-121,AG-22,2024-08-22,2024-10-06,30,2045.22,409.04,Payée
FAC-2026-2300,MISS-11452,CLI-154,AG-22,2025-12-14,2026-01-28,30,2420.06,484.01,Payée
FAC-2026-2301,MISS-13225,CLI-177,AG-20,2024-10-11,2024-11-25,90,2291.04,458.21,Payée
FAC-2026-2302,MISS-13293,CLI-148,AG-15,2026-03-17,2026-05-01,30,5140.14,1028.03,Payée
FAC-2026-2303,MISS-12073,CLI-170,AG-22,2025-06-25,2025-08-09,30,6130.36,1226.07,En retard (Litige)
FAC-2026-2304,MISS-12061,CLI-172,AG-16,2026-05-25,2026-07-09,45,2567.04,513.41,Payée
FAC-2026-2305,MISS-11337,CLI-156,AG-14,2024-07-21,2024-09-04,30,9025.87,1805.17,Payée
FAC-2026-2306,MISS-10906,CLI-128,AG-06,2025-10-02,2025-11-16,45,78605.63,15721.13,Payée
FAC-2026-2307,MISS-12495,CLI-153,AG-09,2024-02-03,2024-03-19,30,32234.1,6446.82,Payée
FAC-2026-2308,MISS-13338,CLI-135,AG-02,2025-01-18,2025-03-04,30,41853.72,8370.74,Payée
FAC-2026-2309,MISS-10218,CLI-141,AG-11,2025-02-02,2025-03-19,45,49537.05,9907.41,Payée
FAC-2026-2310,MISS-11745,CLI-140,AG-18,2026-01-14,2026-02-28,45,29115.9,5823.18,Payée
FAC-2026-2311,MISS-10433,CLI-169,AG-12,2025-03-17,2025-05-01,30,87192.46,17438.49,Payée
FAC-2026-2312,MISS-11448,CLI-113,AG-02,2025-01-15,2025-03-01,60,1691.26,338.25,Payée
FAC-2026-2313,MISS-11790,CLI-132,AG-03,2025-06-23,2025-08-07,30,1631.22,326.24,Payée
FAC-2026-2314,MISS-11025,CLI-156,AG-19,2024-03-22,2024-05-06,30,78416.8,15683.36,En cours
FAC-2026-2315,MISS-12249,CLI-109,AG-13,2025-01-20,2025-03-06,45,4718.65,943.73,En cours
FAC-2026-2316,MISS-13084,CLI-132,AG-02,2025-03-17,2025-05-01,90,1661.35,332.27,Payée
FAC-2026-2317,MISS-10673,CLI-143,AG-05,2024-12-22,2025-02-05,45,6344.25,1268.85,Payée
FAC-2026-2318,MISS-12535,CLI-154,AG-06,2024-04-06,2024-05-21,30,3554.32,710.86,Payée
FAC-2026-2319,MISS-13276,CLI-169,AG-13,2026-04-10,2026-05-25,30,2366.54,473.31,Payée
FAC-2026-2320,MISS-12604,CLI-177,AG-22,2025-04-15,2025-05-30,90,27070.82,5414.16,Payée
FAC-2026-2321,MISS-12773,CLI-124,AG-07,2025-05-12,2025-06-26,30,23930.28,4786.06,Payée
FAC-2026-2322,MISS-12953,CLI-133,AG-08,2026-07-21,2026-09-04,45,3351.81,670.36,Payée
FAC-2026-2323,MISS-13382,CLI-103,AG-05,2024-04-21,2024-06-05,30,67059.12,13411.82,Payée
FAC-2026-2324,MISS-11839,CLI-110,AG-01,2024-12-15,2025-01-29,60,19783.79,3956.76,Payée
FAC-2026-2325,MISS-11983,CLI-143,AG-16,2025-10-15,2025-11-29,45,6042.8,1208.56,Payée
FAC-2026-2326,MISS-10514,CLI-121,AG-03,2025-05-05,2025-06-19,45,22833.8,4566.76,Payée
FAC-2026-2327,MISS-12728,CLI-168,AG-12,2025-07-25,2025-09-08,60,60454.86,12090.97,Payée
FAC-2026-2328,MISS-11981,CLI-175,AG-18,2025-11-01,2025-12-16,30,4725.73,945.15,Payée
FAC-2026-2329,MISS-12546,CLI-148,AG-14,2025-11-09,2025-12-24,45,55344.0,11068.8,En cours
FAC-2026-2330,MISS-13319,CLI-175,AG-13,2025-09-22,2025-11-06,45,7639.0,1527.8,Payée
FAC-2026-2331,MISS-12076,CLI-122,AG-14,2026-01-27,2026-03-13,30,5899.59,1179.92,Payée
FAC-2026-2332,MISS-13157,CLI-101,AG-19,2026-03-28,2026-05-12,45,1534.55,306.91,Payée
FAC-2026-2333,MISS-13424,CLI-136,AG-10,2024-09-19,2024-11-03,45,23304.56,4660.91,Payée
FAC-2026-2334,MISS-12494,CLI-117,AG-07,2024-10-03,2024-11-17,90,5033.94,1006.79,Payée
FAC-2026-2335,MISS-13051,CLI-128,AG-10,2025-07-22,2025-09-05,30,1975.18,395.04,Payée
FAC-2026-2336,MISS-11036,CLI-138,AG-08,2026-04-01,2026-05-16,45,4089.7,817.94,Payée
FAC-2026-2337,MISS-12517,CLI-141,AG-10,2025-12-11,2026-01-25,30,2269.83,453.97,Payée
FAC-2026-2338,MISS-11325,CLI-172,AG-08,2024-10-21,2024-12-05,45,76912.94,15382.59,Payée
FAC-2026-2339,MISS-12204,CLI-112,AG-18,2025-02-12,2025-03-29,30,2078.18,415.64,Payée
FAC-2026-2340,MISS-11888,CLI-176,AG-14,2025-10-12,2025-11-26,60,14428.14,2885.63,Payée
FAC-2026-2341,MISS-11033,CLI-154,AG-07,2026-07-10,2026-08-24,45,38977.81,7795.56,Payée
FAC-2026-2342,MISS-11583,CLI-106,AG-10,2026-06-11,2026-07-26,45,2343.5,468.7,Payée
FAC-2026-2343,MISS-11492,CLI-141,AG-22,2026-05-14,2026-06-28,45,47975.1,9595.02,En cours
FAC-2026-2344,MISS-10963,CLI-155,AG-13,2025-02-18,2025-04-04,30,3580.44,716.09,Payée
FAC-2026-2345,MISS-10510,CLI-167,AG-14,2025-11-28,2026-01-12,30,2029.9,405.98,Payée
FAC-2026-2346,MISS-12739,CLI-121,AG-15,2024-09-29,2024-11-13,30,8451.94,1690.39,Payée
FAC-2026-2347,MISS-13077,CLI-104,AG-19,2025-01-17,2025-03-03,90,8965.04,1793.01,En cours
FAC-2026-2348,MISS-11254,CLI-139,AG-12,2025-04-07,2025-05-22,45,2869.22,573.84,Payée
FAC-2026-2349,MISS-10692,CLI-153,AG-17,2026-01-28,2026-03-14,45,10154.17,2030.84,Payée
FAC-2026-2350,MISS-12161,CLI-151,AG-11,2024-07-02,2024-08-16,45,90141.81,18028.36,En cours
FAC-2026-2351,MISS-11406,CLI-128,AG-11,2024-09-11,2024-10-26,90,23128.95,4625.79,Payée
FAC-2026-2352,MISS-12166,CLI-108,AG-20,2025-09-24,2025-11-08,60,2209.3,441.86,Payée
FAC-2026-2353,MISS-11508,CLI-115,AG-04,2026-08-10,2026-09-24,30,23512.1,4702.42,Payée
FAC-2026-2354,MISS-13101,CLI-109,AG-07,2025-09-08,2025-10-23,45,2176.7,435.34,Payée
FAC-2026-2355,MISS-12586,CLI-162,AG-01,2025-11-22,2026-01-06,30,3835.02,767.0,Payée
FAC-2026-2356,MISS-13486,CLI-164,AG-16,2026-05-15,2026-06-29,45,4677.15,935.43,Payée
FAC-2026-2357,MISS-13069,CLI-154,AG-03,2025-11-28,2026-01-12,45,8094.2,1618.84,Payée
FAC-2026-2358,MISS-10799,CLI-140,AG-13,2026-07-19,2026-09-02,30,4222.5,844.5,Payée
FAC-2026-2359,MISS-11647,CLI-133,AG-13,2026-06-23,2026-08-07,45,3654.96,730.99,Payée
FAC-2026-2360,MISS-11903,CLI-149,AG-14,2025-08-04,2025-09-18,120,1700.38,340.08,Payée
FAC-2026-2361,MISS-11400,CLI-128,AG-10,2025-09-22,2025-11-06,45,2433.52,486.7,En cours
FAC-2026-2362,MISS-12081,CLI-131,AG-14,2025-06-16,2025-07-31,30,4953.66,990.73,Payée
FAC-2026-2363,MISS-12606,CLI-162,AG-22,2026-01-29,2026-03-15,30,41925.71,8385.14,Payée
FAC-2026-2364,MISS-10205,CLI-119,AG-15,2024-11-19,2025-01-03,30,9302.5,1860.5,Payée
FAC-2026-2365,MISS-13042,CLI-117,AG-16,2025-10-17,2025-12-01,45,23786.85,4757.37,Payée
FAC-2026-2366,MISS-10534,CLI-117,AG-13,2025-05-27,2025-07-11,30,8806.86,1761.37,Payée
FAC-2026-2367,MISS-11411,CLI-124,AG-01,2025-11-29,2026-01-13,30,12339.08,2467.82,Payée
FAC-2026-2368,MISS-12997,CLI-122,AG-05,2024-03-31,2024-05-15,60,71231.08,14246.22,Payée
FAC-2026-2369,MISS-13227,CLI-156,AG-02,2025-01-05,2025-02-19,45,19015.61,3803.12,En cours
FAC-2026-2370,MISS-12637,CLI-172,AG-06,2026-07-20,2026-09-03,30,59431.69,11886.34,Payée
FAC-2026-2371,MISS-10268,CLI-139,AG-15,2025-08-16,2025-09-30,60,27899.56,5579.91,En retard (Litige)
FAC-2026-2372,MISS-12779,CLI-110,AG-20,2025-01-11,2025-02-25,30,2082.1,416.42,En cours
FAC-2026-2373,MISS-13447,CLI-152,AG-05,2025-02-13,2025-03-30,120,90936.5,18187.3,Payée
FAC-2026-2374,MISS-11890,CLI-163,AG-21,2025-10-12,2025-11-26,30,71228.82,14245.76,Payée
FAC-2026-2375,MISS-11593,CLI-103,AG-01,2026-01-20,2026-03-06,30,1194.42,238.88,Payée
FAC-2026-2376,MISS-11278,CLI-104,AG-16,2024-12-13,2025-01-27,30,4140.6,828.12,Payée
FAC-2026-2377,MISS-12575,CLI-133,AG-19,2025-06-21,2025-08-05,45,4313.07,862.61,En cours
FAC-2026-2378,MISS-10150,CLI-145,AG-10,2025-03-22,2025-05-06,90,4131.0,826.2,En cours
FAC-2026-2379,MISS-10207,CLI-111,AG-08,2026-04-20,2026-06-04,30,36937.48,7387.5,Payée
FAC-2026-2380,MISS-11128,CLI-153,AG-20,2025-08-25,2025-10-09,30,28868.34,5773.67,En retard (Litige)
FAC-2026-2381,MISS-11857,CLI-129,AG-15,2026-04-20,2026-06-04,30,8059.82,1611.96,Payée
FAC-2026-2382,MISS-13056,CLI-176,AG-13,2025-10-09,2025-11-23,120,4174.84,834.97,En cours
FAC-2026-2383,MISS-13094,CLI-131,AG-03,2025-02-25,2025-04-11,30,8058.28,1611.66,Payée
FAC-2026-2384,MISS-12664,CLI-164,AG-04,2025-11-02,2025-12-17,45,21533.2,4306.64,Payée
FAC-2026-2385,MISS-10327,CLI-118,AG-16,2025-02-22,2025-04-08,120,46871.46,9374.29,Payée
FAC-2026-2386,MISS-13402,CLI-120,AG-11,2026-08-15,2026-09-29,60,6075.16,1215.03,Payée
FAC-2026-2387,MISS-11137,CLI-141,AG-17,2025-09-09,2025-10-24,45,3609.14,721.83,Payée
FAC-2026-2388,MISS-13137,CLI-104,AG-13,2025-10-24,2025-12-08,30,2725.68,545.14,Payée
FAC-2026-2389,MISS-12534,CLI-167,AG-13,2024-11-06,2024-12-21,30,18512.08,3702.42,En cours
FAC-2026-2390,MISS-11447,CLI-104,AG-21,2025-06-11,2025-07-26,30,7613.8,1522.76,Payée
FAC-2026-2391,MISS-12831,CLI-138,AG-02,2025-03-19,2025-05-03,30,2680.23,536.05,Payée
FAC-2026-2392,MISS-10663,CLI-153,AG-12,2024-06-21,2024-08-05,60,7202.32,1440.46,Payée
FAC-2026-2393,MISS-13143,CLI-124,AG-09,2025-10-22,2025-12-06,30,7450.5,1490.1,Payée
FAC-2026-2394,MISS-10255,CLI-141,AG-07,2026-05-11,2026-06-25,45,3111.92,622.39,Payée
FAC-2026-2395,MISS-12738,CLI-154,AG-20,2025-09-19,2025-11-03,45,39625.98,7925.2,Payée
FAC-2026-2396,MISS-12140,CLI-100,AG-15,2026-07-10,2026-08-24,30,4007.5,801.5,En cours
FAC-2026-2397,MISS-12790,CLI-156,AG-10,2025-11-30,2026-01-14,30,3303.1,660.62,Payée
FAC-2026-2398,MISS-11128,CLI-153,AG-20,2025-08-25,2025-10-09,45,28868.34,5773.67,Payée
FAC-2026-2399,MISS-12991,CLI-152,AG-15,2024-03-03,2024-04-17,30,13166.16,2633.23,Payée
FAC-2026-2400,MISS-13171,CLI-112,AG-17,2024-11-12,2024-12-27,30,2970.87,594.17,Payée
FAC-2026-2401,MISS-11081,CLI-142,AG-17,2024-02-20,2024-04-05,60,22332.04,4466.41,Payée
FAC-2026-2402,MISS-12712,CLI-176,AG-11,2026-08-31,2026-10-15,45,19280.59,3856.12,Payée
FAC-2026-2403,MISS-10091,CLI-158,AG-15,2026-07-10,2026-08-24,90,2086.26,417.25,Payée
FAC-2026-2404,MISS-11828,CLI-177,AG-12,2026-06-20,2026-08-04,30,27588.1,5517.62,Payée
FAC-2026-2405,MISS-13312,CLI-116,AG-11,2025-11-04,2025-12-19,60,7374.63,1474.93,Payée
FAC-2026-2406,MISS-13490,CLI-179,AG-03,2025-02-12,2025-03-29,30,41683.8,8336.76,Payée
FAC-2026-2407,MISS-10572,CLI-111,AG-09,2025-09-16,2025-10-31,30,3871.17,774.23,En retard (Litige)
FAC-2026-2408,MISS-12673,CLI-135,AG-01,2025-12-10,2026-01-24,30,6178.8,1235.76,Payée
FAC-2026-2409,MISS-10381,CLI-170,AG-06,2025-04-03,2025-05-18,30,18262.89,3652.58,Payée
FAC-2026-2410,MISS-10413,CLI-159,AG-18,2026-03-10,2026-04-24,45,8336.17,1667.24,Payée
FAC-2026-2411,MISS-13216,CLI-171,AG-20,2026-03-26,2026-05-10,45,2932.11,586.42,En cours
FAC-2026-2412,MISS-12638,CLI-117,AG-11,2026-01-08,2026-02-22,30,40380.8,8076.16,Payée
FAC-2026-2413,MISS-10443,CLI-166,AG-04,2025-05-31,2025-07-15,30,77159.02,15431.8,Payée
FAC-2026-2414,MISS-13058,CLI-165,AG-06,2026-08-16,2026-09-30,30,3387.06,677.41,Payée
FAC-2026-2415,MISS-11561,CLI-111,AG-15,2025-10-04,2025-11-18,30,30659.41,6131.88,En cours
FAC-2026-2416,MISS-10131,CLI-113,AG-05,2025-06-10,2025-07-25,90,2851.78,570.36,Payée
FAC-2026-2417,MISS-10397,CLI-131,AG-02,2026-01-19,2026-03-05,30,96479.96,19295.99,Payée
FAC-2026-2418,MISS-12421,CLI-142,AG-13,2026-01-28,2026-03-14,30,2795.08,559.02,En cours
FAC-2026-2419,MISS-13268,CLI-143,AG-22,2025-08-27,2025-10-11,30,68814.79,13762.96,Payée
FAC-2026-2420,MISS-11613,CLI-168,AG-18,2026-02-08,2026-03-25,30,22229.58,4445.92,En cours
FAC-2026-2421,MISS-12540,CLI-102,AG-19,2025-07-13,2025-08-27,30,53898.03,10779.61,En cours
FAC-2026-2422,MISS-11761,CLI-122,AG-16,2024-12-04,2025-01-18,45,16375.53,3275.11,Payée
FAC-2026-2423,MISS-10929,CLI-142,AG-11,2026-07-04,2026-08-18,45,1959.88,391.98,Payée
FAC-2026-2424,MISS-11386,CLI-126,AG-07,2024-04-26,2024-06-10,45,42380.71,8476.14,Payée
FAC-2026-2425,MISS-11908,CLI-126,AG-21,2025-01-31,2025-03-17,45,82208.62,16441.72,En retard (Litige)
FAC-2026-2426,MISS-11049,CLI-147,AG-14,2024-07-23,2024-09-06,90,71758.1,14351.62,Payée
FAC-2026-2427,MISS-11705,CLI-110,AG-21,2024-09-01,2024-10-16,30,8412.58,1682.52,Payée
FAC-2026-2428,MISS-10482,CLI-179,AG-12,2024-08-21,2024-10-05,30,2342.76,468.55,Payée
FAC-2026-2429,MISS-12594,CLI-146,AG-03,2024-06-02,2024-07-17,30,3357.05,671.41,En cours
FAC-2026-2430,MISS-13492,CLI-109,AG-13,2026-04-02,2026-05-17,30,3995.18,799.04,En cours
FAC-2026-2431,MISS-10204,CLI-125,AG-07,2024-10-19,2024-12-03,90,31886.48,6377.3,En cours
FAC-2026-2432,MISS-11639,CLI-155,AG-10,2025-11-18,2026-01-02,45,90108.02,18021.6,Payée
FAC-2026-2433,MISS-12339,CLI-172,AG-16,2026-02-25,2026-04-11,30,24926.45,4985.29,Payée
FAC-2026-2434,MISS-10903,CLI-129,AG-13,2026-09-06,2026-10-21,30,15038.85,3007.77,Payée
FAC-2026-2435,MISS-11093,CLI-111,AG-17,2025-06-18,2025-08-02,45,43805.58,8761.12,Payée
FAC-2026-2436,MISS-12321,CLI-167,AG-07,2026-06-17,2026-08-01,120,1512.22,302.44,Payée
FAC-2026-2437,MISS-11900,CLI-113,AG-05,2025-08-03,2025-09-17,30,3416.9,683.38,En cours
FAC-2026-2438,MISS-11697,CLI-101,AG-01,2024-03-26,2024-05-10,30,2254.72,450.94,En cours
FAC-2026-2439,MISS-12310,CLI-140,AG-14,2024-02-18,2024-04-03,30,28310.31,5662.06,Payée
FAC-2026-2440,MISS-13046,CLI-122,AG-17,2024-05-18,2024-07-02,30,12661.8,2532.36,En cours
FAC-2026-2441,MISS-12773,CLI-124,AG-07,2025-05-12,2025-06-26,120,23930.28,4786.06,Payée
FAC-2026-2442,MISS-10949,CLI-158,AG-11,2025-04-30,2025-06-14,45,57900.59,11580.12,En cours
FAC-2026-2443,MISS-10294,CLI-106,AG-16,2024-10-27,2024-12-11,30,27638.78,5527.76,Payée
FAC-2026-2444,MISS-13258,CLI-174,AG-21,2025-08-25,2025-10-09,30,26953.19,5390.64,Payée
FAC-2026-2445,MISS-10777,CLI-177,AG-21,2025-06-20,2025-08-04,45,58129.44,11625.89,Payée
FAC-2026-2446,MISS-11965,CLI-103,AG-17,2025-02-10,2025-03-27,45,12351.29,2470.26,Payée
FAC-2026-2447,MISS-12857,CLI-141,AG-19,2024-09-16,2024-10-31,30,16979.38,3395.88,En cours
FAC-2026-2448,MISS-10887,CLI-144,AG-22,2026-08-14,2026-09-28,45,26401.29,5280.26,Payée
FAC-2026-2449,MISS-10779,CLI-140,AG-18,2025-03-21,2025-05-05,45,2191.44,438.29,Payée
FAC-2026-2450,MISS-12597,CLI-128,AG-10,2025-10-31,2025-12-15,45,19482.06,3896.41,Payée
FAC-2026-2451,MISS-10468,CLI-107,AG-01,2025-03-06,2025-04-20,45,6496.9,1299.38,Payée
FAC-2026-2452,MISS-10715,CLI-148,AG-20,2024-05-20,2024-07-04,30,6834.37,1366.87,Payée
FAC-2026-2453,MISS-11216,CLI-148,AG-12,2024-06-17,2024-08-01,30,7193.32,1438.66,Payée
FAC-2026-2454,MISS-11911,CLI-156,AG-14,2024-02-12,2024-03-28,30,9361.34,1872.27,Payée
FAC-2026-2455,MISS-10911,CLI-123,AG-21,2024-08-18,2024-10-02,45,1817.28,363.46,Payée
FAC-2026-2456,MISS-11418,CLI-152,AG-01,2025-05-03,2025-06-17,30,9579.3,1915.86,Payée
FAC-2026-2457,MISS-10629,CLI-108,AG-05,2024-03-22,2024-05-06,45,9714.25,1942.85,Payée
FAC-2026-2458,MISS-13050,CLI-110,AG-11,2026-04-16,2026-05-31,45,17650.9,3530.18,En cours
FAC-2026-2459,MISS-12934,CLI-165,AG-10,2024-05-14,2024-06-28,30,2439.19,487.84,Payée
FAC-2026-2460,MISS-11963,CLI-169,AG-16,2025-10-25,2025-12-09,30,9449.22,1889.85,Payée
FAC-2026-2461,MISS-13323,CLI-151,AG-11,2024-02-26,2024-04-11,120,7787.42,1557.48,Payée
FAC-2026-2462,MISS-10990,CLI-165,AG-12,2024-08-14,2024-09-28,45,30747.62,6149.52,Payée
FAC-2026-2463,MISS-11302,CLI-112,AG-17,2025-07-25,2025-09-08,45,6260.15,1252.03,En retard (Litige)
FAC-2026-2464,MISS-10771,CLI-160,AG-11,2025-04-24,2025-06-08,45,2135.31,427.06,Payée
FAC-2026-2465,MISS-12383,CLI-174,AG-10,2025-05-19,2025-07-03,45,7625.78,1525.16,Payée
FAC-2026-2466,MISS-11153,CLI-111,AG-01,2026-07-12,2026-08-26,90,1053.03,210.6,Payée
FAC-2026-2467,MISS-11947,CLI-164,AG-21,2024-06-08,2024-07-23,30,7084.83,1416.97,En cours
FAC-2026-2468,MISS-10661,CLI-154,AG-14,2024-07-24,2024-09-07,90,4610.44,922.09,Payée
FAC-2026-2469,MISS-11058,CLI-102,AG-12,2025-05-17,2025-07-01,60,1724.06,344.81,Payée
FAC-2026-2470,MISS-11439,CLI-174,AG-14,2026-02-05,2026-03-22,30,19754.87,3950.97,Payée
FAC-2026-2471,MISS-10477,CLI-101,AG-15,2025-06-02,2025-07-17,45,7983.4,1596.68,Payée
FAC-2026-2472,MISS-11129,CLI-126,AG-08,2024-08-10,2024-09-24,90,84816.28,16963.26,Payée
FAC-2026-2473,MISS-12313,CLI-145,AG-22,2026-07-18,2026-09-01,90,24388.5,4877.7,En cours
FAC-2026-2474,MISS-11835,CLI-127,AG-19,2024-07-30,2024-09-13,30,13718.1,2743.62,Payée
FAC-2026-2475,MISS-12648,CLI-144,AG-03,2025-09-01,2025-10-16,30,23446.52,4689.3,En cours
FAC-2026-2476,MISS-11117,CLI-129,AG-18,2024-05-18,2024-07-02,60,5082.42,1016.49,En cours
FAC-2026-2477,MISS-12582,CLI-148,AG-08,2026-02-23,2026-04-09,90,2184.15,436.83,Payée
FAC-2026-2478,MISS-11833,CLI-160,AG-01,2026-04-01,2026-05-16,90,1354.67,270.93,Payée
FAC-2026-2479,MISS-10447,CLI-115,AG-22,2026-08-27,2026-10-11,30,23624.62,4724.92,Payée
FAC-2026-2480,MISS-11831,CLI-178,AG-02,2024-08-20,2024-10-04,30,18987.35,3797.47,Payée
FAC-2026-2481,MISS-12009,CLI-140,AG-13,2024-07-28,2024-09-11,90,3922.88,784.58,Payée
FAC-2026-2482,MISS-11726,CLI-173,AG-01,2024-12-26,2025-02-09,30,4557.9,911.58,Payée
FAC-2026-2483,MISS-11688,CLI-115,AG-15,2026-06-30,2026-08-14,45,10584.48,2116.9,Payée
FAC-2026-2484,MISS-11821,CLI-170,AG-15,2025-04-14,2025-05-29,30,27136.22,5427.24,Payée
FAC-2026-2485,MISS-11793,CLI-151,AG-19,2026-03-30,2026-05-14,30,6982.12,1396.42,Payée
FAC-2026-2486,MISS-11931,CLI-149,AG-17,2024-11-30,2025-01-14,45,1945.76,389.15,Payée
FAC-2026-2487,MISS-10708,CLI-160,AG-01,2024-09-25,2024-11-09,45,76888.46,15377.69,Payée
FAC-2026-2488,MISS-13483,CLI-140,AG-05,2025-10-24,2025-12-08,30,9653.88,1930.78,En cours
FAC-2026-2489,MISS-13220,CLI-143,AG-11,2025-05-28,2025-07-12,30,2105.59,421.12,En cours
FAC-2026-2490,MISS-13293,CLI-148,AG-15,2026-03-17,2026-05-01,45,5140.14,1028.03,Payée
FAC-2026-2491,MISS-10928,CLI-176,AG-16,2026-04-04,2026-05-19,90,2465.02,493.01,Payée
FAC-2026-2492,MISS-13237,CLI-124,AG-11,2024-08-09,2024-09-23,30,22912.8,4582.56,En cours
FAC-2026-2493,MISS-11065,CLI-177,AG-22,2025-06-04,2025-07-19,45,17504.52,3500.9,Payée
FAC-2026-2494,MISS-10645,CLI-166,AG-08,2025-11-10,2025-12-25,30,28935.5,5787.1,Payée
FAC-2026-2495,MISS-10153,CLI-122,AG-09,2024-07-25,2024-09-08,30,4543.9,908.78,Payée
FAC-2026-2496,MISS-10886,CLI-123,AG-21,2024-08-11,2024-09-25,30,4627.32,925.46,Payée
FAC-2026-2497,MISS-13370,CLI-115,AG-08,2024-08-05,2024-09-19,90,28592.0,5718.4,Payée
FAC-2026-2498,MISS-12075,CLI-138,AG-01,2026-08-19,2026-10-03,90,32311.92,6462.38,Payée
FAC-2026-2499,MISS-11380,CLI-157,AG-01,2026-08-06,2026-09-20,90,25107.9,5021.58,Payée
FAC-2026-2500,MISS-12733,CLI-154,AG-08,2025-06-12,2025-07-27,90,29418.64,5883.73,Payée
FAC-2026-2501,MISS-11295,CLI-161,AG-06,2026-06-27,2026-08-11,60,24582.72,4916.54,En cours
FAC-2026-2502,MISS-11817,CLI-105,AG-01,2025-09-28,2025-11-12,60,24823.68,4964.74,En cours
FAC-2026-2503,MISS-12179,CLI-144,AG-09,2024-08-06,2024-09-20,90,7280.58,1456.12,Payée
FAC-2026-2504,MISS-10321,CLI-105,AG-12,2025-09-17,2025-11-01,30,7094.72,1418.94,Payée
FAC-2026-2505,MISS-11781,CLI-155,AG-05,2025-08-12,2025-09-26,30,44990.52,8998.11,Payée
FAC-2026-2506,MISS-10512,CLI-155,AG-09,2024-04-10,2024-05-25,45,17330.64,3466.13,Payée
FAC-2026-2507,MISS-12764,CLI-138,AG-19,2025-05-11,2025-06-25,90,5210.06,1042.01,Payée
FAC-2026-2508,MISS-10106,CLI-101,AG-20,2025-06-16,2025-07-31,30,6297.62,1259.52,Payée
FAC-2026-2509,MISS-13311,CLI-154,AG-09,2026-05-04,2026-06-18,30,30817.36,6163.47,Payée
FAC-2026-2510,MISS-10982,CLI-150,AG-17,2024-12-31,2025-02-14,30,30804.88,6160.98,Payée
FAC-2026-2511,MISS-11980,CLI-168,AG-18,2024-06-27,2024-08-11,45,19626.76,3925.35,Payée
FAC-2026-2512,MISS-12590,CLI-107,AG-06,2024-09-11,2024-10-26,60,2165.38,433.08,En cours
FAC-2026-2513,MISS-10532,CLI-167,AG-12,2026-05-02,2026-06-16,30,3722.7,744.54,Payée
FAC-2026-2514,MISS-10592,CLI-101,AG-19,2024-03-03,2024-04-17,45,20855.63,4171.13,Payée
FAC-2026-2515,MISS-12614,CLI-117,AG-22,2024-10-27,2024-12-11,30,32806.25,6561.25,En cours
FAC-2026-2516,MISS-12741,CLI-121,AG-03,2024-06-25,2024-08-09,45,1695.98,339.2,Payée
FAC-2026-2517,MISS-13489,CLI-150,AG-11,2024-02-07,2024-03-23,45,5040.48,1008.1,Payée
FAC-2026-2518,MISS-11526,CLI-140,AG-18,2025-01-04,2025-02-18,90,17045.34,3409.07,Payée
FAC-2026-2519,MISS-13137,CLI-104,AG-13,2025-10-24,2025-12-08,45,2725.68,545.14,Payée
FAC-2026-2520,MISS-10647,CLI-111,AG-05,2024-03-28,2024-05-12,30,2339.95,467.99,Payée
FAC-2026-2521,MISS-13425,CLI-159,AG-20,2024-03-17,2024-05-01,30,2374.04,474.81,Payée
FAC-2026-2522,MISS-12357,CLI-129,AG-18,2026-02-21,2026-04-07,30,9224.57,1844.91,Payée
FAC-2026-2523,MISS-12078,CLI-111,AG-04,2026-01-23,2026-03-09,30,9417.44,1883.49,En cours
FAC-2026-2524,MISS-10658,CLI-143,AG-21,2025-10-11,2025-11-25,30,3393.57,678.71,Payée
FAC-2026-2525,MISS-11191,CLI-161,AG-13,2026-08-06,2026-09-20,30,79750.12,15950.03,Payée
FAC-2026-2526,MISS-12620,CLI-137,AG-01,2026-04-15,2026-05-30,30,4591.07,918.21,En cours
FAC-2026-2527,MISS-13137,CLI-104,AG-13,2025-10-24,2025-12-08,90,2725.68,545.14,En cours
FAC-2026-2528,MISS-10795,CLI-108,AG-11,2024-10-22,2024-12-06,30,6527.82,1305.56,Payée
FAC-2026-2529,MISS-10504,CLI-174,AG-15,2024-09-27,2024-11-11,30,22781.98,4556.4,Payée
FAC-2026-2530,MISS-11163,CLI-139,AG-09,2025-10-28,2025-12-12,30,16720.66,3344.13,Payée
FAC-2026-2531,MISS-13142,CLI-162,AG-15,2024-03-03,2024-04-17,30,5771.06,1154.21,Payée
FAC-2026-2532,MISS-11067,CLI-144,AG-17,2025-09-02,2025-10-17,45,4891.61,978.32,En cours
FAC-2026-2533,MISS-12350,CLI-131,AG-01,2026-01-31,2026-03-17,30,22011.58,4402.32,En cours
FAC-2026-2534,MISS-12646,CLI-130,AG-03,2024-10-16,2024-11-30,30,22195.14,4439.03,Payée
FAC-2026-2535,MISS-10610,CLI-168,AG-01,2024-12-14,2025-01-28,30,9445.14,1889.03,Payée
FAC-2026-2536,MISS-10399,CLI-153,AG-14,2024-02-23,2024-04-08,90,25143.76,5028.75,Payée
FAC-2026-2537,MISS-13177,CLI-109,AG-16,2025-01-06,2025-02-20,45,16770.46,3354.09,Payée
FAC-2026-2538,MISS-10569,CLI-112,AG-07,2025-05-26,2025-07-10,30,2884.24,576.85,Payée
FAC-2026-2539,MISS-10687,CLI-127,AG-09,2025-12-24,2026-02-07,45,12960.61,2592.12,Payée
FAC-2026-2540,MISS-13037,CLI-139,AG-14,2025-06-20,2025-08-04,30,3553.32,710.66,Payée
FAC-2026-2541,MISS-10976,CLI-150,AG-03,2025-12-31,2026-02-14,30,7348.42,1469.69,Payée
FAC-2026-2542,MISS-13393,CLI-176,AG-08,2026-03-30,2026-05-14,30,80431.5,16086.3,Payée
FAC-2026-2543,MISS-12246,CLI-178,AG-08,2025-06-06,2025-07-21,60,3499.77,699.95,Payée
FAC-2026-2544,MISS-13197,CLI-155,AG-06,2024-09-12,2024-10-27,60,2895.08,579.02,Payée
FAC-2026-2545,MISS-12883,CLI-118,AG-03,2025-06-18,2025-08-02,90,28328.0,5665.6,En cours
FAC-2026-2546,MISS-10186,CLI-123,AG-09,2024-08-05,2024-09-19,30,2468.0,493.6,Payée
FAC-2026-2547,MISS-11721,CLI-142,AG-06,2024-07-08,2024-08-22,45,10387.3,2077.46,Payée
FAC-2026-2548,MISS-11602,CLI-105,AG-04,2025-03-29,2025-05-13,30,2281.16,456.23,En cours
FAC-2026-2549,MISS-10900,CLI-148,AG-20,2024-12-13,2025-01-27,30,4503.02,900.6,En cours
FAC-2026-2550,MISS-12968,CLI-139,AG-17,2024-08-02,2024-09-16,30,1360.78,272.16,Payée
FAC-2026-2551,MISS-11964,CLI-170,AG-01,2025-07-06,2025-08-20,30,21101.18,4220.24,Payée
FAC-2026-2552,MISS-13128,CLI-128,AG-04,2025-03-08,2025-04-22,30,2622.63,524.53,Payée
FAC-2026-2553,MISS-10527,CLI-164,AG-05,2024-08-07,2024-09-21,90,70500.19,14100.04,Payée
FAC-2026-2554,MISS-10348,CLI-160,AG-12,2024-06-14,2024-07-29,45,4735.82,947.16,Payée
FAC-2026-2555,MISS-10077,CLI-178,AG-12,2025-04-15,2025-05-30,60,1829.68,365.94,En cours
FAC-2026-2556,MISS-11309,CLI-102,AG-15,2024-05-06,2024-06-20,30,3926.06,785.21,En cours
FAC-2026-2557,MISS-11960,CLI-136,AG-02,2025-08-08,2025-09-22,45,25181.56,5036.31,Payée
FAC-2026-2558,MISS-13027,CLI-151,AG-20,2026-04-14,2026-05-29,60,8235.34,1647.07,Payée
FAC-2026-2559,MISS-11315,CLI-145,AG-20,2024-03-10,2024-04-24,45,3840.68,768.14,En retard (Litige)
FAC-2026-2560,MISS-10033,CLI-120,AG-12,2024-03-16,2024-04-30,45,7890.58,1578.12,Payée
FAC-2026-2561,MISS-10578,CLI-152,AG-11,2025-11-12,2025-12-27,30,6525.84,1305.17,En retard (Litige)
FAC-2026-2562,MISS-11573,CLI-112,AG-16,2024-04-24,2024-06-08,30,4409.1,881.82,Payée
FAC-2026-2563,MISS-10650,CLI-171,AG-02,2025-04-05,2025-05-20,45,29797.83,5959.57,Payée
FAC-2026-2564,MISS-13279,CLI-166,AG-02,2024-10-22,2024-12-06,60,2794.39,558.88,Payée
FAC-2026-2565,MISS-13179,CLI-120,AG-12,2025-08-19,2025-10-03,45,1820.52,364.1,Payée
FAC-2026-2566,MISS-13003,CLI-105,AG-08,2024-03-11,2024-04-25,45,5165.5,1033.1,Payée
FAC-2026-2567,MISS-10175,CLI-174,AG-21,2025-08-16,2025-09-30,45,5057.0,1011.4,Payée
FAC-2026-2568,MISS-11463,CLI-104,AG-08,2024-05-09,2024-06-23,30,22119.1,4423.82,Payée
FAC-2026-2569,MISS-10603,CLI-138,AG-19,2024-02-08,2024-03-24,30,2282.76,456.55,Payée
FAC-2026-2570,MISS-13333,CLI-113,AG-04,2025-10-22,2025-12-06,30,8650.34,1730.07,Payée
FAC-2026-2571,MISS-11732,CLI-129,AG-09,2025-03-08,2025-04-22,45,27438.76,5487.75,Payée
FAC-2026-2572,MISS-10625,CLI-131,AG-13,2024-09-10,2024-10-25,45,29716.84,5943.37,Payée
FAC-2026-2573,MISS-11924,CLI-163,AG-03,2025-07-05,2025-08-19,45,74500.51,14900.1,Payée
FAC-2026-2574,MISS-13169,CLI-117,AG-19,2025-04-08,2025-05-23,90,41598.38,8319.68,Payée
FAC-2026-2575,MISS-10459,CLI-140,AG-15,2025-11-30,2026-01-14,30,1532.5,306.5,Payée
FAC-2026-2576,MISS-12562,CLI-146,AG-11,2025-01-30,2025-03-16,45,4299.94,859.99,Payée
FAC-2026-2577,MISS-11650,CLI-151,AG-06,2024-07-03,2024-08-17,30,27115.18,5423.04,En cours
FAC-2026-2578,MISS-12330,CLI-167,AG-13,2024-10-01,2024-11-15,60,13692.14,2738.43,Payée
FAC-2026-2579,MISS-13365,CLI-118,AG-07,2025-04-22,2025-06-06,45,7250.57,1450.11,Payée
FAC-2026-2580,MISS-13408,CLI-167,AG-19,2025-12-20,2026-02-03,30,1258.4,251.68,Payée
FAC-2026-2581,MISS-12274,CLI-170,AG-04,2025-12-05,2026-01-19,45,1591.4,318.28,Payée
FAC-2026-2582,MISS-12114,CLI-116,AG-15,2026-03-25,2026-05-09,30,2337.64,467.53,En retard (Litige)
FAC-2026-2583,MISS-11626,CLI-102,AG-07,2026-02-24,2026-04-10,45,6934.89,1386.98,Payée
FAC-2026-2584,MISS-11094,CLI-152,AG-13,2026-02-09,2026-03-26,45,5288.78,1057.76,Payée
FAC-2026-2585,MISS-12661,CLI-120,AG-18,2026-01-03,2026-02-17,30,8475.42,1695.08,En retard (Litige)
FAC-2026-2586,MISS-13205,CLI-125,AG-09,2025-11-24,2026-01-08,30,5933.55,1186.71,Payée
FAC-2026-2587,MISS-10727,CLI-123,AG-08,2026-07-29,2026-09-12,30,8645.29,1729.06,Payée
FAC-2026-2588,MISS-13055,CLI-160,AG-11,2024-08-22,2024-10-06,30,7870.51,1574.1,Payée
FAC-2026-2589,MISS-13431,CLI-108,AG-15,2024-01-31,2024-03-16,60,16867.54,3373.51,En retard (Litige)
FAC-2026-2590,MISS-10128,CLI-129,AG-10,2026-06-06,2026-07-21,45,6314.94,1262.99,Payée
FAC-2026-2591,MISS-11526,CLI-140,AG-18,2025-01-04,2025-02-18,45,17045.34,3409.07,Payée
FAC-2026-2592,MISS-13093,CLI-122,AG-16,2025-02-06,2025-03-23,45,3975.02,795.0,Payée
FAC-2026-2593,MISS-10615,CLI-123,AG-21,2026-06-26,2026-08-10,90,21371.42,4274.28,Payée
FAC-2026-2594,MISS-12412,CLI-155,AG-06,2024-03-16,2024-04-30,45,8606.06,1721.21,Payée
FAC-2026-2595,MISS-11376,CLI-148,AG-01,2026-04-18,2026-06-02,60,14348.01,2869.6,Payée
FAC-2026-2596,MISS-13067,CLI-154,AG-07,2025-05-10,2025-06-24,30,14491.04,2898.21,Payée
FAC-2026-2597,MISS-11053,CLI-125,AG-14,2026-02-01,2026-03-18,30,60335.82,12067.16,Payée
FAC-2026-2598,MISS-10921,CLI-148,AG-10,2025-06-05,2025-07-20,30,5405.84,1081.17,Payée
FAC-2026-2599,MISS-10331,CLI-174,AG-18,2026-05-02,2026-06-16,30,5536.44,1107.29,Payée
FAC-2026-2600,MISS-10494,CLI-158,AG-04,2025-06-06,2025-07-21,45,1481.7,296.34,Payée
FAC-2026-2601,MISS-10885,CLI-101,AG-05,2026-05-17,2026-07-01,45,56080.64,11216.13,Payée
FAC-2026-2602,MISS-11216,CLI-148,AG-12,2024-06-17,2024-08-01,30,7193.32,1438.66,Payée
FAC-2026-2603,MISS-13435,CLI-148,AG-15,2024-08-20,2024-10-04,45,5385.78,1077.16,Payée
FAC-2026-2604,MISS-11691,CLI-116,AG-02,2026-08-27,2026-10-11,45,45545.99,9109.2,Payée
FAC-2026-2605,MISS-10150,CLI-145,AG-10,2025-03-22,2025-05-06,120,4131.0,826.2,Payée
FAC-2026-2606,MISS-11244,CLI-147,AG-04,2026-03-11,2026-04-25,30,31982.78,6396.56,En cours
FAC-2026-2607,MISS-11731,CLI-167,AG-08,2026-08-02,2026-09-16,90,20731.54,4146.31,En retard (Litige)
FAC-2026-2608,MISS-11891,CLI-152,AG-01,2025-12-04,2026-01-18,30,1591.2,318.24,Payée
FAC-2026-2609,MISS-10063,CLI-115,AG-16,2026-07-01,2026-08-15,30,6091.67,1218.33,Payée
FAC-2026-2610,MISS-12960,CLI-171,AG-01,2026-07-06,2026-08-20,45,2932.96,586.59,Payée
FAC-2026-2611,MISS-12410,CLI-131,AG-08,2024-07-09,2024-08-23,45,1753.25,350.65,Payée
FAC-2026-2612,MISS-12166,CLI-108,AG-20,2025-09-24,2025-11-08,30,2209.3,441.86,Payée
FAC-2026-2613,MISS-12172,CLI-163,AG-21,2025-02-19,2025-04-05,90,5307.37,1061.47,Payée
FAC-2026-2614,MISS-10445,CLI-144,AG-19,2026-04-28,2026-06-12,30,4208.62,841.72,Payée
FAC-2026-2615,MISS-10323,CLI-179,AG-18,2026-05-12,2026-06-26,45,3224.4,644.88,Payée
FAC-2026-2616,MISS-13018,CLI-120,AG-04,2026-03-06,2026-04-20,30,6704.96,1340.99,En cours
FAC-2026-2617,MISS-11229,CLI-114,AG-09,2026-02-21,2026-04-07,60,5412.78,1082.56,En retard (Litige)
FAC-2026-2618,MISS-12037,CLI-108,AG-15,2026-08-18,2026-10-02,45,17907.03,3581.41,Payée
FAC-2026-2619,MISS-12385,CLI-120,AG-10,2025-10-25,2025-12-09,45,17839.38,3567.88,Payée
FAC-2026-2620,MISS-10148,CLI-156,AG-13,2026-08-15,2026-09-29,30,4653.02,930.6,Payée
FAC-2026-2621,MISS-13249,CLI-131,AG-21,2025-05-11,2025-06-25,30,8163.33,1632.67,Payée
FAC-2026-2622,MISS-10360,CLI-177,AG-11,2024-02-10,2024-03-26,30,61408.63,12281.73,Payée
FAC-2026-2623,MISS-10001,CLI-122,AG-11,2025-09-09,2025-10-24,45,1887.13,377.43,Payée
FAC-2026-2624,MISS-10581,CLI-161,AG-06,2024-07-12,2024-08-26,30,4819.31,963.86,Payée
FAC-2026-2625,MISS-12642,CLI-151,AG-18,2024-03-27,2024-05-11,30,26458.1,5291.62,Payée
FAC-2026-2626,MISS-12729,CLI-116,AG-13,2026-03-28,2026-05-12,30,8165.66,1633.13,Payée
FAC-2026-2627,MISS-12588,CLI-131,AG-22,2025-11-15,2025-12-30,60,23717.0,4743.4,Payée
FAC-2026-2628,MISS-11662,CLI-135,AG-05,2025-12-22,2026-02-05,90,89993.34,17998.67,Payée
FAC-2026-2629,MISS-12372,CLI-140,AG-12,2025-09-22,2025-11-06,30,9222.46,1844.49,Payée
FAC-2026-2630,MISS-10945,CLI-166,AG-11,2025-10-14,2025-11-28,45,2099.74,419.95,Payée
FAC-2026-2631,MISS-10600,CLI-131,AG-08,2025-03-17,2025-05-01,45,6297.38,1259.48,Payée
FAC-2026-2632,MISS-10866,CLI-170,AG-11,2024-11-25,2025-01-09,30,4158.1,831.62,Payée
FAC-2026-2633,MISS-11525,CLI-140,AG-08,2025-05-06,2025-06-20,60,5339.7,1067.94,Payée
FAC-2026-2634,MISS-12258,CLI-150,AG-01,2026-02-02,2026-03-19,90,21098.55,4219.71,En cours
FAC-2026-2635,MISS-13230,CLI-161,AG-10,2025-01-14,2025-02-28,30,3210.99,642.2,Payée
FAC-2026-2636,MISS-12815,CLI-173,AG-19,2024-04-08,2024-05-23,45,16508.84,3301.77,Payée
FAC-2026-2637,MISS-13397,CLI-127,AG-01,2025-05-20,2025-07-04,30,2365.81,473.16,En cours
FAC-2026-2638,MISS-12133,CLI-158,AG-13,2026-01-23,2026-03-09,30,1771.92,354.38,Payée
FAC-2026-2639,MISS-12489,CLI-111,AG-22,2025-12-20,2026-02-03,30,16575.63,3315.13,Payée
FAC-2026-2640,MISS-10857,CLI-172,AG-18,2024-08-26,2024-10-10,45,2430.54,486.11,Payée
FAC-2026-2641,MISS-11788,CLI-128,AG-04,2025-08-30,2025-10-14,45,6927.98,1385.6,Payée
FAC-2026-2642,MISS-10992,CLI-111,AG-17,2025-07-08,2025-08-22,30,2825.42,565.08,Payée
FAC-2026-2643,MISS-10570,CLI-120,AG-22,2025-07-29,2025-09-12,45,7990.52,1598.1,Payée
FAC-2026-2644,MISS-12930,CLI-126,AG-22,2024-10-11,2024-11-25,45,1561.36,312.27,Payée
FAC-2026-2645,MISS-13257,CLI-157,AG-01,2025-05-01,2025-06-15,30,40783.68,8156.74,Payée
FAC-2026-2646,MISS-11890,CLI-163,AG-21,2025-10-12,2025-11-26,30,71228.82,14245.76,Payée
FAC-2026-2647,MISS-12049,CLI-107,AG-02,2024-04-27,2024-06-11,45,1002.61,200.52,Payée
FAC-2026-2648,MISS-10320,CLI-145,AG-12,2024-05-16,2024-06-30,30,75115.51,15023.1,En cours
FAC-2026-2649,MISS-11098,CLI-108,AG-03,2026-05-27,2026-07-11,30,4149.82,829.96,Payée
FAC-2026-2650,MISS-13104,CLI-138,AG-14,2025-02-02,2025-03-19,30,7516.85,1503.37,Payée
FAC-2026-2651,MISS-12920,CLI-126,AG-10,2024-02-25,2024-04-10,45,79494.2,15898.84,Payée
FAC-2026-2652,MISS-12388,CLI-128,AG-20,2025-07-15,2025-08-29,30,2806.68,561.34,Payée
FAC-2026-2653,MISS-10052,CLI-149,AG-10,2025-11-09,2025-12-24,45,22524.16,4504.83,En cours
FAC-2026-2654,MISS-11430,CLI-106,AG-04,2024-10-16,2024-11-30,30,9598.79,1919.76,Payée
FAC-2026-2655,MISS-10642,CLI-132,AG-06,2024-10-16,2024-11-30,30,4659.8,931.96,Payée
FAC-2026-2656,MISS-10235,CLI-156,AG-16,2024-10-28,2024-12-12,30,4432.41,886.48,Payée
FAC-2026-2657,MISS-11153,CLI-111,AG-01,2026-07-12,2026-08-26,30,1053.03,210.6,Payée
FAC-2026-2658,MISS-13283,CLI-141,AG-05,2026-08-22,2026-10-06,45,28005.6,5601.12,Payée
FAC-2026-2659,MISS-12326,CLI-129,AG-11,2024-04-28,2024-06-12,45,42804.02,8560.8,Payée
FAC-2026-2660,MISS-12009,CLI-140,AG-13,2024-07-28,2024-09-11,30,3922.88,784.58,Payée
FAC-2026-2661,MISS-10432,CLI-157,AG-20,2024-08-10,2024-09-24,30,24679.92,4935.99,Payée
FAC-2026-2662,MISS-13472,CLI-126,AG-07,2024-05-21,2024-07-05,45,7263.5,1452.7,Payée
FAC-2026-2663,MISS-12093,CLI-111,AG-05,2024-08-08,2024-09-22,45,39156.24,7831.25,Payée
FAC-2026-2664,MISS-13312,CLI-116,AG-11,2025-11-04,2025-12-19,45,7374.63,1474.93,Payée
FAC-2026-2665,MISS-12956,CLI-114,AG-14,2024-11-30,2025-01-14,30,28821.33,5764.27,En cours
FAC-2026-2666,MISS-12241,CLI-112,AG-21,2024-07-15,2024-08-29,45,1708.63,341.73,Payée
FAC-2026-2667,MISS-12165,CLI-168,AG-05,2026-01-11,2026-02-25,45,7094.32,1418.86,En cours
FAC-2026-2668,MISS-10295,CLI-154,AG-08,2024-04-19,2024-06-03,60,31279.92,6255.98,Payée
FAC-2026-2669,MISS-11804,CLI-164,AG-08,2025-06-16,2025-07-31,60,3493.12,698.62,Payée
FAC-2026-2670,MISS-11447,CLI-104,AG-21,2025-06-11,2025-07-26,30,7613.8,1522.76,Payée
FAC-2026-2671,MISS-11387,CLI-107,AG-09,2024-08-09,2024-09-23,30,42249.3,8449.86,Payée
FAC-2026-2672,MISS-12456,CLI-132,AG-14,2025-09-29,2025-11-13,45,20381.78,4076.36,Payée
FAC-2026-2673,MISS-11679,CLI-169,AG-03,2026-05-24,2026-07-08,30,9952.99,1990.6,Payée
FAC-2026-2674,MISS-12096,CLI-154,AG-19,2024-05-08,2024-06-22,45,28562.27,5712.45,Payée
FAC-2026-2675,MISS-12678,CLI-164,AG-12,2024-12-19,2025-02-02,30,15467.12,3093.42,En cours
FAC-2026-2676,MISS-12362,CLI-145,AG-09,2024-04-26,2024-06-10,90,85816.86,17163.37,Payée
FAC-2026-2677,MISS-10814,CLI-138,AG-07,2025-08-12,2025-09-26,30,6872.42,1374.48,Payée
FAC-2026-2678,MISS-11594,CLI-176,AG-03,2025-01-03,2025-02-17,45,2440.21,488.04,En cours
FAC-2026-2679,MISS-11887,CLI-109,AG-02,2024-08-16,2024-09-30,30,1334.63,266.93,Payée
FAC-2026-2680,MISS-11299,CLI-114,AG-17,2025-03-20,2025-05-04,30,14361.06,2872.21,Payée
FAC-2026-2681,MISS-12691,CLI-141,AG-04,2026-06-25,2026-08-09,45,4210.44,842.09,Payée
FAC-2026-2682,MISS-11624,CLI-143,AG-21,2025-01-15,2025-03-01,45,14489.18,2897.84,Payée
FAC-2026-2683,MISS-12261,CLI-160,AG-07,2025-01-08,2025-02-22,45,92369.28,18473.86,Payée
FAC-2026-2684,MISS-11042,CLI-163,AG-16,2026-02-17,2026-04-03,45,8811.54,1762.31,Payée
FAC-2026-2685,MISS-11707,CLI-126,AG-16,2025-08-28,2025-10-12,45,4619.44,923.89,Payée
FAC-2026-2686,MISS-11106,CLI-133,AG-15,2024-02-18,2024-04-03,60,5698.12,1139.62,Payée
FAC-2026-2687,MISS-13391,CLI-177,AG-14,2026-01-27,2026-03-13,30,4390.3,878.06,Payée
FAC-2026-2688,MISS-12463,CLI-106,AG-01,2024-09-07,2024-10-22,30,988.2,197.64,Payée
FAC-2026-2689,MISS-10885,CLI-101,AG-05,2026-05-17,2026-07-01,30,56080.64,11216.13,Payée
FAC-2026-2690,MISS-11748,CLI-129,AG-18,2025-09-12,2025-10-27,60,19655.47,3931.1,Payée
FAC-2026-2691,MISS-11024,CLI-113,AG-21,2026-07-11,2026-08-25,45,4776.12,955.22,En cours
FAC-2026-2692,MISS-11781,CLI-155,AG-05,2025-08-12,2025-09-26,60,44990.52,8998.11,Payée
FAC-2026-2693,MISS-11821,CLI-170,AG-15,2025-04-14,2025-05-29,45,27136.22,5427.24,Payée
FAC-2026-2694,MISS-10328,CLI-135,AG-21,2024-04-16,2024-05-31,45,1312.44,262.49,Payée
FAC-2026-2695,MISS-13108,CLI-161,AG-19,2026-02-05,2026-03-22,45,2778.81,555.76,Payée
FAC-2026-2696,MISS-11691,CLI-116,AG-02,2026-08-27,2026-10-11,30,45545.99,9109.2,Payée
FAC-2026-2697,MISS-11467,CLI-137,AG-20,2024-12-04,2025-01-18,30,4794.71,958.94,En cours
FAC-2026-2698,MISS-10760,CLI-111,AG-11,2026-05-04,2026-06-18,45,10711.1,2142.22,Payée
FAC-2026-2699,MISS-10455,CLI-142,AG-19,2025-04-20,2025-06-04,30,9315.27,1863.05,Payée
FAC-2026-2700,MISS-13323,CLI-151,AG-11,2024-02-26,2024-04-11,30,7787.42,1557.48,Payée
FAC-2026-2701,MISS-10983,CLI-108,AG-17,2025-09-20,2025-11-04,30,2043.21,408.64,Payée
FAC-2026-2702,MISS-11507,CLI-103,AG-15,2025-07-26,2025-09-09,60,2117.47,423.49,Payée
FAC-2026-2703,MISS-12553,CLI-140,AG-08,2024-05-02,2024-06-16,60,1454.94,290.99,Payée
FAC-2026-2704,MISS-11787,CLI-116,AG-09,2025-04-21,2025-06-05,30,8372.25,1674.45,Payée
FAC-2026-2705,MISS-12180,CLI-109,AG-04,2025-01-25,2025-03-11,120,27833.23,5566.65,Payée
FAC-2026-2706,MISS-10112,CLI-146,AG-22,2025-03-13,2025-04-27,45,19654.08,3930.82,Payée
FAC-2026-2707,MISS-10509,CLI-160,AG-08,2024-12-12,2025-01-26,30,7518.9,1503.78,Payée
FAC-2026-2708,MISS-11247,CLI-176,AG-20,2025-02-24,2025-04-10,45,2900.96,580.19,Payée
FAC-2026-2709,MISS-12069,CLI-134,AG-21,2024-12-04,2025-01-18,45,3940.93,788.19,Payée
FAC-2026-2710,MISS-12460,CLI-170,AG-22,2024-03-03,2024-04-17,30,59498.29,11899.66,Payée
FAC-2026-2711,MISS-10575,CLI-107,AG-19,2025-09-23,2025-11-07,30,2429.38,485.88,Payée
FAC-2026-2712,MISS-13202,CLI-136,AG-06,2025-01-11,2025-02-25,30,14237.23,2847.45,Payée
FAC-2026-2713,MISS-12986,CLI-162,AG-15,2026-09-02,2026-10-17,45,4018.59,803.72,Payée
FAC-2026-2714,MISS-11224,CLI-141,AG-08,2025-08-14,2025-09-28,30,40040.01,8008.0,Payée
FAC-2026-2715,MISS-12539,CLI-131,AG-03,2024-12-27,2025-02-10,30,3894.84,778.97,Payée
FAC-2026-2716,MISS-10940,CLI-179,AG-04,2025-01-08,2025-02-22,45,1446.54,289.31,Payée
FAC-2026-2717,MISS-10637,CLI-135,AG-03,2025-10-17,2025-12-01,45,5348.38,1069.68,Payée
FAC-2026-2718,MISS-13493,CLI-141,AG-06,2026-08-23,2026-10-07,45,1214.94,242.99,Payée
FAC-2026-2719,MISS-11268,CLI-158,AG-15,2025-12-23,2026-02-06,90,17770.02,3554.0,Payée
FAC-2026-2720,MISS-12438,CLI-134,AG-12,2026-07-07,2026-08-21,45,20153.74,4030.75,En cours
FAC-2026-2721,MISS-11546,CLI-154,AG-02,2024-12-09,2025-01-23,30,1755.97,351.19,En cours
FAC-2026-2722,MISS-13005,CLI-107,AG-18,2025-08-17,2025-10-01,30,1743.84,348.77,Payée
FAC-2026-2723,MISS-10519,CLI-117,AG-06,2024-04-10,2024-05-25,120,2215.26,443.05,Payée
FAC-2026-2724,MISS-11725,CLI-117,AG-12,2024-05-01,2024-06-15,30,2315.0,463.0,Payée
FAC-2026-2725,MISS-13363,CLI-173,AG-05,2024-10-11,2024-11-25,45,37791.74,7558.35,En retard (Litige)
FAC-2026-2726,MISS-10503,CLI-169,AG-15,2026-07-07,2026-08-21,45,7763.42,1552.69,Payée
FAC-2026-2727,MISS-10777,CLI-177,AG-21,2025-06-20,2025-08-04,60,58129.44,11625.89,Payée
FAC-2026-2728,MISS-12346,CLI-115,AG-21,2025-05-24,2025-07-08,30,13887.1,2777.42,Payée
FAC-2026-2729,MISS-12758,CLI-103,AG-11,2025-09-21,2025-11-05,90,1472.34,294.47,Payée
FAC-2026-2730,MISS-12960,CLI-171,AG-01,2026-07-06,2026-08-20,30,2932.96,586.59,Payée
FAC-2026-2731,MISS-11407,CLI-146,AG-10,2024-07-13,2024-08-27,45,14767.86,2953.57,Payée
FAC-2026-2732,MISS-11999,CLI-158,AG-19,2024-10-21,2024-12-05,45,24207.26,4841.45,Payée
FAC-2026-2733,MISS-12801,CLI-145,AG-20,2024-10-18,2024-12-02,90,4438.02,887.6,En cours
FAC-2026-2734,MISS-11693,CLI-165,AG-04,2026-01-24,2026-03-10,45,2439.48,487.9,En retard (Litige)
FAC-2026-2735,MISS-11444,CLI-161,AG-21,2024-10-04,2024-11-18,30,2192.98,438.6,Payée
FAC-2026-2736,MISS-10467,CLI-162,AG-02,2024-05-05,2024-06-19,45,2573.56,514.71,Payée
FAC-2026-2737,MISS-10090,CLI-165,AG-03,2026-09-02,2026-10-17,45,8784.3,1756.86,Payée
FAC-2026-2738,MISS-10991,CLI-156,AG-19,2026-02-07,2026-03-24,45,6534.31,1306.86,Payée
FAC-2026-2739,MISS-11371,CLI-144,AG-09,2026-06-21,2026-08-05,30,8338.39,1667.68,Payée
FAC-2026-2740,MISS-10376,CLI-108,AG-09,2025-04-07,2025-05-22,30,3965.86,793.17,Payée
FAC-2026-2741,MISS-12129,CLI-151,AG-01,2025-03-15,2025-04-29,45,57472.2,11494.44,En cours
FAC-2026-2742,MISS-10659,CLI-169,AG-20,2026-04-30,2026-06-14,30,4972.32,994.46,En cours
FAC-2026-2743,MISS-10262,CLI-176,AG-07,2025-05-28,2025-07-12,30,4286.4,857.28,En cours
FAC-2026-2744,MISS-12562,CLI-146,AG-11,2025-01-30,2025-03-16,30,4299.94,859.99,Payée
FAC-2026-2745,MISS-13088,CLI-125,AG-02,2025-09-30,2025-11-14,90,4229.9,845.98,Payée
FAC-2026-2746,MISS-10801,CLI-171,AG-15,2024-07-30,2024-09-13,45,81132.67,16226.53,En cours
FAC-2026-2747,MISS-12057,CLI-104,AG-04,2025-06-16,2025-07-31,60,18715.41,3743.08,En cours
FAC-2026-2748,MISS-11494,CLI-152,AG-14,2026-02-21,2026-04-07,45,7584.1,1516.82,Payée
FAC-2026-2749,MISS-11984,CLI-155,AG-09,2025-10-17,2025-12-01,30,4132.16,826.43,En cours
FAC-2026-2750,MISS-10489,CLI-149,AG-15,2025-10-22,2025-12-06,30,39024.43,7804.89,En retard (Litige)
FAC-2026-2751,MISS-11536,CLI-133,AG-10,2025-06-21,2025-08-05,30,61477.46,12295.49,Payée
FAC-2026-2752,MISS-12594,CLI-146,AG-03,2024-06-02,2024-07-17,45,3357.05,671.41,Payée
FAC-2026-2753,MISS-11890,CLI-163,AG-21,2025-10-12,2025-11-26,30,71228.82,14245.76,Payée
FAC-2026-2754,MISS-13266,CLI-121,AG-12,2025-12-23,2026-02-06,30,3129.08,625.82,Payée
FAC-2026-2755,MISS-11419,CLI-149,AG-16,2024-09-12,2024-10-27,30,32181.26,6436.25,En cours
FAC-2026-2756,MISS-12441,CLI-108,AG-05,2025-03-06,2025-04-20,30,6059.78,1211.96,Payée
FAC-2026-2757,MISS-12703,CLI-161,AG-11,2025-06-15,2025-07-30,30,4838.94,967.79,Payée
FAC-2026-2758,MISS-11761,CLI-122,AG-16,2024-12-04,2025-01-18,30,16375.53,3275.11,Payée
FAC-2026-2759,MISS-10780,CLI-152,AG-11,2024-10-13,2024-11-27,30,2107.91,421.58,Payée
FAC-2026-2760,MISS-13477,CLI-176,AG-06,2026-07-01,2026-08-15,45,23808.99,4761.8,Payée
FAC-2026-2761,MISS-12723,CLI-154,AG-14,2024-12-28,2025-02-11,45,1315.66,263.13,Payée
FAC-2026-2762,MISS-13153,CLI-143,AG-08,2024-11-24,2025-01-08,30,3005.46,601.09,Payée
FAC-2026-2763,MISS-12636,CLI-156,AG-20,2024-10-01,2024-11-15,30,20094.34,4018.87,Payée
FAC-2026-2764,MISS-12445,CLI-160,AG-08,2025-04-15,2025-05-30,45,3794.93,758.99,Payée
FAC-2026-2765,MISS-10126,CLI-168,AG-22,2025-08-13,2025-09-27,30,8198.37,1639.67,Payée
FAC-2026-2766,MISS-12234,CLI-101,AG-05,2025-10-21,2025-12-05,30,9555.64,1911.13,Payée
FAC-2026-2767,MISS-10401,CLI-156,AG-03,2026-04-02,2026-05-17,45,1338.38,267.68,Payée
FAC-2026-2768,MISS-13364,CLI-123,AG-19,2026-07-24,2026-09-07,30,5000.06,1000.01,Payée
FAC-2026-2769,MISS-12414,CLI-171,AG-20,2025-12-07,2026-01-21,45,1223.46,244.69,Payée
FAC-2026-2770,MISS-11730,CLI-110,AG-09,2026-08-12,2026-09-26,30,7769.44,1553.89,Payée
FAC-2026-2771,MISS-13173,CLI-159,AG-20,2025-03-26,2025-05-10,30,2116.98,423.4,En cours
FAC-2026-2772,MISS-11145,CLI-141,AG-02,2025-07-17,2025-08-31,45,8935.24,1787.05,Payée
FAC-2026-2773,MISS-11552,CLI-159,AG-12,2026-05-10,2026-06-24,45,24182.88,4836.58,Payée
FAC-2026-2774,MISS-10208,CLI-160,AG-01,2026-05-07,2026-06-21,30,23038.51,4607.7,Payée
FAC-2026-2775,MISS-12126,CLI-172,AG-06,2026-07-22,2026-09-05,30,3014.94,602.99,Payée
FAC-2026-2776,MISS-12047,CLI-166,AG-16,2025-05-28,2025-07-12,30,14088.0,2817.6,En cours
FAC-2026-2777,MISS-10655,CLI-134,AG-13,2025-01-16,2025-03-02,90,9780.02,1956.0,Payée
FAC-2026-2778,MISS-11170,CLI-131,AG-13,2024-02-05,2024-03-21,30,4263.45,852.69,Payée
FAC-2026-2779,MISS-11772,CLI-133,AG-21,2025-02-16,2025-04-02,45,2558.7,511.74,En cours
FAC-2026-2780,MISS-12829,CLI-144,AG-02,2024-08-09,2024-09-23,30,2168.83,433.77,Payée
FAC-2026-2781,MISS-11586,CLI-107,AG-06,2024-04-24,2024-06-08,45,3442.95,688.59,Payée
FAC-2026-2782,MISS-11007,CLI-176,AG-17,2026-08-20,2026-10-04,30,24512.28,4902.46,Payée
FAC-2026-2783,MISS-13485,CLI-122,AG-20,2026-05-15,2026-06-29,60,6523.02,1304.6,Payée
FAC-2026-2784,MISS-10508,CLI-165,AG-03,2024-07-29,2024-09-12,30,5022.47,1004.49,Payée
FAC-2026-2785,MISS-12203,CLI-114,AG-07,2026-04-18,2026-06-02,30,4495.76,899.15,Payée
FAC-2026-2786,MISS-10950,CLI-165,AG-10,2024-03-28,2024-05-12,45,31809.43,6361.89,Payée
FAC-2026-2787,MISS-11981,CLI-175,AG-18,2025-11-01,2025-12-16,30,4725.73,945.15,En cours
FAC-2026-2788,MISS-12777,CLI-168,AG-21,2024-05-19,2024-07-03,30,50616.88,10123.38,Payée
FAC-2026-2789,MISS-12321,CLI-167,AG-07,2026-06-17,2026-08-01,45,1512.22,302.44,Payée
FAC-2026-2790,MISS-11340,CLI-155,AG-17,2025-03-09,2025-04-23,30,3021.62,604.32,Payée
FAC-2026-2791,MISS-10777,CLI-177,AG-21,2025-06-20,2025-08-04,60,58129.44,11625.89,Payée
FAC-2026-2792,MISS-12991,CLI-152,AG-15,2024-03-03,2024-04-17,30,13166.16,2633.23,Payée
FAC-2026-2793,MISS-10224,CLI-118,AG-16,2024-03-13,2024-04-27,30,14075.5,2815.1,Payée
FAC-2026-2794,MISS-11386,CLI-126,AG-07,2024-04-26,2024-06-10,90,42380.71,8476.14,En cours
FAC-2026-2795,MISS-10986,CLI-116,AG-15,2025-04-18,2025-06-02,30,5273.78,1054.75,Payée
FAC-2026-2796,MISS-13255,CLI-171,AG-12,2025-06-09,2025-07-24,30,21402.56,4280.51,Payée
FAC-2026-2797,MISS-10637,CLI-135,AG-03,2025-10-17,2025-12-01,30,5348.38,1069.68,Payée
FAC-2026-2798,MISS-11485,CLI-165,AG-17,2025-11-26,2026-01-10,45,13901.35,2780.27,Payée
FAC-2026-2799,MISS-12647,CLI-171,AG-14,2025-10-31,2025-12-15,45,10066.5,2013.3,En cours
FAC-2026-2800,MISS-10337,CLI-154,AG-15,2024-09-23,2024-11-07,45,6042.74,1208.55,Payée
FAC-2026-2801,MISS-10044,CLI-119,AG-06,2025-08-27,2025-10-11,120,25730.93,5146.19,Payée
FAC-2026-2802,MISS-10676,CLI-117,AG-14,2026-04-18,2026-06-02,30,12640.04,2528.01,Payée
FAC-2026-2803,MISS-10602,CLI-162,AG-15,2026-02-03,2026-03-20,60,8922.12,1784.42,Payée
FAC-2026-2804,MISS-12167,CLI-139,AG-19,2024-06-22,2024-08-06,45,5460.44,1092.09,En retard (Litige)
FAC-2026-2805,MISS-12657,CLI-166,AG-08,2024-08-23,2024-10-07,45,4880.02,976.0,Payée
FAC-2026-2806,MISS-13045,CLI-125,AG-07,2026-04-14,2026-05-29,45,2365.5,473.1,En cours
FAC-2026-2807,MISS-12301,CLI-174,AG-06,2024-07-29,2024-09-12,30,8844.17,1768.83,Payée
FAC-2026-2808,MISS-13012,CLI-127,AG-19,2025-05-19,2025-07-03,30,45679.02,9135.8,En cours
FAC-2026-2809,MISS-13043,CLI-123,AG-06,2024-08-02,2024-09-16,45,6391.86,1278.37,Payée
FAC-2026-2810,MISS-12614,CLI-117,AG-22,2024-10-27,2024-12-11,45,32806.25,6561.25,Payée
FAC-2026-2811,MISS-11786,CLI-141,AG-08,2024-09-10,2024-10-25,30,3735.12,747.02,En retard (Litige)
FAC-2026-2812,MISS-10232,CLI-169,AG-13,2025-02-04,2025-03-21,45,9934.01,1986.8,Payée
FAC-2026-2813,MISS-10265,CLI-140,AG-03,2024-10-22,2024-12-06,30,10357.17,2071.43,En cours
FAC-2026-2814,MISS-12528,CLI-161,AG-09,2026-03-19,2026-05-03,90,23553.14,4710.63,Payée
FAC-2026-2815,MISS-12976,CLI-146,AG-09,2024-02-04,2024-03-20,45,34612.25,6922.45,En cours
FAC-2026-2816,MISS-13123,CLI-106,AG-19,2025-05-09,2025-06-23,30,14596.12,2919.22,Payée
FAC-2026-2817,MISS-11485,CLI-165,AG-17,2025-11-26,2026-01-10,45,13901.35,2780.27,Payée
FAC-2026-2818,MISS-12947,CLI-109,AG-16,2025-09-07,2025-10-22,30,30344.52,6068.9,Payée
FAC-2026-2819,MISS-13456,CLI-168,AG-01,2025-01-01,2025-02-15,30,2016.77,403.35,Payée
FAC-2026-2820,MISS-11999,CLI-158,AG-19,2024-10-21,2024-12-05,120,24207.26,4841.45,Payée
FAC-2026-2821,MISS-10882,CLI-103,AG-14,2026-07-09,2026-08-23,45,5837.77,1167.55,En cours
FAC-2026-2822,MISS-11136,CLI-118,AG-03,2025-06-23,2025-08-07,45,26984.72,5396.94,Payée
FAC-2026-2823,MISS-12721,CLI-103,AG-11,2024-12-23,2025-02-06,30,1541.38,308.28,Payée
FAC-2026-2824,MISS-13069,CLI-154,AG-03,2025-11-28,2026-01-12,30,8094.2,1618.84,Payée
FAC-2026-2825,MISS-10372,CLI-156,AG-09,2024-06-10,2024-07-25,45,4268.13,853.63,Payée
FAC-2026-2826,MISS-10510,CLI-167,AG-14,2025-11-28,2026-01-12,30,2029.9,405.98,Payée
FAC-2026-2827,MISS-12482,CLI-112,AG-19,2026-08-16,2026-09-30,30,1327.99,265.6,Payée
FAC-2026-2828,MISS-12297,CLI-174,AG-05,2025-11-03,2025-12-18,30,1644.68,328.94,Payée
FAC-2026-2829,MISS-11972,CLI-129,AG-10,2024-02-08,2024-03-24,30,6875.4,1375.08,Payée
FAC-2026-2830,MISS-11489,CLI-131,AG-16,2024-08-15,2024-09-29,45,3017.37,603.47,Payée
FAC-2026-2831,MISS-11494,CLI-152,AG-14,2026-02-21,2026-04-07,30,7584.1,1516.82,Payée
FAC-2026-2832,MISS-10481,CLI-140,AG-16,2025-04-19,2025-06-03,30,1533.16,306.63,Payée
FAC-2026-2833,MISS-11784,CLI-144,AG-14,2026-06-14,2026-07-29,45,19943.73,3988.75,Payée
FAC-2026-2834,MISS-10428,CLI-132,AG-13,2025-10-05,2025-11-19,30,4049.98,810.0,Payée
FAC-2026-2835,MISS-10067,CLI-160,AG-10,2025-04-29,2025-06-13,45,35245.83,7049.17,Payée
FAC-2026-2836,MISS-11402,CLI-154,AG-21,2026-03-03,2026-04-17,90,24992.96,4998.59,Payée
FAC-2026-2837,MISS-11497,CLI-135,AG-06,2024-08-26,2024-10-10,120,8316.8,1663.36,Payée
FAC-2026-2838,MISS-11954,CLI-128,AG-03,2026-05-28,2026-07-12,30,23805.72,4761.14,Payée
FAC-2026-2839,MISS-11963,CLI-169,AG-16,2025-10-25,2025-12-09,45,9449.22,1889.85,En cours
FAC-2026-2840,MISS-12978,CLI-172,AG-22,2026-03-04,2026-04-18,30,14372.18,2874.44,Payée
FAC-2026-2841,MISS-10363,CLI-127,AG-14,2024-09-23,2024-11-07,120,2158.43,431.69,En retard (Litige)
FAC-2026-2842,MISS-10511,CLI-122,AG-10,2025-05-13,2025-06-27,45,2512.13,502.43,Payée
FAC-2026-2843,MISS-11856,CLI-148,AG-12,2025-06-09,2025-07-24,60,5138.18,1027.64,Payée
FAC-2026-2844,MISS-11438,CLI-110,AG-13,2026-08-09,2026-09-23,30,4848.83,969.77,Payée
FAC-2026-2845,MISS-11274,CLI-177,AG-14,2026-02-09,2026-03-26,45,2642.4,528.48,Payée
FAC-2026-2846,MISS-13440,CLI-158,AG-18,2024-05-28,2024-07-12,30,7783.87,1556.77,En cours
FAC-2026-2847,MISS-12896,CLI-110,AG-17,2025-01-28,2025-03-14,45,61707.98,12341.6,Payée
FAC-2026-2848,MISS-12029,CLI-177,AG-10,2026-01-12,2026-02-26,45,22207.8,4441.56,Payée
FAC-2026-2849,MISS-10483,CLI-175,AG-13,2025-05-11,2025-06-25,30,8232.61,1646.52,En retard (Litige)
FAC-2026-2850,MISS-11910,CLI-139,AG-03,2024-11-09,2024-12-24,90,19920.62,3984.12,Payée
FAC-2026-2851,MISS-11516,CLI-153,AG-08,2024-07-07,2024-08-21,30,5816.95,1163.39,Payée
FAC-2026-2852,MISS-12249,CLI-109,AG-13,2025-01-20,2025-03-06,90,4718.65,943.73,Payée
FAC-2026-2853,MISS-12745,CLI-116,AG-12,2024-03-19,2024-05-03,45,70061.82,14012.36,Payée
FAC-2026-2854,MISS-13381,CLI-106,AG-02,2024-03-31,2024-05-15,30,1714.01,342.8,En retard (Litige)
FAC-2026-2855,MISS-10691,CLI-145,AG-15,2024-10-04,2024-11-18,30,31288.78,6257.76,En cours
FAC-2026-2856,MISS-10409,CLI-119,AG-11,2026-07-08,2026-08-22,45,4700.94,940.19,Payée
FAC-2026-2857,MISS-13335,CLI-147,AG-07,2025-01-18,2025-03-04,45,8636.04,1727.21,Payée
FAC-2026-2858,MISS-11697,CLI-101,AG-01,2024-03-26,2024-05-10,45,2254.72,450.94,Payée
FAC-2026-2859,MISS-11270,CLI-106,AG-14,2025-05-31,2025-07-15,30,4500.62,900.12,Payée
FAC-2026-2860,MISS-12079,CLI-131,AG-03,2026-05-21,2026-07-05,30,41275.26,8255.05,En cours
FAC-2026-2861,MISS-12006,CLI-170,AG-04,2024-08-07,2024-09-21,45,1946.02,389.2,Payée
FAC-2026-2862,MISS-12503,CLI-119,AG-19,2026-03-17,2026-05-01,45,6651.66,1330.33,En retard (Litige)
FAC-2026-2863,MISS-12460,CLI-170,AG-22,2024-03-03,2024-04-17,30,59498.29,11899.66,Payée
FAC-2026-2864,MISS-10983,CLI-108,AG-17,2025-09-20,2025-11-04,30,2043.21,408.64,Payée
FAC-2026-2865,MISS-11634,CLI-142,AG-19,2025-04-30,2025-06-14,45,22129.5,4425.9,Payée
FAC-2026-2866,MISS-10315,CLI-144,AG-14,2025-03-17,2025-05-01,45,2901.2,580.24,En retard (Litige)
FAC-2026-2867,MISS-12932,CLI-103,AG-22,2024-03-28,2024-05-12,30,6221.48,1244.3,Payée
FAC-2026-2868,MISS-13306,CLI-107,AG-04,2025-01-21,2025-03-07,30,31607.66,6321.53,Payée
FAC-2026-2869,MISS-13189,CLI-123,AG-21,2025-11-19,2026-01-03,30,3105.55,621.11,Payée
FAC-2026-2870,MISS-12683,CLI-164,AG-13,2024-04-07,2024-05-22,30,1692.12,338.42,En retard (Litige)
FAC-2026-2871,MISS-13435,CLI-148,AG-15,2024-08-20,2024-10-04,30,5385.78,1077.16,Payée
FAC-2026-2872,MISS-10020,CLI-122,AG-05,2025-05-09,2025-06-23,45,17319.89,3463.98,En cours
FAC-2026-2873,MISS-13137,CLI-104,AG-13,2025-10-24,2025-12-08,30,2725.68,545.14,Payée
FAC-2026-2874,MISS-12535,CLI-154,AG-06,2024-04-06,2024-05-21,120,3554.32,710.86,Payée
FAC-2026-2875,MISS-12940,CLI-177,AG-14,2025-09-09,2025-10-24,30,7731.62,1546.32,Payée
FAC-2026-2876,MISS-10651,CLI-174,AG-22,2025-05-13,2025-06-27,30,2158.03,431.61,En retard (Litige)
FAC-2026-2877,MISS-10043,CLI-164,AG-22,2024-02-07,2024-03-23,60,2182.68,436.54,Payée
FAC-2026-2878,MISS-11268,CLI-158,AG-15,2025-12-23,2026-02-06,30,17770.02,3554.0,Payée
FAC-2026-2879,MISS-10797,CLI-155,AG-13,2024-11-05,2024-12-20,45,2503.07,500.62,En cours
FAC-2026-2880,MISS-11395,CLI-160,AG-02,2025-11-04,2025-12-19,45,36804.52,7360.9,Payée
FAC-2026-2881,MISS-10033,CLI-120,AG-12,2024-03-16,2024-04-30,90,7890.58,1578.12,Payée
FAC-2026-2882,MISS-12692,CLI-118,AG-20,2026-04-30,2026-06-14,30,3208.16,641.63,Payée
FAC-2026-2883,MISS-13187,CLI-104,AG-10,2024-04-21,2024-06-05,45,5654.86,1130.97,Payée
FAC-2026-2884,MISS-12356,CLI-137,AG-08,2024-07-01,2024-08-15,30,9248.5,1849.7,En cours
FAC-2026-2885,MISS-11305,CLI-159,AG-20,2025-11-24,2026-01-08,30,12417.72,2483.54,Payée
FAC-2026-2886,MISS-13216,CLI-171,AG-20,2026-03-26,2026-05-10,45,2932.11,586.42,Payée
FAC-2026-2887,MISS-12482,CLI-112,AG-19,2026-08-16,2026-09-30,30,1327.99,265.6,Payée
FAC-2026-2888,MISS-13483,CLI-140,AG-05,2025-10-24,2025-12-08,30,9653.88,1930.78,Payée
FAC-2026-2889,MISS-13334,CLI-110,AG-04,2026-07-07,2026-08-21,60,4031.86,806.37,En cours
FAC-2026-2890,MISS-10785,CLI-171,AG-18,2024-05-14,2024-06-28,60,42275.23,8455.05,En cours
FAC-2026-2891,MISS-10438,CLI-112,AG-03,2024-11-30,2025-01-14,60,7419.76,1483.95,Payée
FAC-2026-2892,MISS-12407,CLI-129,AG-07,2025-06-30,2025-08-14,120,8350.8,1670.16,Payée
FAC-2026-2893,MISS-12583,CLI-179,AG-12,2024-09-17,2024-11-01,45,81892.78,16378.56,Payée
FAC-2026-2894,MISS-13439,CLI-101,AG-03,2024-08-12,2024-09-26,30,5333.35,1066.67,En retard (Litige)
FAC-2026-2895,MISS-11692,CLI-115,AG-13,2026-04-03,2026-05-18,90,3058.12,611.62,Payée
FAC-2026-2896,MISS-10615,CLI-123,AG-21,2026-06-26,2026-08-10,30,21371.42,4274.28,Payée
FAC-2026-2897,MISS-12772,CLI-143,AG-01,2024-02-18,2024-04-03,120,25401.48,5080.3,Payée
FAC-2026-2898,MISS-10638,CLI-130,AG-15,2024-08-26,2024-10-10,30,8866.77,1773.35,Payée
FAC-2026-2899,MISS-12805,CLI-101,AG-06,2025-07-11,2025-08-25,90,75697.3,15139.46,Payée
FAC-2026-2900,MISS-12895,CLI-150,AG-22,2026-03-28,2026-05-12,30,1945.24,389.05,En cours
FAC-2026-2901,MISS-10002,CLI-157,AG-21,2025-03-12,2025-04-26,60,7132.78,1426.56,Payée
FAC-2026-2902,MISS-10292,CLI-175,AG-16,2025-09-09,2025-10-24,30,29143.12,5828.62,Payée
FAC-2026-2903,MISS-10545,CLI-142,AG-09,2026-02-06,2026-03-23,60,41525.84,8305.17,Payée
FAC-2026-2904,MISS-13014,CLI-165,AG-03,2025-05-13,2025-06-27,30,66516.51,13303.3,Payée
FAC-2026-2905,MISS-12631,CLI-156,AG-05,2025-01-28,2025-03-14,30,12239.17,2447.83,Payée
FAC-2026-2906,MISS-12516,CLI-150,AG-22,2025-01-11,2025-02-25,45,74787.05,14957.41,Payée
FAC-2026-2907,MISS-11213,CLI-124,AG-14,2024-03-09,2024-04-23,30,48035.12,9607.02,Payée
FAC-2026-2908,MISS-13199,CLI-142,AG-01,2026-06-20,2026-08-04,45,12607.56,2521.51,Payée
FAC-2026-2909,MISS-12688,CLI-178,AG-13,2025-09-11,2025-10-26,30,4166.23,833.25,Payée
FAC-2026-2910,MISS-13242,CLI-176,AG-03,2025-05-21,2025-07-05,30,22888.82,4577.76,Payée
FAC-2026-2911,MISS-12836,CLI-137,AG-08,2024-07-01,2024-08-15,60,3278.32,655.66,Payée
FAC-2026-2912,MISS-10262,CLI-176,AG-07,2025-05-28,2025-07-12,30,4286.4,857.28,En retard (Litige)
FAC-2026-2913,MISS-13137,CLI-104,AG-13,2025-10-24,2025-12-08,30,2725.68,545.14,En retard (Litige)
FAC-2026-2914,MISS-11444,CLI-161,AG-21,2024-10-04,2024-11-18,30,2192.98,438.6,En cours
FAC-2026-2915,MISS-11659,CLI-170,AG-17,2024-07-20,2024-09-03,30,6861.95,1372.39,Payée
FAC-2026-2916,MISS-12694,CLI-155,AG-06,2026-05-09,2026-06-23,30,5745.83,1149.17,Payée
FAC-2026-2917,MISS-12017,CLI-132,AG-10,2024-02-20,2024-04-05,45,3288.42,657.68,Payée
FAC-2026-2918,MISS-10148,CLI-156,AG-13,2026-08-15,2026-09-29,45,4653.02,930.6,Payée
FAC-2026-2919,MISS-11423,CLI-119,AG-09,2024-04-18,2024-06-02,30,23028.8,4605.76,Payée
FAC-2026-2920,MISS-10375,CLI-170,AG-10,2024-09-05,2024-10-20,45,8076.16,1615.23,Payée
FAC-2026-2921,MISS-10648,CLI-103,AG-12,2026-01-04,2026-02-18,45,4089.34,817.87,En retard (Litige)
FAC-2026-2922,MISS-12348,CLI-113,AG-21,2026-03-30,2026-05-14,60,5308.41,1061.68,Payée
FAC-2026-2923,MISS-12649,CLI-115,AG-21,2025-03-19,2025-05-03,30,3022.56,604.51,Payée
FAC-2026-2924,MISS-13417,CLI-159,AG-20,2024-11-29,2025-01-13,30,28344.53,5668.91,En cours
FAC-2026-2925,MISS-11261,CLI-163,AG-01,2026-08-11,2026-09-25,30,3726.08,745.22,Payée
FAC-2026-2926,MISS-10045,CLI-129,AG-04,2025-07-20,2025-09-03,30,9285.44,1857.09,En retard (Litige)
FAC-2026-2927,MISS-10821,CLI-143,AG-06,2024-11-18,2025-01-02,45,1588.59,317.72,Payée
FAC-2026-2928,MISS-13345,CLI-102,AG-19,2025-07-05,2025-08-19,120,6476.42,1295.28,En cours
FAC-2026-2929,MISS-13331,CLI-178,AG-18,2026-04-17,2026-06-01,120,82414.11,16482.82,Payée
FAC-2026-2930,MISS-10102,CLI-155,AG-21,2025-07-30,2025-09-13,30,7107.9,1421.58,Payée
FAC-2026-2931,MISS-11121,CLI-137,AG-10,2024-07-21,2024-09-04,90,23512.64,4702.53,Payée
FAC-2026-2932,MISS-10329,CLI-160,AG-02,2026-04-07,2026-05-22,60,39781.88,7956.38,Payée
FAC-2026-2933,MISS-11244,CLI-147,AG-04,2026-03-11,2026-04-25,30,31982.78,6396.56,Payée
FAC-2026-2934,MISS-10337,CLI-154,AG-15,2024-09-23,2024-11-07,30,6042.74,1208.55,Payée
FAC-2026-2935,MISS-11853,CLI-118,AG-22,2024-06-23,2024-08-07,90,8124.5,1624.9,Payée
FAC-2026-2936,MISS-10314,CLI-158,AG-14,2026-06-04,2026-07-19,45,9179.36,1835.87,Payée
FAC-2026-2937,MISS-12095,CLI-119,AG-07,2025-08-26,2025-10-10,30,3284.15,656.83,Payée
FAC-2026-2938,MISS-11101,CLI-103,AG-19,2026-02-27,2026-04-13,30,20629.04,4125.81,Payée
FAC-2026-2939,MISS-12868,CLI-119,AG-11,2026-08-20,2026-10-04,90,4684.77,936.96,Payée
FAC-2026-2940,MISS-11753,CLI-162,AG-19,2026-08-01,2026-09-15,30,2277.23,455.45,Payée
FAC-2026-2941,MISS-12955,CLI-113,AG-19,2026-02-22,2026-04-08,45,60981.75,12196.35,Payée
FAC-2026-2942,MISS-13038,CLI-128,AG-01,2025-08-09,2025-09-23,30,27936.1,5587.22,Payée
FAC-2026-2943,MISS-10795,CLI-108,AG-11,2024-10-22,2024-12-06,60,6527.82,1305.56,Payée
FAC-2026-2944,MISS-11922,CLI-164,AG-16,2026-06-29,2026-08-13,90,1921.29,384.26,Payée
FAC-2026-2945,MISS-10682,CLI-148,AG-07,2025-06-23,2025-08-07,30,9415.72,1883.14,Payée
FAC-2026-2946,MISS-10291,CLI-171,AG-22,2024-08-11,2024-09-25,30,2365.37,473.07,Payée
FAC-2026-2947,MISS-13033,CLI-178,AG-16,2025-10-20,2025-12-04,30,22494.64,4498.93,Payée
FAC-2026-2948,MISS-13405,CLI-165,AG-13,2025-08-05,2025-09-19,45,5402.94,1080.59,Payée
FAC-2026-2949,MISS-10398,CLI-116,AG-04,2024-12-16,2025-01-30,30,6320.9,1264.18,Payée
FAC-2026-2950,MISS-12443,CLI-116,AG-18,2024-11-05,2024-12-20,60,2407.48,481.5,En retard (Litige)
FAC-2026-2951,MISS-13160,CLI-118,AG-01,2025-06-06,2025-07-21,120,12955.34,2591.07,Payée
FAC-2026-2952,MISS-12518,CLI-138,AG-21,2025-04-07,2025-05-22,30,5009.43,1001.89,Payée
FAC-2026-2953,MISS-10366,CLI-104,AG-09,2026-03-20,2026-05-04,45,86288.32,17257.66,Payée
FAC-2026-2954,MISS-12512,CLI-169,AG-12,2026-08-14,2026-09-28,45,4031.8,806.36,Payée
FAC-2026-2955,MISS-11842,CLI-158,AG-15,2024-12-19,2025-02-02,45,5652.35,1130.47,Payée
FAC-2026-2956,MISS-12213,CLI-126,AG-09,2025-04-20,2025-06-04,30,9256.68,1851.34,En cours
FAC-2026-2957,MISS-13193,CLI-175,AG-05,2025-09-25,2025-11-09,30,2205.86,441.17,Payée
FAC-2026-2958,MISS-13199,CLI-142,AG-01,2026-06-20,2026-08-04,30,12607.56,2521.51,Payée
FAC-2026-2959,MISS-11094,CLI-152,AG-13,2026-02-09,2026-03-26,60,5288.78,1057.76,En cours
FAC-2026-2960,MISS-10507,CLI-143,AG-12,2025-02-02,2025-03-19,30,8007.9,1601.58,Payée
FAC-2026-2961,MISS-11372,CLI-107,AG-08,2025-01-28,2025-03-14,45,25055.47,5011.09,Payée
FAC-2026-2962,MISS-11447,CLI-104,AG-21,2025-06-11,2025-07-26,30,7613.8,1522.76,Payée
FAC-2026-2963,MISS-13331,CLI-178,AG-18,2026-04-17,2026-06-01,30,82414.11,16482.82,Payée
FAC-2026-2964,MISS-12127,CLI-102,AG-10,2024-12-14,2025-01-28,45,6376.46,1275.29,Payée
FAC-2026-2965,MISS-12715,CLI-116,AG-19,2024-05-02,2024-06-16,30,65563.5,13112.7,Payée
FAC-2026-2966,MISS-12260,CLI-106,AG-05,2024-07-20,2024-09-03,30,6935.58,1387.12,Payée
FAC-2026-2967,MISS-10227,CLI-100,AG-12,2025-03-26,2025-05-10,30,21150.6,4230.12,Payée
FAC-2026-2968,MISS-12981,CLI-126,AG-08,2026-01-09,2026-02-23,45,29287.86,5857.57,Payée
FAC-2026-2969,MISS-10628,CLI-170,AG-08,2025-06-16,2025-07-31,30,27198.54,5439.71,En retard (Litige)
FAC-2026-2970,MISS-10578,CLI-152,AG-11,2025-11-12,2025-12-27,30,6525.84,1305.17,Payée
FAC-2026-2971,MISS-11156,CLI-170,AG-21,2026-05-27,2026-07-11,30,1647.8,329.56,Payée
FAC-2026-2972,MISS-10779,CLI-140,AG-18,2025-03-21,2025-05-05,120,2191.44,438.29,Payée
FAC-2026-2973,MISS-12735,CLI-157,AG-05,2025-05-06,2025-06-20,90,37752.46,7550.49,Payée
FAC-2026-2974,MISS-11633,CLI-175,AG-17,2025-09-13,2025-10-28,60,23691.14,4738.23,Payée
FAC-2026-2975,MISS-13426,CLI-169,AG-13,2026-07-02,2026-08-16,30,26104.78,5220.96,Payée
FAC-2026-2976,MISS-11263,CLI-125,AG-18,2024-07-08,2024-08-22,30,23236.06,4647.21,Payée
FAC-2026-2977,MISS-13297,CLI-168,AG-18,2025-09-23,2025-11-07,90,10441.5,2088.3,Payée
FAC-2026-2978,MISS-10531,CLI-165,AG-03,2026-07-25,2026-09-08,45,8703.9,1740.78,Payée
FAC-2026-2979,MISS-12727,CLI-108,AG-06,2024-05-26,2024-07-10,90,74172.34,14834.47,Payée
FAC-2026-2980,MISS-11961,CLI-151,AG-18,2025-03-25,2025-05-09,45,4159.84,831.97,Payée
FAC-2026-2981,MISS-11493,CLI-143,AG-17,2026-04-04,2026-05-19,30,8677.63,1735.53,Payée
FAC-2026-2982,MISS-11215,CLI-109,AG-22,2026-01-28,2026-03-14,30,5396.36,1079.27,Payée
FAC-2026-2983,MISS-12594,CLI-146,AG-03,2024-06-02,2024-07-17,90,3357.05,671.41,Payée
FAC-2026-2984,MISS-10139,CLI-160,AG-12,2025-01-01,2025-02-15,30,18230.7,3646.14,Payée
FAC-2026-2985,MISS-12323,CLI-105,AG-02,2024-07-10,2024-08-24,30,28278.64,5655.73,Payée
FAC-2026-2986,MISS-12965,CLI-104,AG-09,2025-03-05,2025-04-19,45,4752.16,950.43,Payée
FAC-2026-2987,MISS-12259,CLI-137,AG-18,2025-05-29,2025-07-13,30,30713.08,6142.62,Payée
FAC-2026-2988,MISS-10883,CLI-132,AG-16,2026-09-01,2026-10-16,30,40857.64,8171.53,Payée
FAC-2026-2989,MISS-13490,CLI-179,AG-03,2025-02-12,2025-03-29,30,41683.8,8336.76,Payée
FAC-2026-2990,MISS-12839,CLI-137,AG-22,2026-05-25,2026-07-09,45,17905.78,3581.16,Payée
FAC-2026-2991,MISS-11065,CLI-177,AG-22,2025-06-04,2025-07-19,30,17504.52,3500.9,Payée
FAC-2026-2992,MISS-12205,CLI-160,AG-21,2024-06-29,2024-08-13,90,9649.5,1929.9,En cours
FAC-2026-2993,MISS-11747,CLI-126,AG-11,2024-11-21,2025-01-05,30,1018.99,203.8,Payée
FAC-2026-2994,MISS-11385,CLI-111,AG-12,2025-04-08,2025-05-23,45,4548.4,909.68,En retard (Litige)
FAC-2026-2995,MISS-10505,CLI-128,AG-15,2026-05-30,2026-07-14,30,59246.6,11849.32,Payée
FAC-2026-2996,MISS-12390,CLI-127,AG-12,2024-11-03,2024-12-18,45,30805.16,6161.03,Payée
FAC-2026-2997,MISS-10562,CLI-105,AG-02,2024-07-27,2024-09-10,60,8270.53,1654.11,En cours
FAC-2026-2998,MISS-12108,CLI-117,AG-02,2026-08-01,2026-09-15,45,1168.5,233.7,Payée
FAC-2026-2999,MISS-11829,CLI-178,AG-07,2026-05-23,2026-07-07,45,13213.98,2642.8,En cours
FAC-2026-3000,MISS-12288,CLI-167,AG-14,2025-09-06,2025-10-21,30,79448.28,15889.66,Payée
FAC-2026-3001,MISS-10592,CLI-101,AG-19,2024-03-03,2024-04-17,30,20855.63,4171.13,Payée
FAC-2026-3002,MISS-12544,CLI-159,AG-16,2026-08-05,2026-09-19,45,4517.04,903.41,Payée
FAC-2026-3003,MISS-13208,CLI-175,AG-02,2025-12-26,2026-02-09,45,3149.9,629.98,Payée
FAC-2026-3004,MISS-12675,CLI-134,AG-21,2026-06-15,2026-07-30,30,2434.72,486.94,Payée
FAC-2026-3005,MISS-12198,CLI-115,AG-19,2025-09-12,2025-10-27,60,2175.18,435.04,Payée
FAC-2026-3006,MISS-12059,CLI-127,AG-07,2026-03-04,2026-04-18,90,4553.8,910.76,Payée
FAC-2026-3007,MISS-13364,CLI-123,AG-19,2026-07-24,2026-09-07,45,5000.06,1000.01,En cours
FAC-2026-3008,MISS-10780,CLI-152,AG-11,2024-10-13,2024-11-27,45,2107.91,421.58,Payée
FAC-2026-3009,MISS-12601,CLI-143,AG-10,2025-06-04,2025-07-19,90,5599.85,1119.97,Payée
FAC-2026-3010,MISS-11034,CLI-149,AG-14,2024-04-06,2024-05-21,30,4178.32,835.66,Payée
FAC-2026-3011,MISS-12810,CLI-128,AG-03,2025-03-01,2025-04-15,45,3236.12,647.22,Payée
FAC-2026-3012,MISS-10487,CLI-156,AG-11,2024-08-20,2024-10-04,60,13497.9,2699.58,En cours
FAC-2026-3013,MISS-11305,CLI-159,AG-20,2025-11-24,2026-01-08,30,12417.72,2483.54,Payée
FAC-2026-3014,MISS-12225,CLI-134,AG-01,2024-07-14,2024-08-28,45,3725.92,745.18,Payée
FAC-2026-3015,MISS-12330,CLI-167,AG-13,2024-10-01,2024-11-15,30,13692.14,2738.43,Payée
FAC-2026-3016,MISS-10898,CLI-154,AG-15,2025-08-16,2025-09-30,30,1914.37,382.87,Payée
FAC-2026-3017,MISS-12480,CLI-126,AG-02,2024-06-07,2024-07-22,90,7972.96,1594.59,Payée
FAC-2026-3018,MISS-12994,CLI-173,AG-14,2025-10-30,2025-12-14,30,7185.01,1437.0,En cours
FAC-2026-3019,MISS-10698,CLI-161,AG-03,2024-03-21,2024-05-05,30,17221.12,3444.22,Payée
FAC-2026-3020,MISS-11109,CLI-106,AG-02,2024-09-17,2024-11-01,60,26322.16,5264.43,Payée
FAC-2026-3021,MISS-10130,CLI-134,AG-02,2025-07-08,2025-08-22,30,4873.5,974.7,Payée
FAC-2026-3022,MISS-11327,CLI-142,AG-16,2025-09-05,2025-10-20,30,13425.63,2685.13,Payée
FAC-2026-3023,MISS-11392,CLI-123,AG-20,2024-04-17,2024-06-01,30,8942.95,1788.59,En cours
FAC-2026-3024,MISS-12414,CLI-171,AG-20,2025-12-07,2026-01-21,45,1223.46,244.69,Payée
FAC-2026-3025,MISS-11183,CLI-139,AG-13,2024-07-04,2024-08-18,45,36519.96,7303.99,Payée
FAC-2026-3026,MISS-11876,CLI-120,AG-21,2025-02-21,2025-04-07,45,1618.18,323.64,En cours
FAC-2026-3027,MISS-10285,CLI-105,AG-03,2026-02-28,2026-04-14,30,2659.3,531.86,Payée
FAC-2026-3028,MISS-12342,CLI-129,AG-20,2024-10-26,2024-12-10,30,7644.26,1528.85,Payée
FAC-2026-3029,MISS-10704,CLI-164,AG-16,2024-10-30,2024-12-14,30,3267.64,653.53,En cours
FAC-2026-3030,MISS-12197,CLI-172,AG-02,2025-02-04,2025-03-21,60,2501.3,500.26,Payée
FAC-2026-3031,MISS-11783,CLI-153,AG-17,2026-06-30,2026-08-14,30,64969.5,12993.9,Payée
FAC-2026-3032,MISS-12517,CLI-141,AG-10,2025-12-11,2026-01-25,45,2269.83,453.97,Payée
FAC-2026-3033,MISS-11189,CLI-149,AG-17,2026-08-17,2026-10-01,30,4173.2,834.64,Payée
FAC-2026-3034,MISS-11310,CLI-160,AG-08,2026-03-18,2026-05-02,45,5390.93,1078.19,Payée
FAC-2026-3035,MISS-12813,CLI-101,AG-13,2024-08-23,2024-10-07,30,9577.87,1915.57,Payée
FAC-2026-3036,MISS-10730,CLI-153,AG-21,2026-05-28,2026-07-12,30,57747.75,11549.55,En cours
FAC-2026-3037,MISS-10242,CLI-116,AG-04,2025-05-24,2025-07-08,90,5008.82,1001.76,Payée
FAC-2026-3038,MISS-12502,CLI-147,AG-10,2024-12-23,2025-02-06,45,4761.04,952.21,Payée
FAC-2026-3039,MISS-11520,CLI-160,AG-20,2025-08-06,2025-09-20,30,88694.14,17738.83,Payée
FAC-2026-3040,MISS-10062,CLI-179,AG-08,2024-12-15,2025-01-29,30,4123.74,824.75,Payée
FAC-2026-3041,MISS-11913,CLI-108,AG-01,2025-03-25,2025-05-09,60,1939.28,387.86,En cours
FAC-2026-3042,MISS-10319,CLI-143,AG-20,2024-09-11,2024-10-26,30,4898.38,979.68,Payée
FAC-2026-3043,MISS-10117,CLI-133,AG-20,2025-02-20,2025-04-06,45,27082.86,5416.57,Payée
FAC-2026-3044,MISS-12140,CLI-100,AG-15,2026-07-10,2026-08-24,45,4007.5,801.5,Payée
FAC-2026-3045,MISS-11705,CLI-110,AG-21,2024-09-01,2024-10-16,30,8412.58,1682.52,Payée
FAC-2026-3046,MISS-11291,CLI-178,AG-16,2024-08-07,2024-09-21,30,10716.29,2143.26,Payée
FAC-2026-3047,MISS-10961,CLI-111,AG-04,2024-07-18,2024-09-01,30,2323.0,464.6,En cours
FAC-2026-3048,MISS-13367,CLI-121,AG-22,2024-08-22,2024-10-06,45,2045.22,409.04,En cours
FAC-2026-3049,MISS-10637,CLI-135,AG-03,2025-10-17,2025-12-01,30,5348.38,1069.68,Payée
FAC-2026-3050,MISS-11288,CLI-117,AG-15,2026-07-09,2026-08-23,60,1209.97,242.0,Payée
FAC-2026-3051,MISS-11573,CLI-112,AG-16,2024-04-24,2024-06-08,45,4409.1,881.82,Payée
FAC-2026-3052,MISS-11598,CLI-107,AG-09,2025-09-07,2025-10-22,30,78743.32,15748.66,Payée
FAC-2026-3053,MISS-10294,CLI-106,AG-16,2024-10-27,2024-12-11,90,27638.78,5527.76,Payée
FAC-2026-3054,MISS-10202,CLI-171,AG-04,2024-04-02,2024-05-17,45,3255.86,651.17,Payée
FAC-2026-3055,MISS-10278,CLI-122,AG-19,2026-04-20,2026-06-04,45,2198.04,439.61,Payée
FAC-2026-3056,MISS-13425,CLI-159,AG-20,2024-03-17,2024-05-01,30,2374.04,474.81,Payée
FAC-2026-3057,MISS-11529,CLI-173,AG-05,2024-06-27,2024-08-11,30,8076.06,1615.21,Payée
FAC-2026-3058,MISS-11554,CLI-162,AG-11,2024-12-30,2025-02-13,30,5620.49,1124.1,Payée
FAC-2026-3059,MISS-10130,CLI-134,AG-02,2025-07-08,2025-08-22,30,4873.5,974.7,En cours
FAC-2026-3060,MISS-11861,CLI-134,AG-05,2025-08-20,2025-10-04,30,9007.92,1801.58,Payée
FAC-2026-3061,MISS-11065,CLI-177,AG-22,2025-06-04,2025-07-19,45,17504.52,3500.9,En cours
FAC-2026-3062,MISS-12295,CLI-164,AG-04,2025-09-29,2025-11-13,60,6431.89,1286.38,Payée
FAC-2026-3063,MISS-13061,CLI-145,AG-06,2024-02-22,2024-04-07,45,4333.82,866.76,Payée
FAC-2026-3064,MISS-10023,CLI-175,AG-17,2025-05-19,2025-07-03,45,78638.52,15727.7,Payée
FAC-2026-3065,MISS-10705,CLI-158,AG-06,2025-12-08,2026-01-22,45,2345.92,469.18,Payée
FAC-2026-3066,MISS-11125,CLI-177,AG-05,2024-04-26,2024-06-10,30,19203.78,3840.76,Payée
FAC-2026-3067,MISS-12842,CLI-112,AG-10,2024-08-04,2024-09-18,45,2913.16,582.63,Payée
FAC-2026-3068,MISS-10409,CLI-119,AG-11,2026-07-08,2026-08-22,30,4700.94,940.19,Payée
FAC-2026-3069,MISS-10429,CLI-160,AG-01,2025-07-28,2025-09-11,30,5081.62,1016.32,Payée
FAC-2026-3070,MISS-11516,CLI-153,AG-08,2024-07-07,2024-08-21,30,5816.95,1163.39,Payée
FAC-2026-3071,MISS-13259,CLI-119,AG-19,2026-03-02,2026-04-16,30,27580.78,5516.16,Payée
FAC-2026-3072,MISS-11379,CLI-149,AG-14,2024-03-01,2024-04-15,30,91193.24,18238.65,Payée
FAC-2026-3073,MISS-11463,CLI-104,AG-08,2024-05-09,2024-06-23,60,22119.1,4423.82,Payée
FAC-2026-3074,MISS-12347,CLI-124,AG-17,2025-05-11,2025-06-25,30,3964.73,792.95,Payée
FAC-2026-3075,MISS-13200,CLI-178,AG-10,2024-06-29,2024-08-13,45,5128.2,1025.64,Payée
FAC-2026-3076,MISS-13212,CLI-145,AG-22,2024-03-31,2024-05-15,30,42769.63,8553.93,Payée
FAC-2026-3077,MISS-12851,CLI-142,AG-10,2024-05-23,2024-07-07,30,2782.84,556.57,Payée
FAC-2026-3078,MISS-12573,CLI-103,AG-18,2024-03-02,2024-04-16,90,12636.86,2527.37,Payée
FAC-2026-3079,MISS-12098,CLI-111,AG-07,2024-12-22,2025-02-05,30,8180.46,1636.09,En cours
FAC-2026-3080,MISS-13307,CLI-119,AG-22,2026-05-02,2026-06-16,60,3407.68,681.54,Payée
FAC-2026-3081,MISS-12159,CLI-157,AG-08,2026-03-27,2026-05-11,90,1879.82,375.96,Payée
FAC-2026-3082,MISS-11813,CLI-152,AG-19,2024-07-23,2024-09-06,30,2490.0,498.0,Payée
FAC-2026-3083,MISS-10335,CLI-148,AG-16,2025-10-09,2025-11-23,30,2442.08,488.42,Payée
FAC-2026-3084,MISS-12058,CLI-153,AG-21,2024-07-15,2024-08-29,30,8975.18,1795.04,Payée
FAC-2026-3085,MISS-10917,CLI-121,AG-20,2025-02-18,2025-04-04,30,4358.34,871.67,Payée
FAC-2026-3086,MISS-10514,CLI-121,AG-03,2025-05-05,2025-06-19,45,22833.8,4566.76,En retard (Litige)
FAC-2026-3087,MISS-12134,CLI-112,AG-06,2024-11-05,2024-12-20,30,3307.1,661.42,Payée
FAC-2026-3088,MISS-12700,CLI-130,AG-18,2024-12-15,2025-01-29,30,5295.22,1059.04,Payée
FAC-2026-3089,MISS-10277,CLI-176,AG-10,2025-08-07,2025-09-21,60,1351.71,270.34,Payée
FAC-2026-3090,MISS-10749,CLI-179,AG-15,2025-01-22,2025-03-08,30,7381.53,1476.31,Payée
FAC-2026-3091,MISS-12559,CLI-160,AG-06,2025-11-29,2026-01-13,30,3209.8,641.96,Payée
FAC-2026-3092,MISS-13070,CLI-104,AG-05,2026-06-21,2026-08-05,30,5626.74,1125.35,Payée
FAC-2026-3093,MISS-10279,CLI-116,AG-16,2025-08-17,2025-10-01,60,20743.08,4148.62,Payée
FAC-2026-3094,MISS-12294,CLI-104,AG-09,2025-04-01,2025-05-16,90,4304.96,860.99,En retard (Litige)
FAC-2026-3095,MISS-12276,CLI-100,AG-14,2024-11-16,2024-12-31,30,80107.29,16021.46,Payée
FAC-2026-3096,MISS-10625,CLI-131,AG-13,2024-09-10,2024-10-25,60,29716.84,5943.37,Payée
FAC-2026-3097,MISS-12962,CLI-169,AG-12,2024-08-04,2024-09-18,30,7913.21,1582.64,Payée
FAC-2026-3098,MISS-12770,CLI-140,AG-14,2024-05-27,2024-07-11,30,2021.69,404.34,Payée
FAC-2026-3099,MISS-10498,CLI-144,AG-06,2024-08-31,2024-10-15,30,32362.75,6472.55,Payée
FAC-2026-3100,MISS-10227,CLI-100,AG-12,2025-03-26,2025-05-10,45,21150.6,4230.12,Payée
FAC-2026-3101,MISS-10456,CLI-116,AG-20,2025-12-24,2026-02-07,30,1211.18,242.24,Payée
FAC-2026-3102,MISS-11338,CLI-162,AG-05,2024-10-09,2024-11-23,30,31142.64,6228.53,Payée
FAC-2026-3103,MISS-11020,CLI-164,AG-08,2024-05-29,2024-07-13,60,2951.6,590.32,Payée
FAC-2026-3104,MISS-11002,CLI-134,AG-21,2026-03-23,2026-05-07,30,7769.56,1553.91,En cours
FAC-2026-3105,MISS-12254,CLI-124,AG-22,2025-02-04,2025-03-21,45,3081.1,616.22,En cours
FAC-2026-3106,MISS-12327,CLI-134,AG-02,2025-05-14,2025-06-28,30,6645.72,1329.14,Payée
FAC-2026-3107,MISS-11577,CLI-122,AG-01,2024-04-27,2024-06-11,45,57121.2,11424.24,Payée
FAC-2026-3108,MISS-13269,CLI-132,AG-10,2026-06-13,2026-07-28,120,77002.18,15400.44,Payée
FAC-2026-3109,MISS-12363,CLI-113,AG-19,2025-05-20,2025-07-04,30,8477.16,1695.43,Payée
FAC-2026-3110,MISS-11865,CLI-103,AG-06,2025-04-08,2025-05-23,30,9198.48,1839.7,En cours
FAC-2026-3111,MISS-12033,CLI-131,AG-18,2024-06-20,2024-08-04,30,10479.54,2095.91,En retard (Litige)
FAC-2026-3112,MISS-11153,CLI-111,AG-01,2026-07-12,2026-08-26,30,1053.03,210.6,Payée
FAC-2026-3113,MISS-11651,CLI-113,AG-20,2024-11-20,2025-01-04,90,7977.16,1595.43,Payée
FAC-2026-3114,MISS-10004,CLI-129,AG-15,2026-02-02,2026-03-19,30,60420.08,12084.02,En cours
FAC-2026-3115,MISS-12220,CLI-136,AG-12,2025-07-19,2025-09-02,45,9429.11,1885.82,Payée
FAC-2026-3116,MISS-11687,CLI-117,AG-11,2024-10-22,2024-12-06,30,13215.14,2643.03,Payée
FAC-2026-3117,MISS-11531,CLI-135,AG-03,2026-08-09,2026-09-23,30,6190.07,1238.01,Payée
FAC-2026-3118,MISS-11108,CLI-161,AG-03,2025-11-11,2025-12-26,45,31670.98,6334.2,Payée
FAC-2026-3119,MISS-13145,CLI-128,AG-05,2024-05-31,2024-07-15,30,69099.02,13819.8,Payée
FAC-2026-3120,MISS-10191,CLI-122,AG-02,2024-05-19,2024-07-03,30,14401.26,2880.25,Payée
FAC-2026-3121,MISS-10522,CLI-124,AG-02,2025-05-25,2025-07-09,60,4330.27,866.06,En cours
FAC-2026-3122,MISS-10199,CLI-152,AG-10,2026-05-16,2026-06-30,45,1860.31,372.06,Payée
FAC-2026-3123,MISS-12621,CLI-140,AG-05,2024-11-13,2024-12-28,30,55140.76,11028.15,Payée
FAC-2026-3124,MISS-13173,CLI-159,AG-20,2025-03-26,2025-05-10,45,2116.98,423.4,Payée
FAC-2026-3125,MISS-13136,CLI-128,AG-05,2024-02-27,2024-04-12,30,4590.39,918.08,Payée
FAC-2026-3126,MISS-10584,CLI-167,AG-20,2025-08-30,2025-10-14,45,72120.22,14424.04,En retard (Litige)
FAC-2026-3127,MISS-10867,CLI-113,AG-14,2024-06-22,2024-08-06,30,7268.01,1453.6,Payée
FAC-2026-3128,MISS-13207,CLI-152,AG-10,2025-12-19,2026-02-02,60,13828.88,2765.78,Payée
FAC-2026-3129,MISS-10809,CLI-137,AG-18,2025-09-22,2025-11-06,30,23555.22,4711.04,Payée
FAC-2026-3130,MISS-11605,CLI-115,AG-12,2026-07-08,2026-08-22,30,21962.11,4392.42,Payée
FAC-2026-3131,MISS-11503,CLI-128,AG-06,2026-09-04,2026-10-19,30,23048.11,4609.62,En cours
FAC-2026-3132,MISS-12877,CLI-178,AG-08,2026-03-25,2026-05-09,30,66286.37,13257.27,Payée
FAC-2026-3133,MISS-10856,CLI-121,AG-22,2026-01-10,2026-02-24,45,21920.92,4384.18,En cours
FAC-2026-3134,MISS-11942,CLI-123,AG-07,2024-04-12,2024-05-27,30,30386.22,6077.24,Payée
FAC-2026-3135,MISS-12328,CLI-131,AG-21,2025-07-29,2025-09-12,30,16405.31,3281.06,Payée
FAC-2026-3136,MISS-11505,CLI-155,AG-10,2024-06-23,2024-08-07,45,8621.72,1724.34,Payée
FAC-2026-3137,MISS-11319,CLI-134,AG-06,2026-05-15,2026-06-29,30,40586.32,8117.26,Payée
FAC-2026-3138,MISS-12899,CLI-169,AG-07,2026-06-28,2026-08-12,45,29084.04,5816.81,Payée
FAC-2026-3139,MISS-13182,CLI-151,AG-02,2026-06-20,2026-08-04,45,27784.74,5556.95,Payée
FAC-2026-3140,MISS-10852,CLI-149,AG-05,2025-01-30,2025-03-16,30,1471.36,294.27,Payée
FAC-2026-3141,MISS-10149,CLI-164,AG-17,2025-11-20,2026-01-04,45,9189.38,1837.88,Payée
FAC-2026-3142,MISS-10962,CLI-130,AG-01,2026-06-12,2026-07-27,30,7438.04,1487.61,Payée
FAC-2026-3143,MISS-13414,CLI-120,AG-21,2026-08-08,2026-09-22,90,53597.76,10719.55,Payée
FAC-2026-3144,MISS-11057,CLI-149,AG-07,2024-04-16,2024-05-31,90,5106.11,1021.22,Payée
FAC-2026-3145,MISS-11681,CLI-107,AG-21,2024-02-27,2024-04-12,45,87623.39,17524.68,Payée
FAC-2026-3146,MISS-10844,CLI-159,AG-09,2026-08-21,2026-10-05,30,28954.92,5790.98,Payée
FAC-2026-3147,MISS-10621,CLI-170,AG-03,2026-05-30,2026-07-14,30,5413.51,1082.7,Payée
FAC-2026-3148,MISS-12892,CLI-145,AG-12,2025-06-23,2025-08-07,45,37785.2,7557.04,Payée
FAC-2026-3149,MISS-11654,CLI-170,AG-07,2026-03-16,2026-04-30,45,2677.12,535.43,Payée
FAC-2026-3150,MISS-10835,CLI-119,AG-17,2026-08-11,2026-09-25,120,18325.46,3665.09,Payée
FAC-2026-3151,MISS-12676,CLI-131,AG-17,2025-08-24,2025-10-08,30,63761.41,12752.28,Payée
FAC-2026-3152,MISS-13298,CLI-155,AG-19,2025-04-03,2025-05-18,45,3484.18,696.84,En cours
FAC-2026-3153,MISS-12841,CLI-103,AG-16,2026-07-26,2026-09-09,60,1295.1,259.02,En cours
FAC-2026-3154,MISS-11066,CLI-103,AG-03,2024-07-26,2024-09-09,30,35900.0,7180.0,Payée
FAC-2026-3155,MISS-10808,CLI-149,AG-03,2026-03-21,2026-05-05,30,2363.09,472.62,Payée
FAC-2026-3156,MISS-13068,CLI-138,AG-14,2024-04-30,2024-06-14,45,3911.35,782.27,Payée
FAC-2026-3157,MISS-12186,CLI-147,AG-10,2026-06-17,2026-08-01,30,2339.76,467.95,Payée
FAC-2026-3158,MISS-12486,CLI-145,AG-17,2024-09-29,2024-11-13,60,37077.52,7415.51,Payée
FAC-2026-3159,MISS-10116,CLI-154,AG-12,2024-09-09,2024-10-24,30,16428.8,3285.76,Payée
FAC-2026-3160,MISS-12351,CLI-154,AG-03,2026-04-13,2026-05-28,90,29509.94,5901.99,En cours
FAC-2026-3161,MISS-10721,CLI-177,AG-06,2025-01-03,2025-02-17,30,52311.17,10462.23,Payée
FAC-2026-3162,MISS-10396,CLI-108,AG-07,2026-02-25,2026-04-11,90,7689.48,1537.9,Payée
FAC-2026-3163,MISS-10143,CLI-119,AG-16,2024-05-03,2024-06-17,30,57781.95,11556.39,Payée
FAC-2026-3164,MISS-10358,CLI-136,AG-02,2026-06-27,2026-08-11,30,70327.74,14065.55,En retard (Litige)
FAC-2026-3165,MISS-11332,CLI-158,AG-12,2026-08-14,2026-09-28,45,1981.65,396.33,En cours
FAC-2026-3166,MISS-10595,CLI-108,AG-09,2024-05-22,2024-07-06,30,6263.93,1252.79,Payée
FAC-2026-3167,MISS-10254,CLI-119,AG-01,2025-01-24,2025-03-10,45,18590.7,3718.14,Payée
FAC-2026-3168,MISS-10404,CLI-160,AG-04,2026-05-21,2026-07-05,30,30005.9,6001.18,Payée
FAC-2026-3169,MISS-11550,CLI-103,AG-10,2024-02-16,2024-04-01,45,14863.52,2972.7,En cours
FAC-2026-3170,MISS-11937,CLI-131,AG-17,2026-04-12,2026-05-27,30,1129.38,225.88,Payée
FAC-2026-3171,MISS-10034,CLI-128,AG-19,2026-06-19,2026-08-03,60,2346.98,469.4,Payée
FAC-2026-3172,MISS-11941,CLI-107,AG-06,2026-07-24,2026-09-07,30,5612.32,1122.46,Payée
FAC-2026-3173,MISS-12853,CLI-162,AG-09,2026-06-03,2026-07-18,45,44056.54,8811.31,Payée
FAC-2026-3174,MISS-12746,CLI-148,AG-22,2025-04-24,2025-06-08,45,2081.4,416.28,Payée
FAC-2026-3175,MISS-10689,CLI-110,AG-13,2026-05-13,2026-06-27,30,29015.74,5803.15,Payée
FAC-2026-3176,MISS-12428,CLI-101,AG-12,2024-10-26,2024-12-10,30,10678.65,2135.73,En cours
FAC-2026-3177,MISS-10332,CLI-149,AG-21,2024-05-10,2024-06-24,60,5780.8,1156.16,En cours
FAC-2026-3178,MISS-12107,CLI-172,AG-02,2024-08-27,2024-10-11,30,25932.33,5186.47,Payée
FAC-2026-3179,MISS-12046,CLI-113,AG-22,2024-08-08,2024-09-22,30,5086.44,1017.29,Payée
FAC-2026-3180,MISS-11732,CLI-129,AG-09,2025-03-08,2025-04-22,60,27438.76,5487.75,Payée
FAC-2026-3181,MISS-10507,CLI-143,AG-12,2025-02-02,2025-03-19,30,8007.9,1601.58,Payée
FAC-2026-3182,MISS-10441,CLI-114,AG-16,2024-02-22,2024-04-07,30,33874.54,6774.91,En retard (Litige)
FAC-2026-3183,MISS-11662,CLI-135,AG-05,2025-12-22,2026-02-05,30,89993.34,17998.67,Payée
FAC-2026-3184,MISS-12492,CLI-178,AG-11,2024-10-26,2024-12-10,30,13379.32,2675.86,Payée
FAC-2026-3185,MISS-13376,CLI-168,AG-06,2025-12-22,2026-02-05,60,6227.6,1245.52,Payée
FAC-2026-3186,MISS-11491,CLI-163,AG-10,2025-07-19,2025-09-02,30,5071.64,1014.33,Payée
FAC-2026-3187,MISS-10373,CLI-178,AG-04,2024-03-13,2024-04-27,30,15456.54,3091.31,Payée
FAC-2026-3188,MISS-10251,CLI-148,AG-10,2024-09-16,2024-10-31,30,3418.68,683.74,Payée
FAC-2026-3189,MISS-10468,CLI-107,AG-01,2025-03-06,2025-04-20,30,6496.9,1299.38,En retard (Litige)
FAC-2026-3190,MISS-12451,CLI-116,AG-07,2025-08-19,2025-10-03,45,4241.42,848.28,Payée
FAC-2026-3191,MISS-11473,CLI-163,AG-10,2025-06-21,2025-08-05,30,3622.48,724.5,Payée
FAC-2026-3192,MISS-11562,CLI-130,AG-13,2025-08-20,2025-10-04,45,1548.1,309.62,Payée
FAC-2026-3193,MISS-13213,CLI-114,AG-22,2025-11-20,2026-01-04,60,3470.52,694.1,Payée
FAC-2026-3194,MISS-10404,CLI-160,AG-04,2026-05-21,2026-07-05,30,30005.9,6001.18,En cours
FAC-2026-3195,MISS-11299,CLI-114,AG-17,2025-03-20,2025-05-04,45,14361.06,2872.21,En cours
FAC-2026-3196,MISS-11544,CLI-170,AG-02,2025-05-25,2025-07-09,30,7474.78,1494.96,Payée
FAC-2026-3197,MISS-12835,CLI-133,AG-01,2024-10-18,2024-12-02,30,26558.65,5311.73,Payée
FAC-2026-3198,MISS-12169,CLI-136,AG-06,2026-05-12,2026-06-26,45,10804.57,2160.91,Payée
FAC-2026-3199,MISS-10336,CLI-102,AG-18,2026-07-08,2026-08-22,45,5391.94,1078.39,Payée
FAC-2026-3200,MISS-12792,CLI-150,AG-17,2026-04-28,2026-06-12,120,8376.07,1675.21,Payée
FAC-2026-3201,MISS-12597,CLI-128,AG-10,2025-10-31,2025-12-15,30,19482.06,3896.41,Payée
FAC-2026-3202,MISS-10373,CLI-178,AG-04,2024-03-13,2024-04-27,30,15456.54,3091.31,En cours
FAC-2026-3203,MISS-12600,CLI-179,AG-10,2026-04-27,2026-06-11,60,27118.84,5423.77,En retard (Litige)
FAC-2026-3204,MISS-10858,CLI-176,AG-02,2024-02-11,2024-03-27,30,3155.88,631.18,Payée
FAC-2026-3205,MISS-10999,CLI-160,AG-14,2025-07-12,2025-08-26,60,24971.36,4994.27,Payée
FAC-2026-3206,MISS-10354,CLI-112,AG-22,2026-07-28,2026-09-11,60,5274.78,1054.96,Payée
FAC-2026-3207,MISS-11515,CLI-124,AG-22,2024-08-07,2024-09-21,45,26693.1,5338.62,Payée
FAC-2026-3208,MISS-11990,CLI-174,AG-09,2025-08-19,2025-10-03,30,1967.27,393.45,Payée
FAC-2026-3209,MISS-11300,CLI-106,AG-18,2025-10-31,2025-12-15,30,27387.4,5477.48,Payée
FAC-2026-3210,MISS-11786,CLI-141,AG-08,2024-09-10,2024-10-25,30,3735.12,747.02,Payée
FAC-2026-3211,MISS-11294,CLI-176,AG-09,2024-07-21,2024-09-04,45,5354.36,1070.87,Payée
FAC-2026-3212,MISS-11339,CLI-143,AG-01,2025-03-05,2025-04-19,30,20719.12,4143.82,Payée
FAC-2026-3213,MISS-12013,CLI-162,AG-09,2025-03-20,2025-05-04,45,45082.25,9016.45,Payée
FAC-2026-3214,MISS-11603,CLI-166,AG-14,2025-07-20,2025-09-03,60,8811.44,1762.29,Payée
FAC-2026-3215,MISS-11354,CLI-128,AG-05,2026-07-30,2026-09-13,30,19687.67,3937.53,En cours
FAC-2026-3216,MISS-12120,CLI-154,AG-10,2025-09-01,2025-10-16,45,25358.22,5071.64,Payée
FAC-2026-3217,MISS-12079,CLI-131,AG-03,2026-05-21,2026-07-05,30,41275.26,8255.05,Payée
FAC-2026-3218,MISS-10269,CLI-141,AG-02,2026-05-11,2026-06-25,30,62131.66,12426.33,Payée
FAC-2026-3219,MISS-10089,CLI-148,AG-16,2026-07-17,2026-08-31,60,1228.54,245.71,Payée
FAC-2026-3220,MISS-10676,CLI-117,AG-14,2026-04-18,2026-06-02,60,12640.04,2528.01,Payée
FAC-2026-3221,MISS-12440,CLI-163,AG-21,2024-02-29,2024-04-14,30,4900.86,980.17,Payée
FAC-2026-3222,MISS-12357,CLI-129,AG-18,2026-02-21,2026-04-07,45,9224.57,1844.91,Payée
FAC-2026-3223,MISS-11214,CLI-142,AG-22,2025-11-03,2025-12-18,120,8071.92,1614.38,Payée
FAC-2026-3224,MISS-12127,CLI-102,AG-10,2024-12-14,2025-01-28,30,6376.46,1275.29,Payée
FAC-2026-3225,MISS-11221,CLI-160,AG-21,2025-06-13,2025-07-28,30,2193.22,438.64,Payée
FAC-2026-3226,MISS-10064,CLI-137,AG-06,2025-10-03,2025-11-17,30,13501.44,2700.29,Payée
FAC-2026-3227,MISS-11663,CLI-171,AG-07,2026-04-24,2026-06-08,45,2693.66,538.73,Payée
FAC-2026-3228,MISS-11782,CLI-176,AG-19,2025-09-11,2025-10-26,30,6908.87,1381.77,Payée
FAC-2026-3229,MISS-11550,CLI-103,AG-10,2024-02-16,2024-04-01,30,14863.52,2972.7,Payée
FAC-2026-3230,MISS-13109,CLI-105,AG-18,2024-03-31,2024-05-15,30,4368.56,873.71,En cours
FAC-2026-3231,MISS-10473,CLI-151,AG-17,2025-03-27,2025-05-11,45,44543.79,8908.76,Payée
FAC-2026-3232,MISS-12215,CLI-143,AG-21,2026-02-16,2026-04-02,30,4451.82,890.36,Payée
FAC-2026-3233,MISS-11871,CLI-103,AG-15,2026-05-12,2026-06-26,30,5177.64,1035.53,Payée
FAC-2026-3234,MISS-12058,CLI-153,AG-21,2024-07-15,2024-08-29,30,8975.18,1795.04,Payée
FAC-2026-3235,MISS-12138,CLI-165,AG-13,2025-10-23,2025-12-07,45,1729.78,345.96,Payée
FAC-2026-3236,MISS-12614,CLI-117,AG-22,2024-10-27,2024-12-11,30,32806.25,6561.25,En cours
FAC-2026-3237,MISS-12824,CLI-177,AG-11,2026-07-20,2026-09-03,90,8243.62,1648.72,En cours
FAC-2026-3238,MISS-11904,CLI-137,AG-05,2025-06-19,2025-08-03,30,26877.04,5375.41,En retard (Litige)
FAC-2026-3239,MISS-12398,CLI-123,AG-15,2025-06-22,2025-08-06,45,8764.81,1752.96,Payée
FAC-2026-3240,MISS-13266,CLI-121,AG-12,2025-12-23,2026-02-06,60,3129.08,625.82,En cours
FAC-2026-3241,MISS-11063,CLI-117,AG-09,2026-02-07,2026-03-24,30,8007.73,1601.55,En retard (Litige)
FAC-2026-3242,MISS-11187,CLI-118,AG-08,2024-05-14,2024-06-28,60,2510.14,502.03,En cours
FAC-2026-3243,MISS-10827,CLI-131,AG-05,2026-06-17,2026-08-01,30,6359.42,1271.89,Payée
FAC-2026-3244,MISS-12643,CLI-145,AG-11,2025-11-08,2025-12-23,30,3343.62,668.72,En cours
FAC-2026-3245,MISS-12299,CLI-167,AG-18,2024-09-24,2024-11-08,45,18345.23,3669.05,Payée
FAC-2026-3246,MISS-11944,CLI-178,AG-12,2024-03-10,2024-04-24,30,41126.95,8225.39,En cours
FAC-2026-3247,MISS-10517,CLI-141,AG-12,2025-10-29,2025-12-13,45,64691.12,12938.22,En cours
FAC-2026-3248,MISS-13112,CLI-176,AG-19,2024-07-30,2024-09-13,45,10114.1,2022.82,Payée
FAC-2026-3249,MISS-13444,CLI-136,AG-19,2025-03-27,2025-05-11,60,88005.7,17601.14,Payée
FAC-2026-3250,MISS-10912,CLI-117,AG-20,2026-04-14,2026-05-29,45,8135.28,1627.06,Payée
FAC-2026-3251,MISS-10912,CLI-117,AG-20,2026-04-14,2026-05-29,60,8135.28,1627.06,Payée
FAC-2026-3252,MISS-12252,CLI-124,AG-09,2024-09-19,2024-11-03,30,30946.85,6189.37,Payée
FAC-2026-3253,MISS-10629,CLI-108,AG-05,2024-03-22,2024-05-06,45,9714.25,1942.85,Payée
FAC-2026-3254,MISS-11950,CLI-164,AG-07,2025-05-25,2025-07-09,30,1753.9,350.78,Payée
FAC-2026-3255,MISS-13154,CLI-176,AG-21,2024-07-28,2024-09-11,45,2492.91,498.58,Payée
FAC-2026-3256,MISS-11328,CLI-166,AG-14,2024-09-10,2024-10-25,45,26623.72,5324.74,Payée
FAC-2026-3257,MISS-12620,CLI-137,AG-01,2026-04-15,2026-05-30,45,4591.07,918.21,Payée
FAC-2026-3258,MISS-11828,CLI-177,AG-12,2026-06-20,2026-08-04,45,27588.1,5517.62,Payée
FAC-2026-3259,MISS-10827,CLI-131,AG-05,2026-06-17,2026-08-01,30,6359.42,1271.89,En cours
FAC-2026-3260,MISS-13248,CLI-157,AG-14,2025-11-14,2025-12-29,45,31218.1,6243.62,Payée
FAC-2026-3261,MISS-11462,CLI-117,AG-07,2025-12-17,2026-01-31,30,9210.5,1842.1,Payée
FAC-2026-3262,MISS-12976,CLI-146,AG-09,2024-02-04,2024-03-20,30,34612.25,6922.45,En cours
FAC-2026-3263,MISS-12395,CLI-100,AG-18,2025-06-14,2025-07-29,30,18648.18,3729.64,Payée
FAC-2026-3264,MISS-11739,CLI-151,AG-01,2025-04-09,2025-05-24,30,15924.58,3184.92,Payée
FAC-2026-3265,MISS-12881,CLI-109,AG-13,2025-02-05,2025-03-22,45,4496.44,899.29,Payée
FAC-2026-3266,MISS-10659,CLI-169,AG-20,2026-04-30,2026-06-14,30,4972.32,994.46,Payée
FAC-2026-3267,MISS-11289,CLI-114,AG-19,2026-05-19,2026-07-03,30,7761.31,1552.26,Payée
FAC-2026-3268,MISS-11435,CLI-154,AG-01,2024-03-09,2024-04-23,45,25629.76,5125.95,Payée
FAC-2026-3269,MISS-13105,CLI-120,AG-13,2024-05-27,2024-07-11,30,8046.11,1609.22,Payée
FAC-2026-3270,MISS-11074,CLI-171,AG-10,2025-06-08,2025-07-23,90,8557.86,1711.57,Payée
FAC-2026-3271,MISS-12957,CLI-109,AG-12,2026-04-12,2026-05-27,45,4196.3,839.26,Payée
FAC-2026-3272,MISS-11965,CLI-103,AG-17,2025-02-10,2025-03-27,45,12351.29,2470.26,Payée
FAC-2026-3273,MISS-11762,CLI-107,AG-07,2025-03-17,2025-05-01,30,15715.42,3143.08,Payée
FAC-2026-3274,MISS-12981,CLI-126,AG-08,2026-01-09,2026-02-23,90,29287.86,5857.57,Payée
FAC-2026-3275,MISS-12742,CLI-125,AG-08,2026-01-04,2026-02-18,30,27480.09,5496.02,En cours
FAC-2026-3276,MISS-10378,CLI-160,AG-18,2024-09-21,2024-11-05,30,15246.12,3049.22,Payée
FAC-2026-3277,MISS-12580,CLI-146,AG-15,2024-05-09,2024-06-23,45,26148.36,5229.67,Payée
FAC-2026-3278,MISS-11923,CLI-166,AG-13,2025-09-24,2025-11-08,45,2639.61,527.92,Payée
FAC-2026-3279,MISS-12846,CLI-157,AG-05,2024-10-16,2024-11-30,90,24106.79,4821.36,En cours
FAC-2026-3280,MISS-10641,CLI-156,AG-21,2024-05-17,2024-07-01,30,2194.25,438.85,Payée
FAC-2026-3281,MISS-11478,CLI-179,AG-01,2026-01-05,2026-02-19,30,2683.12,536.62,Payée
FAC-2026-3282,MISS-10579,CLI-177,AG-12,2024-12-05,2025-01-19,30,19674.92,3934.98,Payée
FAC-2026-3283,MISS-12930,CLI-126,AG-22,2024-10-11,2024-11-25,90,1561.36,312.27,En cours
FAC-2026-3284,MISS-12098,CLI-111,AG-07,2024-12-22,2025-02-05,90,8180.46,1636.09,Payée
FAC-2026-3285,MISS-10300,CLI-108,AG-14,2024-05-16,2024-06-30,45,1632.88,326.58,Payée
FAC-2026-3286,MISS-10812,CLI-127,AG-10,2025-08-13,2025-09-27,45,9477.25,1895.45,Payée
FAC-2026-3287,MISS-12201,CLI-132,AG-21,2024-08-31,2024-10-15,60,34915.92,6983.18,Payée
FAC-2026-3288,MISS-11218,CLI-165,AG-04,2024-05-08,2024-06-22,30,15744.24,3148.85,Payée
FAC-2026-3289,MISS-11406,CLI-128,AG-11,2024-09-11,2024-10-26,45,23128.95,4625.79,Payée
FAC-2026-3290,MISS-11426,CLI-141,AG-19,2025-02-02,2025-03-19,45,4393.75,878.75,Payée
FAC-2026-3291,MISS-11891,CLI-152,AG-01,2025-12-04,2026-01-18,30,1591.2,318.24,Payée
FAC-2026-3292,MISS-11597,CLI-120,AG-14,2025-04-20,2025-06-04,45,12770.5,2554.1,Payée
FAC-2026-3293,MISS-11095,CLI-102,AG-08,2026-09-04,2026-10-19,60,3068.42,613.68,Payée
FAC-2026-3294,MISS-12168,CLI-124,AG-14,2025-11-26,2026-01-10,30,22474.56,4494.91,Payée
FAC-2026-3295,MISS-13237,CLI-124,AG-11,2024-08-09,2024-09-23,30,22912.8,4582.56,Payée
FAC-2026-3296,MISS-13334,CLI-110,AG-04,2026-07-07,2026-08-21,60,4031.86,806.37,En retard (Litige)
FAC-2026-3297,MISS-12459,CLI-166,AG-19,2024-11-08,2024-12-23,30,3669.2,733.84,En cours
FAC-2026-3298,MISS-13327,CLI-168,AG-14,2026-03-19,2026-05-03,30,8408.23,1681.65,En retard (Litige)
FAC-2026-3299,MISS-12131,CLI-136,AG-04,2025-05-04,2025-06-18,60,4488.87,897.77,Payée
FAC-2026-3300,MISS-12339,CLI-172,AG-16,2026-02-25,2026-04-11,60,24926.45,4985.29,En cours
FAC-2026-3301,MISS-12131,CLI-136,AG-04,2025-05-04,2025-06-18,30,4488.87,897.77,Payée
FAC-2026-3302,MISS-10349,CLI-155,AG-20,2025-05-17,2025-07-01,45,42762.74,8552.55,Payée
FAC-2026-3303,MISS-10215,CLI-172,AG-02,2025-10-30,2025-12-14,30,6238.32,1247.66,Payée
FAC-2026-3304,MISS-12835,CLI-133,AG-01,2024-10-18,2024-12-02,45,26558.65,5311.73,En cours
FAC-2026-3305,MISS-11827,CLI-109,AG-02,2026-07-12,2026-08-26,45,4536.97,907.39,Payée
FAC-2026-3306,MISS-13131,CLI-144,AG-03,2025-05-09,2025-06-23,30,16427.8,3285.56,Payée
FAC-2026-3307,MISS-11835,CLI-127,AG-19,2024-07-30,2024-09-13,30,13718.1,2743.62,Payée
FAC-2026-3308,MISS-12247,CLI-129,AG-07,2026-06-07,2026-07-22,60,4337.58,867.52,En cours
FAC-2026-3309,MISS-12532,CLI-113,AG-10,2024-04-09,2024-05-24,30,23554.6,4710.92,Payée
FAC-2026-3310,MISS-11713,CLI-156,AG-07,2024-08-22,2024-10-06,90,56639.94,11327.99,Payée
FAC-2026-3311,MISS-13498,CLI-170,AG-21,2025-04-30,2025-06-14,45,1501.4,300.28,Payée
FAC-2026-3312,MISS-10968,CLI-146,AG-03,2024-04-22,2024-06-06,45,1870.6,374.12,Payée
FAC-2026-3313,MISS-11369,CLI-129,AG-04,2024-11-07,2024-12-22,90,32042.8,6408.56,Payée
FAC-2026-3314,MISS-10313,CLI-111,AG-05,2025-10-22,2025-12-06,45,48987.2,9797.44,Payée
FAC-2026-3315,MISS-13400,CLI-127,AG-07,2025-12-26,2026-02-09,30,29324.24,5864.85,Payée
FAC-2026-3316,MISS-12796,CLI-175,AG-18,2026-08-16,2026-09-30,30,3223.2,644.64,Payée
FAC-2026-3317,MISS-10488,CLI-143,AG-19,2024-03-16,2024-04-30,30,8105.87,1621.17,Payée
FAC-2026-3318,MISS-12676,CLI-131,AG-17,2025-08-24,2025-10-08,30,63761.41,12752.28,En cours
FAC-2026-3319,MISS-11892,CLI-118,AG-10,2026-02-20,2026-04-06,45,1295.87,259.17,En cours
FAC-2026-3320,MISS-11972,CLI-129,AG-10,2024-02-08,2024-03-24,30,6875.4,1375.08,Payée
FAC-2026-3321,MISS-11977,CLI-163,AG-16,2026-01-09,2026-02-23,45,8891.88,1778.38,Payée
FAC-2026-3322,MISS-10592,CLI-101,AG-19,2024-03-03,2024-04-17,30,20855.63,4171.13,Payée
FAC-2026-3323,MISS-12968,CLI-139,AG-17,2024-08-02,2024-09-16,30,1360.78,272.16,En retard (Litige)
FAC-2026-3324,MISS-12301,CLI-174,AG-06,2024-07-29,2024-09-12,60,8844.17,1768.83,Payée
FAC-2026-3325,MISS-12942,CLI-104,AG-12,2025-08-20,2025-10-04,120,1558.2,311.64,Payée
FAC-2026-3326,MISS-13401,CLI-126,AG-16,2025-07-28,2025-09-11,45,12756.5,2551.3,Payée
FAC-2026-3327,MISS-11286,CLI-137,AG-08,2024-08-18,2024-10-02,90,4781.02,956.2,Payée
FAC-2026-3328,MISS-11983,CLI-143,AG-16,2025-10-15,2025-11-29,30,6042.8,1208.56,Payée
FAC-2026-3329,MISS-10408,CLI-149,AG-21,2026-09-01,2026-10-16,30,22065.2,4413.04,Payée
FAC-2026-3330,MISS-13420,CLI-177,AG-20,2024-02-10,2024-03-26,60,58836.24,11767.25,Payée
FAC-2026-3331,MISS-11220,CLI-158,AG-05,2024-03-28,2024-05-12,30,1084.04,216.81,En cours
FAC-2026-3332,MISS-12270,CLI-109,AG-09,2024-12-10,2025-01-24,30,33043.14,6608.63,Payée
FAC-2026-3333,MISS-12525,CLI-112,AG-18,2025-05-21,2025-07-05,30,8252.49,1650.5,Payée
FAC-2026-3334,MISS-10918,CLI-140,AG-02,2025-05-29,2025-07-13,30,63036.42,12607.28,Payée
FAC-2026-3335,MISS-12728,CLI-168,AG-12,2025-07-25,2025-09-08,30,60454.86,12090.97,Payée
FAC-2026-3336,MISS-10465,CLI-135,AG-18,2025-02-20,2025-04-06,60,9972.38,1994.48,Payée
FAC-2026-3337,MISS-10285,CLI-105,AG-03,2026-02-28,2026-04-14,45,2659.3,531.86,Payée
FAC-2026-3338,MISS-11528,CLI-175,AG-19,2025-02-04,2025-03-21,60,12741.14,2548.23,Payée
FAC-2026-3339,MISS-13321,CLI-166,AG-21,2026-06-23,2026-08-07,30,72671.74,14534.35,Payée
FAC-2026-3340,MISS-11403,CLI-143,AG-03,2025-11-05,2025-12-20,45,41628.14,8325.63,Payée
FAC-2026-3341,MISS-12623,CLI-132,AG-21,2025-07-16,2025-08-30,30,18566.43,3713.29,Payée
FAC-2026-3342,MISS-11585,CLI-166,AG-20,2025-01-27,2025-03-13,90,4439.87,887.97,Payée
FAC-2026-3343,MISS-13238,CLI-125,AG-06,2025-10-02,2025-11-16,45,2552.91,510.58,Payée
FAC-2026-3344,MISS-10344,CLI-163,AG-17,2024-08-16,2024-09-30,30,3376.22,675.24,Payée
FAC-2026-3345,MISS-12695,CLI-121,AG-12,2026-07-05,2026-08-19,30,7257.54,1451.51,Payée
FAC-2026-3346,MISS-12103,CLI-163,AG-02,2025-04-20,2025-06-04,30,9910.85,1982.17,Payée
FAC-2026-3347,MISS-11025,CLI-156,AG-19,2024-03-22,2024-05-06,30,78416.8,15683.36,Payée
FAC-2026-3348,MISS-12613,CLI-172,AG-18,2024-04-06,2024-05-21,45,21492.51,4298.5,Payée
FAC-2026-3349,MISS-10914,CLI-121,AG-14,2026-08-02,2026-09-16,45,7766.06,1553.21,Payée
FAC-2026-3350,MISS-11506,CLI-155,AG-21,2024-11-15,2024-12-30,45,34598.67,6919.73,Payée
FAC-2026-3351,MISS-12138,CLI-165,AG-13,2025-10-23,2025-12-07,30,1729.78,345.96,En retard (Litige)
FAC-2026-3352,MISS-10460,CLI-172,AG-13,2026-02-04,2026-03-21,30,37130.82,7426.16,Payée
FAC-2026-3353,MISS-13314,CLI-147,AG-18,2025-07-03,2025-08-17,30,6110.59,1222.12,En cours
FAC-2026-3354,MISS-10112,CLI-146,AG-22,2025-03-13,2025-04-27,60,19654.08,3930.82,En retard (Litige)
FAC-2026-3355,MISS-11241,CLI-170,AG-09,2024-04-05,2024-05-20,30,75041.74,15008.35,Payée
FAC-2026-3356,MISS-11407,CLI-146,AG-10,2024-07-13,2024-08-27,30,14767.86,2953.57,En cours
FAC-2026-3357,MISS-11091,CLI-154,AG-03,2026-07-10,2026-08-24,45,6600.14,1320.03,Payée
FAC-2026-3358,MISS-12432,CLI-167,AG-15,2025-01-08,2025-02-22,45,4375.9,875.18,Payée
FAC-2026-3359,MISS-12462,CLI-118,AG-19,2025-03-02,2025-04-16,30,25922.12,5184.42,Payée
FAC-2026-3360,MISS-13475,CLI-131,AG-16,2026-01-27,2026-03-13,30,23703.6,4740.72,Payée
FAC-2026-3361,MISS-12504,CLI-160,AG-12,2025-04-17,2025-06-01,45,3931.14,786.23,Payée
FAC-2026-3362,MISS-11802,CLI-170,AG-09,2025-02-04,2025-03-21,30,5564.76,1112.95,Payée
FAC-2026-3363,MISS-11559,CLI-167,AG-11,2025-07-29,2025-09-12,30,39425.0,7885.0,Payée
FAC-2026-3364,MISS-13420,CLI-177,AG-20,2024-02-10,2024-03-26,30,58836.24,11767.25,En retard (Litige)
FAC-2026-3365,MISS-12692,CLI-118,AG-20,2026-04-30,2026-06-14,45,3208.16,641.63,Payée
FAC-2026-3366,MISS-10631,CLI-111,AG-04,2024-12-31,2025-02-14,45,86153.11,17230.62,Payée
FAC-2026-3367,MISS-12873,CLI-104,AG-14,2025-03-07,2025-04-21,45,4524.28,904.86,Payée
FAC-2026-3368,MISS-13343,CLI-117,AG-07,2025-07-10,2025-08-24,30,3274.4,654.88,Payée
FAC-2026-3369,MISS-13267,CLI-176,AG-14,2024-04-03,2024-05-18,30,14140.41,2828.08,En cours
FAC-2026-3370,MISS-10067,CLI-160,AG-10,2025-04-29,2025-06-13,30,35245.83,7049.17,Payée
FAC-2026-3371,MISS-10923,CLI-158,AG-06,2025-10-29,2025-12-13,30,27176.94,5435.39,Payée
FAC-2026-3372,MISS-10649,CLI-147,AG-03,2026-03-30,2026-05-14,30,22772.62,4554.52,Payée
FAC-2026-3373,MISS-12357,CLI-129,AG-18,2026-02-21,2026-04-07,120,9224.57,1844.91,Payée
FAC-2026-3374,MISS-13355,CLI-112,AG-21,2026-01-07,2026-02-21,45,23936.3,4787.26,Payée
FAC-2026-3375,MISS-10530,CLI-121,AG-11,2024-12-28,2025-02-11,30,35560.18,7112.04,Payée
FAC-2026-3376,MISS-11068,CLI-178,AG-01,2026-03-15,2026-04-29,60,1090.61,218.12,Payée
FAC-2026-3377,MISS-13407,CLI-172,AG-10,2024-05-10,2024-06-24,45,1467.68,293.54,Payée
FAC-2026-3378,MISS-13387,CLI-125,AG-04,2024-03-14,2024-04-28,60,52752.76,10550.55,En cours
FAC-2026-3379,MISS-11215,CLI-109,AG-22,2026-01-28,2026-03-14,90,5396.36,1079.27,Payée
FAC-2026-3380,MISS-10740,CLI-105,AG-13,2025-09-10,2025-10-25,30,39034.15,7806.83,Payée
FAC-2026-3381,MISS-12434,CLI-150,AG-08,2025-12-28,2026-02-11,60,18477.21,3695.44,Payée
FAC-2026-3382,MISS-11794,CLI-109,AG-10,2025-01-24,2025-03-10,30,26109.44,5221.89,Payée
FAC-2026-3383,MISS-11432,CLI-175,AG-21,2026-07-10,2026-08-24,45,33552.24,6710.45,En cours
FAC-2026-3384,MISS-10420,CLI-106,AG-08,2025-10-29,2025-12-13,45,4527.79,905.56,En cours
FAC-2026-3385,MISS-11678,CLI-140,AG-14,2025-05-15,2025-06-29,60,1102.46,220.49,Payée
FAC-2026-3386,MISS-10843,CLI-104,AG-12,2025-10-05,2025-11-19,90,5742.92,1148.58,Payée
FAC-2026-3387,MISS-11074,CLI-171,AG-10,2025-06-08,2025-07-23,30,8557.86,1711.57,Payée
FAC-2026-3388,MISS-11850,CLI-136,AG-12,2026-07-03,2026-08-17,45,22928.25,4585.65,En cours
FAC-2026-3389,MISS-11146,CLI-107,AG-10,2025-01-26,2025-03-12,30,19449.5,3889.9,En cours
FAC-2026-3390,MISS-10878,CLI-126,AG-15,2024-08-17,2024-10-01,45,5265.82,1053.16,Payée
FAC-2026-3391,MISS-12385,CLI-120,AG-10,2025-10-25,2025-12-09,45,17839.38,3567.88,Payée
FAC-2026-3392,MISS-13065,CLI-133,AG-08,2025-06-13,2025-07-28,45,21151.93,4230.39,Payée
FAC-2026-3393,MISS-12682,CLI-139,AG-07,2026-07-22,2026-09-05,45,21544.41,4308.88,Payée
FAC-2026-3394,MISS-12959,CLI-140,AG-14,2026-06-13,2026-07-28,30,3565.53,713.11,Payée
FAC-2026-3395,MISS-11715,CLI-121,AG-20,2025-03-06,2025-04-20,30,6695.34,1339.07,En cours
FAC-2026-3396,MISS-10999,CLI-160,AG-14,2025-07-12,2025-08-26,90,24971.36,4994.27,Payée
FAC-2026-3397,MISS-13334,CLI-110,AG-04,2026-07-07,2026-08-21,30,4031.86,806.37,Payée
FAC-2026-3398,MISS-11810,CLI-113,AG-03,2026-08-01,2026-09-15,45,19348.44,3869.69,Payée
FAC-2026-3399,MISS-11598,CLI-107,AG-09,2025-09-07,2025-10-22,30,78743.32,15748.66,Payée
FAC-2026-3400,MISS-12925,CLI-153,AG-06,2024-11-05,2024-12-20,45,3657.64,731.53,Payée
FAC-2026-3401,MISS-12448,CLI-158,AG-01,2026-01-26,2026-03-12,30,28913.24,5782.65,Payée
FAC-2026-3402,MISS-11287,CLI-134,AG-14,2024-07-29,2024-09-12,45,8722.96,1744.59,Payée
FAC-2026-3403,MISS-10226,CLI-120,AG-13,2026-02-09,2026-03-26,30,1698.89,339.78,En retard (Litige)
FAC-2026-3404,MISS-13279,CLI-166,AG-02,2024-10-22,2024-12-06,60,2794.39,558.88,Payée
FAC-2026-3405,MISS-10843,CLI-104,AG-12,2025-10-05,2025-11-19,60,5742.92,1148.58,Payée
FAC-2026-3406,MISS-13228,CLI-153,AG-04,2025-01-10,2025-02-24,30,16456.8,3291.36,Payée
FAC-2026-3407,MISS-11532,CLI-158,AG-14,2025-07-24,2025-09-07,45,3878.15,775.63,Payée
FAC-2026-3408,MISS-12404,CLI-156,AG-06,2024-08-25,2024-10-09,60,22581.7,4516.34,En cours
FAC-2026-3409,MISS-10782,CLI-142,AG-17,2026-03-31,2026-05-15,45,8113.48,1622.7,Payée
FAC-2026-3410,MISS-13428,CLI-152,AG-17,2024-02-02,2024-03-18,90,27769.6,5553.92,En cours
FAC-2026-3411,MISS-12422,CLI-103,AG-05,2025-12-17,2026-01-31,30,3609.84,721.97,Payée
FAC-2026-3412,MISS-10361,CLI-122,AG-13,2025-06-15,2025-07-30,45,4930.46,986.09,Payée
FAC-2026-3413,MISS-11234,CLI-167,AG-14,2026-03-30,2026-05-14,30,31189.56,6237.91,Payée
FAC-2026-3414,MISS-10176,CLI-131,AG-04,2025-12-31,2026-02-14,30,25847.96,5169.59,Payée
FAC-2026-3415,MISS-13484,CLI-125,AG-13,2025-04-17,2025-06-01,30,70007.06,14001.41,En cours
FAC-2026-3416,MISS-12350,CLI-131,AG-01,2026-01-31,2026-03-17,60,22011.58,4402.32,Payée
FAC-2026-3417,MISS-13438,CLI-166,AG-02,2026-01-22,2026-03-08,45,9190.15,1838.03,Payée
FAC-2026-3418,MISS-11885,CLI-132,AG-11,2025-10-03,2025-11-17,30,1620.2,324.04,Payée
FAC-2026-3419,MISS-11497,CLI-135,AG-06,2024-08-26,2024-10-10,60,8316.8,1663.36,En cours
FAC-2026-3420,MISS-11981,CLI-175,AG-18,2025-11-01,2025-12-16,45,4725.73,945.15,Payée
FAC-2026-3421,MISS-12591,CLI-134,AG-19,2024-06-07,2024-07-22,45,27100.64,5420.13,Payée
FAC-2026-3422,MISS-13143,CLI-124,AG-09,2025-10-22,2025-12-06,30,7450.5,1490.1,En retard (Litige)
FAC-2026-3423,MISS-12831,CLI-138,AG-02,2025-03-19,2025-05-03,30,2680.23,536.05,En retard (Litige)
FAC-2026-3424,MISS-12981,CLI-126,AG-08,2026-01-09,2026-02-23,45,29287.86,5857.57,Payée
FAC-2026-3425,MISS-11219,CLI-158,AG-06,2026-02-17,2026-04-03,45,30517.19,6103.44,Payée
FAC-2026-3426,MISS-11051,CLI-107,AG-02,2024-03-28,2024-05-12,30,29825.37,5965.07,Payée
FAC-2026-3427,MISS-10896,CLI-131,AG-07,2024-11-12,2024-12-27,45,8508.9,1701.78,Payée
FAC-2026-3428,MISS-10094,CLI-164,AG-01,2025-01-20,2025-03-06,45,2354.0,470.8,Payée
FAC-2026-3429,MISS-13343,CLI-117,AG-07,2025-07-10,2025-08-24,30,3274.4,654.88,Payée
FAC-2026-3430,MISS-10135,CLI-166,AG-19,2024-05-01,2024-06-15,45,30056.56,6011.31,Payée
FAC-2026-3431,MISS-10080,CLI-178,AG-10,2025-04-10,2025-05-25,30,9315.36,1863.07,Payée
FAC-2026-3432,MISS-11233,CLI-114,AG-05,2025-01-27,2025-03-13,90,17322.5,3464.5,En retard (Litige)
FAC-2026-3433,MISS-10706,CLI-157,AG-22,2025-12-09,2026-01-23,30,6017.26,1203.45,Payée
FAC-2026-3434,MISS-10594,CLI-146,AG-04,2024-02-06,2024-03-22,60,24016.3,4803.26,En retard (Litige)
FAC-2026-3435,MISS-11519,CLI-121,AG-09,2024-04-28,2024-06-12,45,3510.8,702.16,Payée
FAC-2026-3436,MISS-10160,CLI-179,AG-09,2026-04-16,2026-05-31,30,1099.85,219.97,Payée
FAC-2026-3437,MISS-11141,CLI-109,AG-22,2026-06-07,2026-07-22,90,8343.17,1668.63,Payée
FAC-2026-3438,MISS-10793,CLI-129,AG-20,2026-07-23,2026-09-06,45,20456.38,4091.28,Payée
FAC-2026-3439,MISS-12219,CLI-138,AG-06,2024-02-14,2024-03-30,30,2833.32,566.66,Payée
FAC-2026-3440,MISS-12892,CLI-145,AG-12,2025-06-23,2025-08-07,45,37785.2,7557.04,Payée
FAC-2026-3441,MISS-12949,CLI-152,AG-21,2026-03-07,2026-04-21,45,1529.52,305.9,Payée
FAC-2026-3442,MISS-12458,CLI-141,AG-17,2026-07-26,2026-09-09,60,74810.66,14962.13,En retard (Litige)
FAC-2026-3443,MISS-12762,CLI-165,AG-07,2025-11-09,2025-12-24,45,6467.8,1293.56,En retard (Litige)
FAC-2026-3444,MISS-11029,CLI-101,AG-03,2025-05-06,2025-06-20,60,36429.47,7285.89,Payée
FAC-2026-3445,MISS-12657,CLI-166,AG-08,2024-08-23,2024-10-07,90,4880.02,976.0,Payée
FAC-2026-3446,MISS-10355,CLI-167,AG-15,2024-08-11,2024-09-25,30,22714.3,4542.86,Payée
FAC-2026-3447,MISS-12815,CLI-173,AG-19,2024-04-08,2024-05-23,30,16508.84,3301.77,Payée
FAC-2026-3448,MISS-10448,CLI-175,AG-16,2025-02-27,2025-04-13,45,20143.46,4028.69,Payée
FAC-2026-3449,MISS-11753,CLI-162,AG-19,2026-08-01,2026-09-15,45,2277.23,455.45,Payée
FAC-2026-3450,MISS-12040,CLI-158,AG-08,2025-05-31,2025-07-15,30,2081.26,416.25,Payée
FAC-2026-3451,MISS-12595,CLI-162,AG-18,2025-01-12,2025-02-26,30,5985.87,1197.17,Payée
FAC-2026-3452,MISS-12653,CLI-156,AG-18,2026-08-24,2026-10-08,120,6894.08,1378.82,Payée
FAC-2026-3453,MISS-11728,CLI-172,AG-07,2025-12-12,2026-01-26,60,9536.57,1907.31,En cours
FAC-2026-3454,MISS-11988,CLI-113,AG-16,2025-10-13,2025-11-27,30,18514.41,3702.88,Payée
FAC-2026-3455,MISS-10703,CLI-137,AG-16,2024-09-21,2024-11-05,30,14012.62,2802.52,Payée
FAC-2026-3456,MISS-12229,CLI-130,AG-15,2024-12-08,2025-01-22,60,65596.65,13119.33,Payée
FAC-2026-3457,MISS-12557,CLI-111,AG-02,2025-09-20,2025-11-04,45,66897.77,13379.56,Payée
FAC-2026-3458,MISS-13051,CLI-128,AG-10,2025-07-22,2025-09-05,30,1975.18,395.04,Payée
FAC-2026-3459,MISS-10714,CLI-161,AG-16,2025-08-04,2025-09-18,90,5003.52,1000.7,En cours
FAC-2026-3460,MISS-11798,CLI-105,AG-05,2024-09-30,2024-11-14,30,15704.26,3140.85,Payée
FAC-2026-3461,MISS-10338,CLI-145,AG-06,2024-03-05,2024-04-19,45,21363.88,4272.78,Payée
FAC-2026-3462,MISS-12888,CLI-109,AG-20,2025-05-23,2025-07-07,30,83226.62,16645.32,Payée
FAC-2026-3463,MISS-10040,CLI-115,AG-06,2025-03-17,2025-05-01,120,6452.2,1290.44,En cours
FAC-2026-3464,MISS-12795,CLI-151,AG-18,2024-05-10,2024-06-24,60,2476.24,495.25,Payée
FAC-2026-3465,MISS-12946,CLI-173,AG-13,2026-04-20,2026-06-04,30,2340.55,468.11,Payée
FAC-2026-3466,MISS-12817,CLI-146,AG-15,2025-12-24,2026-02-07,30,1453.66,290.73,En cours
FAC-2026-3467,MISS-11542,CLI-129,AG-17,2025-06-07,2025-07-22,45,2743.2,548.64,Payée
FAC-2026-3468,MISS-10939,CLI-156,AG-14,2025-09-22,2025-11-06,30,1836.24,367.25,Payée
FAC-2026-3469,MISS-10423,CLI-109,AG-19,2026-06-11,2026-07-26,30,1329.75,265.95,En cours
FAC-2026-3470,MISS-10194,CLI-161,AG-07,2025-07-27,2025-09-10,120,4506.6,901.32,En cours
FAC-2026-3471,MISS-11940,CLI-176,AG-13,2026-03-31,2026-05-15,30,3940.12,788.02,Payée
FAC-2026-3472,MISS-13140,CLI-105,AG-04,2026-05-13,2026-06-27,30,16069.28,3213.86,Payée
FAC-2026-3473,MISS-12039,CLI-148,AG-15,2025-04-22,2025-06-06,30,4507.46,901.49,Payée
FAC-2026-3474,MISS-13211,CLI-155,AG-22,2025-10-24,2025-12-08,45,4987.72,997.54,Payée
FAC-2026-3475,MISS-12372,CLI-140,AG-12,2025-09-22,2025-11-06,30,9222.46,1844.49,Payée
FAC-2026-3476,MISS-13047,CLI-122,AG-11,2025-08-21,2025-10-05,45,2183.49,436.7,En retard (Litige)
FAC-2026-3477,MISS-11425,CLI-140,AG-15,2025-09-26,2025-11-10,30,2095.74,419.15,Payée
FAC-2026-3478,MISS-11807,CLI-139,AG-20,2026-04-26,2026-06-10,30,15993.32,3198.67,Payée
FAC-2026-3479,MISS-10917,CLI-121,AG-20,2025-02-18,2025-04-04,30,4358.34,871.67,Payée
FAC-2026-3480,MISS-10923,CLI-158,AG-06,2025-10-29,2025-12-13,45,27176.94,5435.39,Payée
FAC-2026-3481,MISS-10521,CLI-140,AG-20,2025-05-15,2025-06-29,45,22355.25,4471.05,Payée
FAC-2026-3482,MISS-10485,CLI-172,AG-19,2024-06-16,2024-07-31,120,7275.95,1455.19,Payée
FAC-2026-3483,MISS-10056,CLI-130,AG-08,2025-09-28,2025-11-12,45,9424.92,1884.98,Payée
FAC-2026-3484,MISS-12106,CLI-132,AG-09,2025-05-01,2025-06-15,60,2488.9,497.78,Payée
FAC-2026-3485,MISS-11908,CLI-126,AG-21,2025-01-31,2025-03-17,30,82208.62,16441.72,Payée
FAC-2026-3486,MISS-13140,CLI-105,AG-04,2026-05-13,2026-06-27,90,16069.28,3213.86,Payée
FAC-2026-3487,MISS-12868,CLI-119,AG-11,2026-08-20,2026-10-04,30,4684.77,936.96,Payée
FAC-2026-3488,MISS-11565,CLI-145,AG-16,2024-02-25,2024-04-10,30,6158.46,1231.69,Payée
FAC-2026-3489,MISS-13266,CLI-121,AG-12,2025-12-23,2026-02-06,30,3129.08,625.82,Payée
FAC-2026-3490,MISS-13263,CLI-166,AG-13,2024-11-02,2024-12-17,30,14983.58,2996.72,Payée
FAC-2026-3491,MISS-11077,CLI-129,AG-05,2026-08-08,2026-09-22,30,3700.02,740.0,Payée
FAC-2026-3492,MISS-10592,CLI-101,AG-19,2024-03-03,2024-04-17,30,20855.63,4171.13,Payée
FAC-2026-3493,MISS-10654,CLI-151,AG-01,2025-07-26,2025-09-09,30,5030.84,1006.17,Payée
FAC-2026-3494,MISS-13305,CLI-153,AG-17,2025-11-08,2025-12-23,45,8765.78,1753.16,Payée
FAC-2026-3495,MISS-10937,CLI-139,AG-04,2024-07-03,2024-08-17,30,2991.8,598.36,Payée
FAC-2026-3496,MISS-11581,CLI-119,AG-22,2024-10-09,2024-11-23,30,44123.75,8824.75,Payée
FAC-2026-3497,MISS-12276,CLI-100,AG-14,2024-11-16,2024-12-31,30,80107.29,16021.46,Payée
FAC-2026-3498,MISS-11289,CLI-114,AG-19,2026-05-19,2026-07-03,30,7761.31,1552.26,Payée
FAC-2026-3499,MISS-13214,CLI-108,AG-04,2024-04-18,2024-06-02,45,28445.88,5689.18,En cours
